object_id,object_designation,object_fullname,year_range,potential_impact_count,cumulative_impact_probability,palermo_scale_cumulative,palermo_scale_maximum,torino_scale_maximum,absolute_magnitude_h,estimated_diameter_km,velocity_infinity_km_s,last_observation_date,last_observation_jd,data_source
bJ79X00B,1979 XB,(1979 XB),2056-2113,4,8.515158e-07,-2.69,-2.99,0,18.54,0.66,23.7606234552547,1979-12-15,2444222.5,NASA/JPL CNEOS Sentry Data API
bK22K02K,2022 KK2,(2022 KK2),2060-2122,33,0.0001203297828,-5.58,-5.78,0,28.45,0.0069,15.5694051293592,2022-05-23,2459722.5,NASA/JPL CNEOS Sentry Data API
bK00SY4G,2000 SG344,(2000 SG344),2069-2122,300,0.002743395186,-2.77,-3.11,0,24.79,0.037,1.35802744453748,2000-10-03,2451820.5,NASA/JPL CNEOS Sentry Data API
bK12V76S,2012 VS76,(2012 VS76),2081-2120,15,1.9442009e-05,-5.74,-6.05,0,26.95,0.014,11.4626328606267,2012-11-16,2456247.5,NASA/JPL CNEOS Sentry Data API
bK18G00N,2018 GN,(2018 GN),2102-2102,1,3.772e-09,-8.95,-8.95,0,26.19,0.02,20.20,2018-04-09,2458217.5,NASA/JPL CNEOS Sentry Data API
bK11T00O,2011 TO,(2011 TO),2064-2064,1,2.937e-06,-6.16,-6.16,0,26.32,0.018,8.55,2013-01-12,2456304.5,NASA/JPL CNEOS Sentry Data API
bK12BA2A,2012 BA102,(2012 BA102),2103-2122,20,1.22522146e-05,-6.03,-6.27,0,26.51,0.017,7.21203952320587,2012-02-21,2455978.5,NASA/JPL CNEOS Sentry Data API
bK14HJ7N,2014 HN197,(2014 HN197),2069-2118,12,6.5351e-09,-5.51,-5.98,0,19.92,0.35,21.9988508209515,2014-04-27,2456774.5,NASA/JPL CNEOS Sentry Data API
bK05U06L,2005 UL6,(2005 UL6),2068-2119,6,9.90088e-08,-6.70,-6.95,0,24.51,0.042,12.3834503195676,2005-11-22,2453696.5,NASA/JPL CNEOS Sentry Data API
bK09D00V,2009 DV,(2009 DV),2044-2102,2,3.1018e-08,-7.24,-7.37,0,24.86,0.036,22.0982648784577,2009-02-24,2454886.5,NASA/JPL CNEOS Sentry Data API
bK09E01H,2009 EH1,(2009 EH1),2068-2068,1,5.902e-10,-10.56,-10.56,0,27.85,0.0091,10.69,2009-03-05,2454895.5,NASA/JPL CNEOS Sentry Data API
bK21L01Y,2021 LY1,(2021 LY1),2040-2040,1,8.724e-08,-8.02,-8.02,0,28.13,0.008,11.47,2021-06-12,2459377.5,NASA/JPL CNEOS Sentry Data API
bK21N03M,2021 NM3,(2021 NM3),2111-2120,8,5.329099e-06,-6.41,-6.48,0,26.58,0.016,8.21159723247776,2021-07-13,2459408.5,NASA/JPL CNEOS Sentry Data API
bK18X02X,2018 XX2,(2018 XX2),2106-2106,1,8.859e-08,-7.75,-7.75,0,26.02,0.021,11.91,2019-01-11,2458494.5,NASA/JPL CNEOS Sentry Data API
bK19G21P,2019 GP21,(2019 GP21),2039-2122,74,3.96111598e-05,-6.77,-7.32,0,29.75,0.0038,10.8171734948038,2019-04-04,2458577.5,NASA/JPL CNEOS Sentry Data API
bK18W01A,2018 WA1,(2018 WA1),2085-2121,77,6.1740984e-05,-7.08,-7.88,0,30.01,0.0034,3.03482112870115,2018-11-22,2458444.5,NASA/JPL CNEOS Sentry Data API
bK19K04J,2019 KJ4,(2019 KJ4),2059-2122,201,9.80658349999999e-05,-5.38,-6.19,0,27.24,0.012,5.00834214719123,2019-06-08,2458642.5,NASA/JPL CNEOS Sentry Data API
bK05C07M,2005 CM7,(2005 CM7),2090-2120,2,2.652e-09,-9.12,-9.28,0,26.17,0.02,18.3491553544495,2005-02-10,2453411.5,NASA/JPL CNEOS Sentry Data API
bK17Q03F,2017 QF3,(2017 QF3),2043-2121,69,3.09793314e-05,-5.62,-6.06,0,27.83,0.00919,12.7508470140192,2017-08-21,2457986.5,NASA/JPL CNEOS Sentry Data API
bK19N05X,2019 NX5,(2019 NX5),2069-2122,121,7.76027876e-05,-6.46,-6.79,0,29.12,0.0051,1.79631891148714,2019-07-11,2458675.5,NASA/JPL CNEOS Sentry Data API
bK19U02B,2019 UB2,(2019 UB2),2105-2105,1,1.754e-08,-8.40,-8.40,0,25.78,0.024,9.85,2019-11-04,2458791.5,NASA/JPL CNEOS Sentry Data API
bK19V00D,2019 VD,(2019 VD),2087-2121,13,4.283777e-06,-6.74,-7.30,0,27.42,0.011,11.218679877594,2019-11-03,2458790.5,NASA/JPL CNEOS Sentry Data API
bK20O04R,2020 OR4,(2020 OR4),2093-2121,19,8.213274e-06,-5.29,-5.59,0,25.64,0.025,21.3694823063251,2020-07-26,2459056.5,NASA/JPL CNEOS Sentry Data API
bK21R16F,2021 RF16,(2021 RF16),2049-2054,6,0.00024180867,-5.35,-5.46,0,28.96,0.00548,8.44364514473364,2021-09-14,2459471.5,NASA/JPL CNEOS Sentry Data API
bK25X01J,2025 XJ1,(2025 XJ1),2083-2120,8,1.082109e-06,-6.30,-6.39,0,25.69,0.025,15.2958076589327,2025-12-23,2461032.5,NASA/JPL CNEOS Sentry Data API
bK25Y02Q,2025 YQ2,(2025 YQ2),2097-2121,9,1.117862e-05,-7.66,-7.75,0,29.81,0.0037,5.82087311313919,2025-12-22,2461031.5,NASA/JPL CNEOS Sentry Data API
bK25Y11U,2025 YU11,(2025 YU11),2041-2110,9,1.651681e-07,-7.97,-8.21,0,27.76,0.0095,1.11692224467073,2025-12-22,2461031.5,NASA/JPL CNEOS Sentry Data API
bK26B06E,2026 BE6,(2026 BE6),2102-2120,4,8.0214e-07,-8.80,-8.90,0,30.11,0.0032,10.2419904256115,2026-01-16,2461056.5,NASA/JPL CNEOS Sentry Data API
bK26A00B,2026 AB,(2026 AB),2076-2076,1,1.722e-06,-7.13,-7.13,0,27.67,0.0099,9.16,2026-01-12,2461052.5,NASA/JPL CNEOS Sentry Data API
bK25Y03R,2025 YR3,(2025 YR3),2077-2122,41,2.47072384e-05,-7.67,-8.38,0,30.69,0.0025,6.96699961311742,2025-12-23,2461032.5,NASA/JPL CNEOS Sentry Data API
bK25Y01S,2025 YS1,(2025 YS1),2125-2125,1,1.092e-07,-9.33,-9.33,0,29.13,0.005,9.14,2025-12-22,2461031.5,NASA/JPL CNEOS Sentry Data API
bK25V00X,2025 VX,(2025 VX),2074-2123,24,3.22407653e-05,-5.79,-5.84,0,27.07,0.013,6.3171881246876,2025-11-09,2460988.5,NASA/JPL CNEOS Sentry Data API
bK16EF6M,2016 EM156,(2016 EM156),2108-2116,6,5.856515e-05,-6.00,-6.01,0,27.94,0.0087,8.80973847928333,2016-03-17,2457464.5,NASA/JPL CNEOS Sentry Data API
bK13N06H,2013 NH6,(2013 NH6),2060-2060,2,8.608e-08,-5.84,-6.13,0,23.35,0.073,21.7442111988848,2013-07-16,2456489.5,NASA/JPL CNEOS Sentry Data API
bK13U01R,2013 UR1,(2013 UR1),2043-2067,5,9.87439e-07,-6.75,-6.89,0,27.77,0.0094,21.6573149632534,2013-10-30,2456595.5,NASA/JPL CNEOS Sentry Data API
bK14T00L,2014 TL,(2014 TL),2072-2121,13,6.602557e-06,-6.75,-6.94,0,27.82,0.0092,10.7197943069632,2014-10-21,2456951.5,NASA/JPL CNEOS Sentry Data API
bK14U56U,2014 UU56,(2014 UU56),2088-2119,7,9.8328e-08,-8.90,-9.31,0,28.29,0.00742,8.1690067935888,2014-10-28,2456958.5,NASA/JPL CNEOS Sentry Data API
bK15DM4Q,2015 DQ224,(2015 DQ224),2045-2054,15,3.96481939e-05,-6.12,-6.57,0,29.43,0.00441,13.6969246515665,2015-02-19,2457072.5,NASA/JPL CNEOS Sentry Data API
bK13TD2V,2013 TV132,(2013 TV132),2091-2121,11,3.926197e-06,-6.48,-6.93,0,26.54,0.017,9.14938302382687,2013-11-02,2456598.5,NASA/JPL CNEOS Sentry Data API
bK14F32X,2014 FX32,(2014 FX32),2076-2108,2,1.627109e-06,-5.92,-5.92,0,25.07,0.033,9.0496620939347,2014-05-28,2456805.5,NASA/JPL CNEOS Sentry Data API
bK15C13T,2015 CT13,(2015 CT13),2122-2122,1,4.835e-09,-9.19,-9.19,0,25.89,0.022,6.48,2015-03-27,2457108.5,NASA/JPL CNEOS Sentry Data API
bK15Y01V,2015 YV1,(2015 YV1),2084-2108,2,9.689e-09,-7.20,-7.44,0,23.36,0.072,17.6490680152751,2016-01-13,2457400.5,NASA/JPL CNEOS Sentry Data API
bK08L00D,2008 LD,(2008 LD),2054-2122,142,0.000116370403,-6.17,-6.97,0,28.86,0.0057,4.13173498806221,2008-06-10,2454627.5,NASA/JPL CNEOS Sentry Data API
bK08P09K,2008 PK9,(2008 PK9),2049-2065,3,5.6054e-07,-4.74,-4.92,0,23.21,0.0769,26.3529332429443,2008-08-08,2454686.5,NASA/JPL CNEOS Sentry Data API
bK10T00D,2010 TD,(2010 TD),2072-2091,7,2.647394e-06,-6.28,-6.59,0,26.86,0.014,18.8519643090526,2010-10-09,2455478.5,NASA/JPL CNEOS Sentry Data API
bK10G23V,2010 GV23,(2010 GV23),2096-2121,7,7.02105e-06,-6.88,-6.94,0,27.64,0.01,5.45506145092258,2010-04-16,2455302.5,NASA/JPL CNEOS Sentry Data API
bK16GM0W,2016 GW220,(2016 GW220),2076-2076,1,5.907e-10,-9.95,-9.95,0,26.59,0.016,13.32,2016-04-20,2457498.5,NASA/JPL CNEOS Sentry Data API
bK16T02Q,2016 TQ2,(2016 TQ2),2110-2120,18,1.2006974e-05,-5.79,-6.01,0,26.45,0.017,15.2111165977373,2016-10-10,2457671.5,NASA/JPL CNEOS Sentry Data API
bK22U40Q,2022 UQ40,(2022 UQ40),2066-2105,3,4.038e-07,-8.04,-8.11,0,28.26,0.0075,8.4834299157999,2022-11-23,2459906.5,NASA/JPL CNEOS Sentry Data API
bK22U14U,2022 UU14,(2022 UU14),2052-2094,7,1.281284e-06,-5.25,-5.58,0,24.51,0.0421,28.9990519978397,2022-11-02,2459885.5,NASA/JPL CNEOS Sentry Data API
bK22V01E,2022 VE1,(2022 VE1),2068-2118,15,1.2326028e-05,-4.63,-5.11,0,24.39,0.045,17.1459185716599,2022-11-26,2459909.5,NASA/JPL CNEOS Sentry Data API
bK10X00U,2010 XU,(2010 XU),2054-2088,5,4.36428e-08,-7.56,-7.69,0,25.33,0.029,6.21229659875168,2010-12-14,2455544.5,NASA/JPL CNEOS Sentry Data API
bK16V00H,2016 VH,(2016 VH),2115-2115,1,5.633e-10,-10.55,-10.55,0,26.75,0.015,4.79,2016-11-29,2457721.5,NASA/JPL CNEOS Sentry Data API
bK14SQ1R,2014 SR261,(2014 SR261),2058-2117,15,3.0141487e-06,-6.27,-6.48,0,26.81,0.015,15.2486059702363,2014-10-03,2456933.5,NASA/JPL CNEOS Sentry Data API
bK08Y32V,2008 YV32,(2008 YV32),2077-2122,26,6.4383293e-06,-6.09,-6.58,0,26.35,0.018,8.79863224563553,2009-01-09,2454840.5,NASA/JPL CNEOS Sentry Data API
bK22C03B,2022 CB3,(2022 CB3),2083-2120,15,1.482594e-06,-8.44,-9.04,0,30.51,0.0027,16.7982662684457,2022-02-07,2459617.5,NASA/JPL CNEOS Sentry Data API
bK22C03L,2022 CL3,(2022 CL3),2093-2093,1,1.110e-06,-7.68,-7.68,0,28.13,0.008,8.74,2022-02-10,2459620.5,NASA/JPL CNEOS Sentry Data API
bK08U00S,2008 US,(2008 US),2040-2044,2,5.67e-07,-8.63,-8.75,0,31.36,0.0018,18.9124162257496,2008-10-21,2454760.5,NASA/JPL CNEOS Sentry Data API
bK09R00R,2009 RR,(2009 RR),2098-2120,58,9.2927101e-06,-5.49,-6.28,0,25.56,0.026,12.9536691131686,2009-09-15,2455089.5,NASA/JPL CNEOS Sentry Data API
bK11E20U,2011 EU20,(2011 EU20),2088-2088,1,3.661e-09,-9.73,-9.73,0,27.31,0.012,9.13,2011-03-11,2455631.5,NASA/JPL CNEOS Sentry Data API
bK11K36F,2011 KF36,(2011 KF36),2026-2031,4,4.669e-10,-5.43,-5.69,0,20.44,0.275,22.145703576783,2011-06-01,2455713.5,NASA/JPL CNEOS Sentry Data API
bK11SH3M,2011 SM173,(2011 SM173),2058-2120,14,5.6011071e-05,-5.38,-5.42,0,27.80,0.0093,14.2487095542237,2011-09-30,2455834.5,NASA/JPL CNEOS Sentry Data API
bK17E01J,2017 EJ1,(2017 EJ1),2120-2120,1,3.988e-10,-11.05,-11.05,0,27.71,0.0097,9.50,2017-03-09,2457821.5,NASA/JPL CNEOS Sentry Data API
bK18H02J,2018 HJ2,(2018 HJ2),2085-2114,2,2.0619e-07,-6.82,-6.90,0,24.58,0.041,8.39239487851011,2018-05-23,2458261.5,NASA/JPL CNEOS Sentry Data API
bK19H04N,2019 HN4,(2019 HN4),2099-2099,1,4.695e-08,-9.37,-9.37,0,28.52,0.0067,5.57,2019-05-03,2458606.5,NASA/JPL CNEOS Sentry Data API
bK19Q00S,2019 QS,(2019 QS),2096-2108,2,2.72187e-07,-6.34,-6.34,0,24.80,0.037,21.5892883201622,2019-08-28,2458723.5,NASA/JPL CNEOS Sentry Data API
bK20F02U,2020 FU2,(2020 FU2),2092-2115,7,9.129119e-07,-7.91,-8.12,0,28.59,0.00649,12.8792532455761,2020-03-24,2458932.5,NASA/JPL CNEOS Sentry Data API
bK20P00C,2020 PC,(2020 PC),2069-2122,72,3.7154629e-05,-6.22,-6.65,0,27.98,0.0086,1.4547902747192,2020-08-07,2459068.5,NASA/JPL CNEOS Sentry Data API
bK19U08B,2019 UB8,(2019 UB8),2053-2118,27,4.879089e-06,-7.29,-7.77,0,28.94,0.0055,10.3371070542062,2019-10-28,2458784.5,NASA/JPL CNEOS Sentry Data API
bK19U13N,2019 UN13,(2019 UN13),2107-2111,4,8.942669e-07,-9.76,-10.22,0,32.12,0.0013,10.179698801331,2019-10-31,2458787.5,NASA/JPL CNEOS Sentry Data API
bK20D00K,2020 DK,(2020 DK),2089-2122,34,1.565146e-05,-5.54,-6.31,0,26.03,0.021,10.4503239071627,2020-02-21,2458900.5,NASA/JPL CNEOS Sentry Data API
bK21D00G,2021 DG,(2021 DG),2044-2072,9,0.000169320156,-6.14,-6.33,0,30.21,0.0031,12.9046360658916,2021-02-18,2459263.5,NASA/JPL CNEOS Sentry Data API
bK21D02A,2021 DA2,(2021 DA2),2064-2122,76,9.6788582e-05,-6.25,-6.83,0,29.16,0.005,6.92146372637218,2021-03-02,2459275.5,NASA/JPL CNEOS Sentry Data API
bK07VI9H,2007 VH189,(2007 VH189),2042-2042,2,3.9144e-09,-6.92,-6.94,0,23.32,0.073,18.393669527897,2007-11-20,2454424.5,NASA/JPL CNEOS Sentry Data API
bK24X17C,2024 XC17,(2024 XC17),2070-2122,14,2.705071e-07,-8.01,-8.47,0,27.32,0.012,4.13550554125936,2024-12-13,2460657.5,NASA/JPL CNEOS Sentry Data API
bK08C74M,2008 CM74,(2008 CM74),2069-2115,24,2.444599e-06,-7.42,-8.06,0,28.05,0.0083,4.07487636213547,2008-02-15,2454511.5,NASA/JPL CNEOS Sentry Data API
bK08J03L,2008 JL3,(2008 JL3),2027-2122,44,0.0001658147615,-2.38,-2.39,0,25.31,0.029,8.41901237821941,2008-05-09,2454595.5,NASA/JPL CNEOS Sentry Data API
bK08J00Q,2008 JQ,(2008 JQ),2101-2101,1,6.549e-08,-7.73,-7.73,0,25.49,0.027,7.56,2008-05-15,2454601.5,NASA/JPL CNEOS Sentry Data API
bK09H67W,2009 HW67,(2009 HW67),2046-2079,11,2.833285e-06,-5.68,-6.07,0,26.09,0.02,22.6244092987469,2009-05-01,2454952.5,NASA/JPL CNEOS Sentry Data API
bK20H00N,2020 HN,(2020 HN),2055-2123,38,3.1802824e-05,-6.34,-6.62,0,28.61,0.0064,3.44028641670312,2020-04-22,2458961.5,NASA/JPL CNEOS Sentry Data API
bK23T00H,2023 TH,(2023 TH),2108-2108,2,1.4502e-07,-8.07,-8.16,0,26.85,0.014,8.15,2023-10-26,2460243.5,NASA/JPL CNEOS Sentry Data API
bK20H07W,2020 HW7,(2020 HW7),2044-2121,8,1.561136e-06,-6.71,-6.79,0,27.20,0.012,8.74446278863597,2020-04-30,2458969.5,NASA/JPL CNEOS Sentry Data API
bK06G02U,2006 GU2,(2006 GU2),2073-2121,91,1.97315926e-05,-6.33,-7.20,0,27.77,0.00949,7.30957092814698,2006-04-09,2453834.5,NASA/JPL CNEOS Sentry Data API
bK22G02A,2022 GA2,(2022 GA2),2049-2116,124,0.0001399012027,-6.00,-6.48,0,29.37,0.0045,7.88267720824247,2022-04-06,2459675.5,NASA/JPL CNEOS Sentry Data API
bK17G00M,2017 GM,(2017 GM),2080-2121,2,5.257e-08,-9.63,-9.81,0,29.89,0.0036,16.1853186227887,2017-04-04,2457847.5,NASA/JPL CNEOS Sentry Data API
bK17J02B,2017 JB2,(2017 JB2),2099-2122,11,3.39964e-06,-7.92,-8.65,0,29.09,0.00517,2.92410366980033,2017-05-29,2457902.5,NASA/JPL CNEOS Sentry Data API
bK20V06V,2020 VV6,(2020 VV6),2060-2122,11,1.486024e-06,-7.40,-7.54,0,28.39,0.0071,13.3935158247781,2020-11-19,2459172.5,NASA/JPL CNEOS Sentry Data API
bK21G00R,2021 GR,(2021 GR),2077-2121,20,6.61412e-06,-7.01,-7.50,0,28.17,0.0079,7.05363043004965,2021-04-14,2459318.5,NASA/JPL CNEOS Sentry Data API
bK02AC9N,2002 AN129,(2002 AN129),2064-2111,2,1.1134e-07,-7.42,-7.49,0,26.04,0.021,11.4856520567631,2002-01-15,2452289.5,NASA/JPL CNEOS Sentry Data API
bK22C01A,2022 CA1,(2022 CA1),2055-2122,17,2.25433492e-05,-6.16,-6.53,0,27.28,0.012,3.78033905840398,2022-03-07,2459645.5,NASA/JPL CNEOS Sentry Data API
bK16C30D,2016 CD30,(2016 CD30),2056-2105,5,5.82148302e-05,-5.50,-5.53,0,27.66,0.0099,10.5315599458023,2016-02-11,2457429.5,NASA/JPL CNEOS Sentry Data API
bK16CD5Y,2016 CY135,(2016 CY135),2103-2119,6,1.93048e-06,-5.85,-6.28,0,24.47,0.043,6.74286032489329,2016-08-08,2457608.5,NASA/JPL CNEOS Sentry Data API
bK19K00T,2019 KT,(2019 KT),2110-2110,2,1.9038e-07,-7.70,-7.80,0,26.56,0.017,11.7180418111146,2019-05-27,2458630.5,NASA/JPL CNEOS Sentry Data API
bK17R02U,2017 RU2,(2017 RU2),2093-2114,3,6.046825e-07,-6.85,-6.85,0,25.77,0.024,7.73014967358903,2017-09-21,2458017.5,NASA/JPL CNEOS Sentry Data API
bK17Y01D,2017 YD1,(2017 YD1),2102-2121,4,2.5443875e-06,-8.44,-8.55,0,29.97,0.0034,2.66760217341109,2017-12-30,2458117.5,NASA/JPL CNEOS Sentry Data API
bK11Q48F,2011 QF48,(2011 QF48),2067-2067,2,3.1956e-07,-6.32,-6.45,0,25.28,0.03,19.9176755538866,2011-09-21,2455825.5,NASA/JPL CNEOS Sentry Data API
bK13T68X,2013 TX68,(2013 TX68),2027-2108,5,5.2345e-08,-5.95,-5.97,0,25.25,0.03,14.3075181965804,2013-10-09,2456574.5,NASA/JPL CNEOS Sentry Data API
bK14E00C,2014 EC,(2014 EC),2119-2119,1,9.329e-09,-9.74,-9.74,0,28.24,0.0076,15.77,2014-03-06,2456722.5,NASA/JPL CNEOS Sentry Data API
bK14L00J,2014 LJ,(2014 LJ),2060-2122,177,2.54443647e-05,-6.64,-7.80,0,28.51,0.0067,3.61638147161128,2014-06-30,2456838.5,NASA/JPL CNEOS Sentry Data API
bK16J06A,2016 JA6,(2016 JA6),2081-2118,15,4.886504e-06,-6.17,-6.44,0,26.35,0.018,11.3372469335951,2016-05-19,2457527.5,NASA/JPL CNEOS Sentry Data API
bK04F03Y,2004 FY3,(2004 FY3),2116-2122,5,7.8026e-07,-6.45,-6.69,0,25.11,0.032,11.7839471458232,2004-03-30,2453094.5,NASA/JPL CNEOS Sentry Data API
bK17Q02J,2017 QJ2,(2017 QJ2),2033-2045,2,1.5582e-09,-8.35,-8.36,0,26.24,0.019,19.2209973045822,2017-08-20,2457985.5,NASA/JPL CNEOS Sentry Data API
bK17Q34U,2017 QU34,(2017 QU34),2083-2114,15,1.1975988e-05,-6.55,-6.79,0,28.35,0.0072,14.4849389712147,2017-08-31,2457996.5,NASA/JPL CNEOS Sentry Data API
bK18G04G,2018 GG4,(2018 GG4),2058-2070,2,2.0549e-07,-6.98,-7.16,0,26.19,0.02,16.6459783931092,2018-04-24,2458232.5,NASA/JPL CNEOS Sentry Data API
bK09Y00R,2009 YR,(2009 YR),2060-2114,17,1.2249807e-05,-6.51,-6.84,0,28.00,0.0085,3.11571090222075,2009-12-25,2455190.5,NASA/JPL CNEOS Sentry Data API
bK21P15A,2021 PA15,(2021 PA15),2114-2114,1,5.214e-07,-7.19,-7.19,0,26.17,0.02,8.95,2021-09-15,2459472.5,NASA/JPL CNEOS Sentry Data API
bK10K07V,2010 KV7,(2010 KV7),2034-2122,139,4.06682831e-05,-4.66,-4.94,0,26.04,0.021,5.36935408173157,2010-05-20,2455336.5,NASA/JPL CNEOS Sentry Data API
bK21L04C,2021 LC4,(2021 LC4),2112-2122,2,4.10031e-07,-7.26,-7.26,0,26.42,0.018,15.249467162239,2021-06-12,2459377.5,NASA/JPL CNEOS Sentry Data API
bK22Y00C,2022 YC,(2022 YC),2056-2121,52,1.12020323e-05,-7.34,-7.93,0,29.47,0.0043,4.80522605598986,2022-12-17,2459930.5,NASA/JPL CNEOS Sentry Data API
bK21E03Z,2021 EZ3,(2021 EZ3),2111-2111,1,3.736e-08,-7.89,-7.89,0,25.25,0.03,8.33,2021-05-05,2459339.5,NASA/JPL CNEOS Sentry Data API
bK10R12F,2010 RF12,(2010 RF12),2095-2122,70,0.102637259069,-2.97,-2.97,0,28.39,0.0071,5.10001588137266,2022-08-24,2459815.5,NASA/JPL CNEOS Sentry Data API
bK10X69N,2010 XN69,(2010 XN69),2039-2122,114,3.17590717e-05,-5.22,-6.09,0,26.26,0.019,7.30211201362035,2010-12-16,2455546.5,NASA/JPL CNEOS Sentry Data API
bK12M07F,2012 MF7,(2012 MF7),2046-2104,19,0.0001607253471,-4.43,-4.47,0,26.84,0.015,8.70117483784859,2012-07-22,2456130.5,NASA/JPL CNEOS Sentry Data API
bK13P10G,2013 PG10,(2013 PG10),2056-2122,33,9.515386e-06,-6.42,-6.55,0,27.73,0.0096,6.8654019689795,2013-08-11,2456515.5,NASA/JPL CNEOS Sentry Data API
bK15KF8G,2015 KG158,(2015 KG158),2045-2122,87,0.0003255604023,-5.21,-5.35,0,28.30,0.0074,7.6931042791318,2015-05-24,2457166.5,NASA/JPL CNEOS Sentry Data API
bK15KG0H,2015 KH160,(2015 KH160),2087-2117,6,4.03583e-08,-7.72,-7.88,0,26.39,0.018,29.8876727463744,2015-05-27,2457169.5,NASA/JPL CNEOS Sentry Data API
bK16CO8O,2016 CO248,(2016 CO248),2086-2086,1,9.452e-09,-9.51,-9.51,0,27.51,0.011,5.07,2016-03-10,2457457.5,NASA/JPL CNEOS Sentry Data API
bK16T54Q,2016 TQ54,(2016 TQ54),2082-2120,10,1.8043724e-06,-7.12,-7.50,0,27.25,0.012,9.00024891979062,2016-10-10,2457671.5,NASA/JPL CNEOS Sentry Data API
bK12XD4L,2012 XL134,(2012 XL134),2089-2089,1,8.957e-10,-10.62,-10.62,0,27.84,0.0092,8.66,2012-12-14,2456275.5,NASA/JPL CNEOS Sentry Data API
bK00SG2Z,2000 SZ162,(2000 SZ162),2070-2120,9,2.21849e-06,-6.94,-7.32,0,27.10,0.013,4.14677388674278,2000-10-07,2451824.5,NASA/JPL CNEOS Sentry Data API
bK14C13R,2014 CR13,(2014 CR13),2102-2117,25,8.732454e-05,-4.62,-4.73,0,25.74,0.024,12.2904047063975,2014-03-10,2456726.5,NASA/JPL CNEOS Sentry Data API
bK21E03J,2021 EJ3,(2021 EJ3),2078-2122,156,0.0006464105,-4.93,-5.35,0,27.69,0.0098,2.1557250139037,2021-03-17,2459290.5,NASA/JPL CNEOS Sentry Data API
bK08B15E,2008 BE15,(2008 BE15),2102-2102,1,7.201e-10,-8.98,-8.98,0,24.66,0.04,18.05,2008-02-03,2454499.5,NASA/JPL CNEOS Sentry Data API
bK10F00N,2010 FN,(2010 FN),2078-2120,17,4.1495682e-06,-6.46,-6.95,0,26.64,0.016,6.79707305834858,2010-03-21,2455276.5,NASA/JPL CNEOS Sentry Data API
bK10U00K,2010 UK,(2010 UK),2068-2121,48,0.0006709082165,-4.18,-4.19,0,26.85,0.014,6.08212531297863,2010-11-01,2455501.5,NASA/JPL CNEOS Sentry Data API
bK20A00W,2020 AW,(2020 AW),2061-2122,265,0.0001972727787,-5.78,-6.54,0,28.68,0.0062,4.54885164112609,2020-01-06,2458854.5,NASA/JPL CNEOS Sentry Data API
bK20A01R,2020 AR1,(2020 AR1),2096-2121,3,4.68272e-07,-7.74,-7.79,0,27.20,0.012,9.13081482557146,2020-01-08,2458856.5,NASA/JPL CNEOS Sentry Data API
bK20K05C,2020 KC5,(2020 KC5),2092-2104,3,3.6235357e-05,-5.78,-5.78,0,27.34,0.012,8.96002776376675,2020-05-30,2458999.5,NASA/JPL CNEOS Sentry Data API
bK20K00S,2020 KS,(2020 KS),2095-2095,1,7.452e-08,-7.80,-7.80,0,25.79,0.024,7.06,2020-06-29,2459029.5,NASA/JPL CNEOS Sentry Data API
bK20S06X,2020 SX6,(2020 SX6),2095-2118,17,2.453161e-06,-7.07,-7.49,0,27.07,0.013,4.02791060187244,2020-10-24,2459146.5,NASA/JPL CNEOS Sentry Data API
bK18P23U,2018 PU23,(2018 PU23),2070-2122,45,1.4429016e-05,-6.69,-7.30,0,28.12,0.008,1.78314803871588,2018-08-19,2458349.5,NASA/JPL CNEOS Sentry Data API
bK18V01P,2018 VP1,(2018 VP1),2027-2118,15,4.759111e-07,-8.08,-8.43,0,30.85,0.0023,9.53262840475879,2018-11-16,2458438.5,NASA/JPL CNEOS Sentry Data API
bK19E01D,2019 ED1,(2019 ED1),2070-2103,8,1.297838e-05,-6.25,-6.73,0,27.53,0.011,9.41919065399534,2019-03-14,2458556.5,NASA/JPL CNEOS Sentry Data API
bK09O06W,2009 OW6,(2009 OW6),2077-2121,15,2.0794245e-05,-5.13,-5.35,0,25.31,0.029,6.64674621752316,2009-08-09,2455052.5,NASA/JPL CNEOS Sentry Data API
bK10U00B,2010 UB,(2010 UB),2116-2119,4,6.161e-06,-5.51,-5.66,0,24.83,0.037,7.99140107125467,2010-10-22,2455491.5,NASA/JPL CNEOS Sentry Data API
bK09W06P,2009 WP6,(2009 WP6),2072-2120,46,4.11566286e-05,-4.91,-5.17,0,26.77,0.015,25.3406183325716,2009-11-20,2455155.5,NASA/JPL CNEOS Sentry Data API
bK09X01R,2009 XR1,(2009 XR1),2049-2116,18,1.321024e-07,-9.01,-9.29,0,29.28,0.00471,6.0295880998377,2009-12-11,2455176.5,NASA/JPL CNEOS Sentry Data API
bK12W10R,2012 WR10,(2012 WR10),2081-2119,14,1.695792e-06,-7.85,-8.36,0,28.52,0.0067,2.72926480959929,2012-12-18,2456279.5,NASA/JPL CNEOS Sentry Data API
bK14O02P,2014 OP2,(2014 OP2),2071-2119,5,1.85782e-06,-7.68,-7.81,0,29.05,0.0052,11.6321784672358,2014-07-31,2456869.5,NASA/JPL CNEOS Sentry Data API
bK15S07K,2015 SK7,(2015 SK7),2059-2100,3,9.2001e-07,-7.92,-8.24,0,28.83,0.0058,12.1708582515407,2015-10-13,2457308.5,NASA/JPL CNEOS Sentry Data API
bK17B92G,2017 BG92,(2017 BG92),2072-2120,16,1.5651653e-05,-6.78,-6.90,0,28.73,0.0061,5.3344301921337,2017-02-04,2457788.5,NASA/JPL CNEOS Sentry Data API
bK17C32Y,2017 CY32,(2017 CY32),2090-2110,4,4.373e-09,-10.08,-10.18,0,28.54,0.00661,18.0772798993826,2017-02-01,2457785.5,NASA/JPL CNEOS Sentry Data API
bK13B15R,2013 BR15,(2013 BR15),2100-2110,3,1.62839e-07,-6.95,-7.05,0,25.10,0.032,14.0824842328926,2013-01-18,2456310.5,NASA/JPL CNEOS Sentry Data API
bK21J02W,2021 JW2,(2021 JW2),2046-2122,216,0.0001050810274,-5.47,-6.31,0,27.62,0.01,4.89238510136607,2021-06-08,2459373.5,NASA/JPL CNEOS Sentry Data API
bK20C01E,2020 CE1,(2020 CE1),2121-2121,1,2.681e-07,-7.09,-7.09,0,25.66,0.025,14.56,2020-02-27,2458906.5,NASA/JPL CNEOS Sentry Data API
bK20D00W,2020 DW,(2020 DW),2108-2121,3,5.76379e-06,-8.26,-8.34,0,30.34,0.0029,3.78351222025785,2020-02-19,2458898.5,NASA/JPL CNEOS Sentry Data API
bK18X04R,2018 XR4,(2018 XR4),2062-2117,8,3.460016e-06,-6.33,-6.54,0,26.80,0.015,11.7998276597565,2018-12-15,2458467.5,NASA/JPL CNEOS Sentry Data API
bK06D63M,2006 DM63,(2006 DM63),2031-2122,46,0.0001422170421,-3.89,-4.12,0,26.73,0.015,10.3663089172349,2006-02-28,2453794.5,NASA/JPL CNEOS Sentry Data API
bK16S02U,2016 SU2,(2016 SU2),2102-2120,11,4.32497e-06,-6.87,-7.29,0,27.68,0.0098,12.7283721043152,2016-10-03,2457664.5,NASA/JPL CNEOS Sentry Data API
bK16W07F,2016 WF7,(2016 WF7),2087-2120,8,2.916965e-06,-7.74,-8.04,0,28.73,0.0061,6.54448892941808,2016-12-01,2457723.5,NASA/JPL CNEOS Sentry Data API
bK09T08H,2009 TH8,(2009 TH8),2097-2100,4,9.78383e-06,-5.07,-5.13,0,24.86,0.036,13.028912491325,2009-10-18,2455122.5,NASA/JPL CNEOS Sentry Data API
bK09T00U,2009 TU,(2009 TU),2086-2120,13,1.86409591e-05,-5.89,-6.44,0,27.36,0.011,15.150014948748,2009-10-18,2455122.5,NASA/JPL CNEOS Sentry Data API
bK09V01T,2009 VT1,(2009 VT1),2046-2121,24,4.25531e-06,-7.51,-7.71,0,29.55,0.0042,6.95973291017575,2009-11-11,2455146.5,NASA/JPL CNEOS Sentry Data API
bK10R80M,2010 RM80,(2010 RM80),2102-2124,36,1.17333184e-05,-6.78,-7.36,0,27.92,0.0088,5.36628438498694,2010-09-19,2455458.5,NASA/JPL CNEOS Sentry Data API
bK18L01D,2018 LD1,(2018 LD1),2100-2121,7,1.180208e-06,-6.90,-6.93,0,26.38,0.018,10.8856905138755,2018-06-13,2458282.5,NASA/JPL CNEOS Sentry Data API
bK15F36F,2015 FF36,(2015 FF36),2073-2117,10,2.1367185e-06,-6.62,-6.89,0,26.51,0.017,8.86651974651785,2015-03-26,2457107.5,NASA/JPL CNEOS Sentry Data API
bK12D54J,2012 DJ54,(2012 DJ54),2068-2122,115,0.000324815422,-5.43,-5.82,0,28.46,0.0069,5.42760910471794,2012-03-15,2456001.5,NASA/JPL CNEOS Sentry Data API
bK22D02O,2022 DO2,(2022 DO2),2107-2116,3,1.43188e-06,-7.65,-7.68,0,28.05,0.0083,8.7698361594547,2022-03-07,2459645.5,NASA/JPL CNEOS Sentry Data API
bK17T00B,2017 TB,(2017 TB),2046-2122,148,5.2458918e-05,-6.53,-7.18,0,29.13,0.0051,5.78474931842857,2017-10-05,2458031.5,NASA/JPL CNEOS Sentry Data API
bK24F01Y,2024 FY1,(2024 FY1),2091-2114,4,1.9151e-07,-7.61,-7.99,0,26.36,0.018,10.3771171218213,2024-04-14,2460414.5,NASA/JPL CNEOS Sentry Data API
bK24G03V,2024 GV3,(2024 GV3),2082-2082,1,1.609e-08,-9.61,-9.61,0,28.59,0.0065,10.84,2024-04-12,2460412.5,NASA/JPL CNEOS Sentry Data API
bK24G05Z,2024 GZ5,(2024 GZ5),2112-2124,9,0.00037913687,-6.41,-6.57,0,30.26,0.003,3.69596229192903,2024-04-15,2460415.5,NASA/JPL CNEOS Sentry Data API
bK17U06Q,2017 UQ6,(2017 UQ6),2087-2104,6,3.177776e-07,-7.88,-8.05,0,27.12,0.013,3.02656747989789,2017-11-13,2458070.5,NASA/JPL CNEOS Sentry Data API
bK17W28T,2017 WT28,(2017 WT28),2083-2121,113,0.011543968326,-3.83,-3.85,0,28.08,0.0082,4.47011685866956,2017-12-16,2458103.5,NASA/JPL CNEOS Sentry Data API
bK24F05Q,2024 FQ5,(2024 FQ5),2088-2121,5,5.7797e-06,-8.49,-8.72,0,30.98,0.0022,6.95548903922349,2024-03-31,2460400.5,NASA/JPL CNEOS Sentry Data API
bK06X04V,2006 XV4,(2006 XV4),2101-2120,3,1.405e-07,-7.07,-7.31,0,24.88,0.036,9.19167900355872,2006-12-27,2454096.5,NASA/JPL CNEOS Sentry Data API
bK08Y02O,2008 YO2,(2008 YO2),2052-2120,56,2.06610398e-05,-4.84,-5.41,0,25.21,0.0309,16.4650870027364,2008-12-22,2454822.5,NASA/JPL CNEOS Sentry Data API
bK05U01A,2005 UA1,(2005 UA1),2036-2048,2,8.38209e-08,-6.99,-6.99,0,26.35,0.018,14.6798518507914,2005-11-11,2453685.5,NASA/JPL CNEOS Sentry Data API
bK06A03U,2006 AU3,(2006 AU3),2078-2109,4,4.47498e-07,-7.30,-7.36,0,26.31,0.019,7.37176622018422,2006-01-10,2453745.5,NASA/JPL CNEOS Sentry Data API
bK06D62O,2006 DO62,(2006 DO62),2053-2088,10,1.7440268e-06,-7.27,-7.56,0,28.34,0.0073,10.8393890621406,2006-02-24,2453790.5,NASA/JPL CNEOS Sentry Data API
bK04RG4V,2004 RV164,(2004 RV164),2111-2111,1,3.616e-08,-7.42,-7.42,0,24.20,0.049,7.95,2004-10-08,2453286.5,NASA/JPL CNEOS Sentry Data API
bK05B01S,2005 BS1,(2005 BS1),2041-2041,1,6.744e-07,-6.74,-6.74,0,27.29,0.012,12.36,2005-01-19,2453389.5,NASA/JPL CNEOS Sentry Data API
bK08X00K,2008 XK,(2008 XK),2050-2092,4,6.3816e-09,-8.92,-9.08,0,27.18,0.0125,17.1980848063182,2008-12-02,2454802.5,NASA/JPL CNEOS Sentry Data API
bK22G00E,2022 GE,(2022 GE),2092-2120,9,1.317885e-06,-7.09,-7.25,0,27.12,0.013,12.1971413742474,2022-04-09,2459678.5,NASA/JPL CNEOS Sentry Data API
bK22F02P,2022 FP2,(2022 FP2),2054-2121,42,6.8841224e-05,-5.81,-5.94,0,28.34,0.0073,4.88198158678875,2022-04-03,2459672.5,NASA/JPL CNEOS Sentry Data API
bK22C04U,2022 CU4,(2022 CU4),2081-2122,102,6.97468434e-05,-6.65,-7.45,0,29.29,0.0047,4.42353258120352,2022-02-26,2459636.5,NASA/JPL CNEOS Sentry Data API
bK22J00M,2022 JM,(2022 JM),2092-2122,16,9.569397e-06,-7.24,-7.88,0,28.75,0.006,4.64259525652452,2022-05-09,2459708.5,NASA/JPL CNEOS Sentry Data API
bK22E00D,2022 ED,(2022 ED),2115-2119,5,9.1783e-07,-8.43,-8.85,0,29.01,0.0053,4.85822537942756,2022-03-07,2459645.5,NASA/JPL CNEOS Sentry Data API
bK19A06U,2019 AU6,(2019 AU6),2064-2115,21,7.9019982e-05,-4.89,-5.17,0,26.58,0.016,8.73334138648627,2019-01-12,2458495.5,NASA/JPL CNEOS Sentry Data API
bK17R16P,2017 RP16,(2017 RP16),2065-2121,23,4.598749e-06,-6.57,-7.02,0,27.23,0.012,10.3317235274202,2017-09-23,2458019.5,NASA/JPL CNEOS Sentry Data API
bK18R02B,2018 RB2,(2018 RB2),2089-2119,57,2.7566308e-05,-5.92,-6.22,0,27.26,0.012,9.05551012707251,2018-09-16,2458377.5,NASA/JPL CNEOS Sentry Data API
bK18W02G,2018 WG2,(2018 WG2),2077-2118,10,1.610447e-06,-8.58,-8.79,0,30.14,0.0032,6.46743673650856,2018-11-30,2458452.5,NASA/JPL CNEOS Sentry Data API
bK10X00B,2010 XB,(2010 XB),2036-2036,1,1.031e-04,-5.31,-5.31,0,29.59,0.0041,19.52,2010-12-02,2455532.5,NASA/JPL CNEOS Sentry Data API
bK12B01V,2012 BV1,(2012 BV1),2057-2057,1,7.405e-09,-10.90,-10.90,0,30.98,0.0022,8.44,2012-01-19,2455945.5,NASA/JPL CNEOS Sentry Data API
bK19T05N,2019 TN5,(2019 TN5),2041-2041,1,1.391e-07,-8.01,-8.01,0,28.41,0.007,11.59,2019-10-23,2458779.5,NASA/JPL CNEOS Sentry Data API
bK20T07D,2020 TD7,(2020 TD7),2092-2120,13,4.9247155e-06,-6.45,-6.91,0,26.77,0.015,9.13863552117884,2020-10-24,2459146.5,NASA/JPL CNEOS Sentry Data API
bK20T06F,2020 TF6,(2020 TF6),2056-2076,6,8.91023e-06,-6.17,-6.46,0,27.58,0.01,12.5401121183179,2020-10-18,2459140.5,NASA/JPL CNEOS Sentry Data API
bK05T50K,2005 TK50,(2005 TK50),2106-2106,1,1.434e-06,-7.70,-7.70,0,28.97,0.0054,20.58,2005-10-09,2453652.5,NASA/JPL CNEOS Sentry Data API
bK20G01B,2020 GB1,(2020 GB1),2049-2120,28,2.8110414e-05,-5.36,-5.47,0,26.92,0.014,8.28093995983125,2020-04-06,2458945.5,NASA/JPL CNEOS Sentry Data API
bK20P06J,2020 PJ6,(2020 PJ6),2074-2119,14,1.6313329e-06,-6.37,-6.75,0,25.59,0.026,2.24497618113384,2020-08-23,2459084.5,NASA/JPL CNEOS Sentry Data API
bK02RI2B,2002 RB182,(2002 RB182),2036-2120,28,5.865336e-06,-4.26,-4.94,0,22.82,0.0924,13.5730901213503,2002-09-16,2452533.5,NASA/JPL CNEOS Sentry Data API
bK16A66N,2016 AN66,(2016 AN66),2076-2106,3,1.466849e-07,-8.24,-8.49,0,27.42,0.011,5.45996797216346,2016-01-16,2457403.5,NASA/JPL CNEOS Sentry Data API
bK09T08M,2009 TM8,(2009 TM8),2079-2121,264,8.28476664000001e-05,-6.11,-7.51,0,28.57,0.00657,7.95943043990192,2009-10-17,2455121.5,NASA/JPL CNEOS Sentry Data API
bK16F15E,2016 FE15,(2016 FE15),2062-2111,4,7.632924e-07,-7.85,-7.93,0,28.77,0.006,12.2015254652084,2016-04-10,2457488.5,NASA/JPL CNEOS Sentry Data API
bK18F05K,2018 FK5,(2018 FK5),2087-2110,2,3.771e-06,-7.18,-7.46,0,28.25,0.0076,11.2780986475736,2018-03-29,2458206.5,NASA/JPL CNEOS Sentry Data API
bK12B14L,2012 BL14,(2012 BL14),2030-2122,187,1.97222155e-05,-5.26,-5.65,0,28.17,0.00788,19.7661066954673,2012-01-21,2455947.5,NASA/JPL CNEOS Sentry Data API
bK12G00D,2012 GD,(2012 GD),2060-2118,6,1.71973e-08,-8.95,-9.31,0,26.90,0.014,8.57250335808528,2012-04-06,2456023.5,NASA/JPL CNEOS Sentry Data API
bK18G02D,2018 GD2,(2018 GD2),2097-2122,13,4.505935e-06,-7.84,-8.51,0,29.46,0.0043,7.57695265244616,2018-04-12,2458220.5,NASA/JPL CNEOS Sentry Data API
bK19Q07E,2019 QE7,(2019 QE7),2097-2119,9,2.721051e-06,-6.66,-7.03,0,26.72,0.015,10.1881060002183,2019-09-27,2458753.5,NASA/JPL CNEOS Sentry Data API
bK21A04D,2021 AD4,(2021 AD4),2084-2084,1,2.561e-08,-8.16,-8.16,0,25.64,0.025,5.18,2021-01-18,2459232.5,NASA/JPL CNEOS Sentry Data API
bK21B01O,2021 BO1,(2021 BO1),2077-2077,1,5.365e-07,-8.31,-8.31,0,29.11,0.0051,10.19,2021-01-19,2459233.5,NASA/JPL CNEOS Sentry Data API
bK14W06E,2014 WE6,(2014 WE6),2104-2121,9,5.250581e-05,-7.25,-7.54,0,30.31,0.0029,4.42094976536882,2014-11-21,2456982.5,NASA/JPL CNEOS Sentry Data API
bK04V24M,2004 VM24,(2004 VM24),2049-2114,44,2.41220417e-05,-5.00,-5.64,0,25.68,0.025,12.8649149100012,2004-11-12,2453321.5,NASA/JPL CNEOS Sentry Data API
bK19W00U,2019 WU,(2019 WU),2080-2112,10,1.555588e-06,-7.06,-7.57,0,27.04,0.013,10.0639907353361,2019-11-28,2458815.5,NASA/JPL CNEOS Sentry Data API
bK11A37M,2011 AM37,(2011 AM37),2048-2119,161,0.0011992228026,-5.15,-5.26,0,29.74,0.0038,3.65249874163042,2011-01-16,2455577.5,NASA/JPL CNEOS Sentry Data API
bK11B45L,2011 BL45,(2011 BL45),2050-2122,307,0.0010298487279,-4.32,-4.52,0,27.13,0.013,1.67630835714702,2011-02-12,2455604.5,NASA/JPL CNEOS Sentry Data API
bK19U00T,2019 UT,(2019 UT),2099-2120,14,0.000112803158,-5.61,-5.93,0,27.95,0.0087,10.8961237663222,2019-10-20,2458776.5,NASA/JPL CNEOS Sentry Data API
bK17X02Y,2017 XY2,(2017 XY2),2108-2108,1,9.773e-08,-8.36,-8.36,0,27.09,0.013,7.88,2017-12-15,2458102.5,NASA/JPL CNEOS Sentry Data API
bK01U05F,2001 UF5,(2001 UF5),2058-2058,1,1.618e-09,-7.18,-7.18,0,22.41,0.11,18.26,2001-10-26,2452208.5,NASA/JPL CNEOS Sentry Data API
bK02G05M,2002 GM5,(2002 GM5),2064-2064,1,1.175e-07,-4.84,-4.84,0,21.37,0.18,20.44,2002-04-17,2452381.5,NASA/JPL CNEOS Sentry Data API
bK21R10M,2021 RM10,(2021 RM10),2057-2104,8,1.792477e-06,-5.98,-6.30,0,25.35,0.029,11.0624999818687,2021-09-15,2459472.5,NASA/JPL CNEOS Sentry Data API
bK08B15C,2008 BC15,(2008 BC15),2072-2094,2,9.271e-07,-6.62,-6.86,0,26.59,0.016,20.6643727753209,2008-01-31,2454496.5,NASA/JPL CNEOS Sentry Data API
bK07T22X,2007 TX22,(2007 TX22),2040-2079,17,2.626955e-05,-6.22,-6.93,0,28.38,0.00714,8.87005102866246,2007-10-11,2454384.5,NASA/JPL CNEOS Sentry Data API
bK07W03P,2007 WP3,(2007 WP3),2098-2119,30,7.1913366e-06,-4.61,-4.90,0,23.52,0.067,13.0293345123075,2007-12-15,2454449.5,NASA/JPL CNEOS Sentry Data API
bK21G07Z,2021 GZ7,(2021 GZ7),2074-2101,2,1.0463e-07,-8.99,-9.21,0,28.91,0.0056,10.1358463155883,2021-04-05,2459309.5,NASA/JPL CNEOS Sentry Data API
bK21J03Y,2021 JY3,(2021 JY3),2077-2121,43,0.000160772629,-5.72,-6.15,0,28.41,0.007,3.85981511597972,2021-05-20,2459354.5,NASA/JPL CNEOS Sentry Data API
bK11D05E,2011 DE5,(2011 DE5),2115-2115,1,1.879e-10,-10.58,-10.58,0,26.45,0.017,15.06,2011-03-01,2455621.5,NASA/JPL CNEOS Sentry Data API
bK08Y29F,2008 YF29,(2008 YF29),2074-2090,2,9.998e-08,-6.76,-6.87,0,24.12,0.051,8.63453290658132,2009-01-08,2454839.5,NASA/JPL CNEOS Sentry Data API
bK18R04Q,2018 RQ4,(2018 RQ4),2082-2117,20,6.2627065e-06,-6.44,-7.04,0,26.85,0.014,6.76325540083988,2018-09-18,2458379.5,NASA/JPL CNEOS Sentry Data API
bK18V06P,2018 VP6,(2018 VP6),2088-2118,5,3.22112e-06,-6.63,-6.87,0,27.16,0.013,12.0546591558216,2018-11-19,2458441.5,NASA/JPL CNEOS Sentry Data API
bK18V06S,2018 VS6,(2018 VS6),2083-2121,37,4.7380718e-05,-5.37,-5.56,0,26.95,0.014,11.7992536442778,2018-11-19,2458441.5,NASA/JPL CNEOS Sentry Data API
bK11SI9O,2011 SO189,(2011 SO189),2056-2102,16,9.9032509e-05,-4.66,-5.01,0,26.49,0.017,12.985666501189,2011-10-06,2455840.5,NASA/JPL CNEOS Sentry Data API
bK09B00E,2009 BE,(2009 BE),2037-2122,90,0.000358396916,-4.05,-4.36,0,26.11,0.02,11.4597782504635,2009-01-22,2454853.5,NASA/JPL CNEOS Sentry Data API
bK09T00B,2009 TB,(2009 TB),2070-2115,4,5.6174e-08,-8.97,-9.01,0,28.85,0.00572,15.1052168262897,2009-10-02,2455106.5,NASA/JPL CNEOS Sentry Data API
bK09W07W,2009 WW7,(2009 WW7),2059-2121,46,4.52556738e-05,-6.49,-6.92,0,28.89,0.0056,8.19343297474006,2009-11-23,2455158.5,NASA/JPL CNEOS Sentry Data API
bK15FY5C,2015 FC345,(2015 FC345),2085-2123,7,1.282452e-06,-7.60,-7.90,0,27.76,0.0095,6.75391004107756,2015-03-29,2457110.5,NASA/JPL CNEOS Sentry Data API
bK15T24G,2015 TG24,(2015 TG24),2102-2121,82,2.49978701e-05,-5.73,-6.72,0,26.68,0.016,9.84241711316837,2015-10-14,2457309.5,NASA/JPL CNEOS Sentry Data API
bK06B08C,2006 BC8,(2006 BC8),2050-2122,57,1.29852873e-05,-5.08,-5.40,0,25.14,0.032,13.1603810222204,2006-02-07,2453773.5,NASA/JPL CNEOS Sentry Data API
bK08S00T,2008 ST,(2008 ST),2048-2122,64,0.00013679128,-5.28,-5.68,0,27.07,0.013,3.24499536659062,2008-09-29,2454738.5,NASA/JPL CNEOS Sentry Data API
bK20Q04N,2020 QN4,(2020 QN4),2065-2121,57,1.09329582e-05,-6.96,-7.77,0,28.63,0.0064,7.52532577340321,2020-08-26,2459087.5,NASA/JPL CNEOS Sentry Data API
bK22W09M,2022 WM9,(2022 WM9),2086-2086,1,6.964e-07,-6.66,-6.66,0,25.76,0.024,10.27,2022-12-14,2459927.5,NASA/JPL CNEOS Sentry Data API
bK20S06L,2020 SL6,(2020 SL6),2108-2108,1,3.685e-07,-7.96,-7.96,0,27.86,0.0091,14.20,2020-10-14,2459136.5,NASA/JPL CNEOS Sentry Data API
bK20S02M,2020 SM2,(2020 SM2),2080-2111,3,1.0794e-07,-9.09,-9.47,0,28.67,0.00625,4.17760700389105,2020-09-22,2459114.5,NASA/JPL CNEOS Sentry Data API
bK20S05N,2020 SN5,(2020 SN5),2043-2118,10,2.6400796e-06,-6.68,-6.70,0,28.19,0.0078,13.2748568793153,2020-09-27,2459119.5,NASA/JPL CNEOS Sentry Data API
bK22S24Y,2022 SY24,(2022 SY24),2049-2122,131,0.0002133769882,-5.69,-6.22,0,28.93,0.0055,11.2749232960914,2022-10-02,2459854.5,NASA/JPL CNEOS Sentry Data API
bK22A06E,2022 AE6,(2022 AE6),2084-2105,2,7.076e-07,-6.58,-6.69,0,25.59,0.026,10.2991803278689,2022-01-14,2459593.5,NASA/JPL CNEOS Sentry Data API
bK20S06N,2020 SN6,(2020 SN6),2043-2122,346,2.70701732000001e-05,-6.60,-7.78,0,28.79,0.0059,5.5133246782477,2020-09-30,2459122.5,NASA/JPL CNEOS Sentry Data API
bK20U00A,2020 UA,(2020 UA),2074-2114,15,1.974033e-06,-7.55,-8.14,0,28.39,0.0071,6.52651390832879,2020-10-20,2459142.5,NASA/JPL CNEOS Sentry Data API
bK08SE8H,2008 SH148,(2008 SH148),2042-2097,4,4.7391e-09,-8.77,-9.15,0,26.07,0.0209,8.80307948766644,2008-09-29,2454738.5,NASA/JPL CNEOS Sentry Data API
bK08T00E,2008 TE,(2008 TE),2058-2117,9,1.440233e-07,-8.39,-8.63,0,27.76,0.0095,11.706756323456,2008-10-08,2454747.5,NASA/JPL CNEOS Sentry Data API
bK11C07A,2011 CA7,(2011 CA7),2062-2087,4,6.25795e-07,-8.73,-8.95,0,30.32,0.0029,8.91973561629607,2011-02-08,2455600.5,NASA/JPL CNEOS Sentry Data API
bK22E01F,2022 EF1,(2022 EF1),2040-2122,120,9.9479203e-06,-6.96,-7.81,0,28.94,0.0055,10.6397779759052,2022-03-03,2459641.5,NASA/JPL CNEOS Sentry Data API
bK12E10P,2012 EP10,(2012 EP10),2056-2122,116,8.37844307e-05,-6.48,-6.76,0,29.17,0.005,2.79011035377245,2012-03-28,2456014.5,NASA/JPL CNEOS Sentry Data API
bK02T59Z,2002 TZ59,(2002 TZ59),2040-2040,1,5.157e-09,-6.38,-6.38,0,23.01,0.085,28.40,2002-10-08,2452555.5,NASA/JPL CNEOS Sentry Data API
bK04RA9U,2004 RU109,(2004 RU109),2034-2053,7,1.21185e-06,-6.15,-6.46,0,26.50,0.017,12.932002310517,2004-09-12,2453260.5,NASA/JPL CNEOS Sentry Data API
bK25U00A,2025 UA,(2025 UA),2119-2119,3,1.4765e-06,-7.51,-7.80,0,27.48,0.011,4.5590172705723,2025-10-28,2460976.5,NASA/JPL CNEOS Sentry Data API
bK25U07Y,2025 UY7,(2025 UY7),2093-2108,2,1.0852e-06,-7.19,-7.28,0,27.11,0.013,11.9029616660523,2025-11-02,2460981.5,NASA/JPL CNEOS Sentry Data API
bK21E00U,2021 EU,(2021 EU),2056-2123,6,5.4536378e-05,-4.01,-4.07,0,25.44,0.028,21.2212941530514,2021-03-17,2459290.5,NASA/JPL CNEOS Sentry Data API
bK22O04C,2022 OC4,(2022 OC4),2078-2122,19,1.444026e-06,-7.30,-7.49,0,27.40,0.011,7.1589501712573,2022-08-09,2459800.5,NASA/JPL CNEOS Sentry Data API
bK08C00J,2008 CJ,(2008 CJ),2106-2106,2,8.564e-06,-6.50,-6.59,0,27.31,0.012,8.07,2008-02-03,2454499.5,NASA/JPL CNEOS Sentry Data API
bK08UK2C,2008 UC202,(2008 UC202),2116-2119,5,1.14746e-05,-6.99,-7.10,0,28.25,0.0076,4.1627127220121,2008-11-03,2454773.5,NASA/JPL CNEOS Sentry Data API
bK17R02J,2017 RJ2,(2017 RJ2),2106-2121,13,2.9418726e-06,-6.84,-7.34,0,27.47,0.011,15.8892643196038,2017-09-15,2458011.5,NASA/JPL CNEOS Sentry Data API
bK17U45A,2017 UA45,(2017 UA45),2099-2121,11,8.690057e-06,-5.97,-6.15,0,25.94,0.022,5.41563384682057,2017-12-11,2458098.5,NASA/JPL CNEOS Sentry Data API
bK17U52K,2017 UK52,(2017 UK52),2031-2117,8,2.11182e-08,-8.50,-8.83,0,26.98,0.014,11.4307803221866,2017-10-21,2458047.5,NASA/JPL CNEOS Sentry Data API
bK21A02S,2021 AS2,(2021 AS2),2063-2063,1,8.210e-09,-9.74,-9.74,0,29.45,0.0044,24.55,2021-01-09,2459223.5,NASA/JPL CNEOS Sentry Data API
bK21A05Z,2021 AZ5,(2021 AZ5),2110-2110,1,9.767e-08,-8.83,-8.83,0,28.07,0.0082,8.06,2021-01-16,2459230.5,NASA/JPL CNEOS Sentry Data API
bK21E00A,2021 EA,(2021 EA),2055-2060,5,6.831975e-05,-5.45,-5.48,0,27.99,0.0085,9.46008817216105,2021-03-02,2459275.5,NASA/JPL CNEOS Sentry Data API
bK23Q02E,2023 QE2,(2023 QE2),2034-2034,1,5.850e-08,-7.79,-7.79,0,27.74,0.0096,12.52,2023-08-22,2460178.5,NASA/JPL CNEOS Sentry Data API
bK08C71C,2008 CC71,(2008 CC71),2034-2082,32,4.056358e-05,-3.98,-4.25,0,24.88,0.036,8.04733826353591,2008-02-19,2454515.5,NASA/JPL CNEOS Sentry Data API
bK21G02E,2021 GE2,(2021 GE2),2030-2030,1,7.309e-04,-3.91,-3.91,0,29.12,0.0051,15.36,2021-04-15,2459319.5,NASA/JPL CNEOS Sentry Data API
bK21C07P,2021 CP7,(2021 CP7),2108-2108,1,5.404e-09,-9.86,-9.86,0,27.74,0.0096,9.88,2021-02-19,2459264.5,NASA/JPL CNEOS Sentry Data API
bK21F00U,2021 FU,(2021 FU),2077-2121,13,4.051152e-06,-6.77,-7.15,0,27.44,0.011,9.14670756861258,2021-04-11,2459315.5,NASA/JPL CNEOS Sentry Data API
bK21O01K,2021 OK1,(2021 OK1),2101-2111,2,7.4773e-07,-7.38,-7.39,0,27.18,0.012,12.7903110748532,2021-08-13,2459439.5,NASA/JPL CNEOS Sentry Data API
bK16G01F,2016 GF1,(2016 GF1),2111-2111,1,2.267e-07,-7.52,-7.52,0,26.03,0.021,7.18,2016-04-16,2457494.5,NASA/JPL CNEOS Sentry Data API
bK16GD4S,2016 GS134,(2016 GS134),2070-2122,9,2.432695e-07,-7.95,-8.02,0,27.75,0.0096,11.0134843784363,2016-05-01,2457509.5,NASA/JPL CNEOS Sentry Data API
bK21B01V,2021 BV1,(2021 BV1),2064-2064,1,2.527e-08,-8.66,-8.66,0,28.03,0.0084,21.48,2021-01-17,2459231.5,NASA/JPL CNEOS Sentry Data API
bK20K04J,2020 KJ4,(2020 KJ4),2066-2121,5,2.668605e-06,-8.35,-8.42,0,29.89,0.0036,4.22620903056091,2020-05-28,2458997.5,NASA/JPL CNEOS Sentry Data API
bK12F35N,2012 FN35,(2012 FN35),2108-2108,1,8.537e-10,-9.34,-9.34,0,24.87,0.036,8.48,2012-03-30,2456016.5,NASA/JPL CNEOS Sentry Data API
bK23H07G,2023 HG7,(2023 HG7),2116-2123,7,9.78752e-07,-7.22,-7.42,0,26.97,0.014,12.0241432354672,2023-05-14,2460078.5,NASA/JPL CNEOS Sentry Data API
bK12V77E,2012 VE77,(2012 VE77),2033-2035,2,4.633831e-05,-4.08,-4.08,0,26.34,0.018,15.3299370822976,2012-11-17,2456248.5,NASA/JPL CNEOS Sentry Data API
bK17U00F,2017 UF,(2017 UF),2066-2082,4,1.893518e-07,-7.78,-8.04,0,27.85,0.0091,23.2298028854228,2017-10-19,2458045.5,NASA/JPL CNEOS Sentry Data API
bK17W28E,2017 WE28,(2017 WE28),2039-2099,13,1.8348178e-06,-6.39,-6.60,0,26.72,0.015,8.79308250824687,2017-12-11,2458098.5,NASA/JPL CNEOS Sentry Data API
bK14WK0U,2014 WU200,(2014 WU200),2104-2120,8,7.46588e-06,-7.46,-7.77,0,28.82,0.0058,1.70880424008958,2014-12-10,2457001.5,NASA/JPL CNEOS Sentry Data API
bK09SA4U,2009 SU104,(2009 SU104),2109-2109,1,3.456e-08,-7.92,-7.92,0,25.57,0.026,13.07,2009-10-01,2455105.5,NASA/JPL CNEOS Sentry Data API
bK09T17D,2009 TD17,(2009 TD17),2039-2121,142,3.83097103e-05,-5.55,-5.75,0,27.68,0.00981,6.58319424879598,2009-10-11,2455115.5,NASA/JPL CNEOS Sentry Data API
bK14HJ8Y,2014 HY198,(2014 HY198),2034-2122,63,8.99335747e-05,-6.51,-7.18,0,29.65,0.00396,6.14188430035796,2014-04-29,2456776.5,NASA/JPL CNEOS Sentry Data API
bK14J24R,2014 JR24,(2014 JR24),2069-2122,82,0.001175385174,-5.17,-5.21,0,29.29,0.0047,3.72303350796732,2014-05-07,2456784.5,NASA/JPL CNEOS Sentry Data API
bK14J79U,2014 JU79,(2014 JU79),2041-2121,10,3.740123e-07,-5.21,-5.61,0,22.82,0.0924,6.1690187675646,2014-05-06,2456783.5,NASA/JPL CNEOS Sentry Data API
bK16Y04M,2016 YM4,(2016 YM4),2121-2121,1,1.338e-05,-3.69,-3.69,0,22.36,0.11,18.98,2017-02-02,2457786.5,NASA/JPL CNEOS Sentry Data API
bK23G03P,2023 GP3,(2023 GP3),2106-2118,2,4.04e-08,-9.47,-9.74,0,28.58,0.0065,7.95506188118812,2023-04-25,2460059.5,NASA/JPL CNEOS Sentry Data API
bK23H05L,2023 HL5,(2023 HL5),2083-2122,14,4.922339e-06,-6.85,-7.14,0,27.51,0.011,8.20608060720727,2023-05-14,2460078.5,NASA/JPL CNEOS Sentry Data API
bK22O01R,2022 OR1,(2022 OR1),2111-2121,10,1.18710618e-05,-6.81,-7.04,0,27.96,0.0087,4.46430708750922,2022-08-24,2459815.5,NASA/JPL CNEOS Sentry Data API
bK12V06Q,2012 VQ6,(2012 VQ6),2102-2102,1,5.088e-09,-9.41,-9.41,0,27.01,0.013,12.92,2012-11-09,2456240.5,NASA/JPL CNEOS Sentry Data API
bK21P01A,2021 PA1,(2021 PA1),2113-2113,1,1.260e-08,-9.02,-9.02,0,27.06,0.013,15.77,2021-08-08,2459434.5,NASA/JPL CNEOS Sentry Data API
bK21L06L,2021 LL6,(2021 LL6),2088-2088,1,7.588e-09,-9.18,-9.18,0,26.80,0.015,8.94,2021-06-19,2459384.5,NASA/JPL CNEOS Sentry Data API
bK12S02W,2012 SW2,(2012 SW2),2117-2117,1,5.863e-09,-9.53,-9.53,0,27.44,0.011,16.57,2012-09-19,2456189.5,NASA/JPL CNEOS Sentry Data API
bK13C22L,2013 CL22,(2013 CL22),2119-2119,1,3.716e-08,-7.65,-7.65,0,24.73,0.038,9.37,2013-03-14,2456365.5,NASA/JPL CNEOS Sentry Data API
bK21B01Y,2021 BY1,(2021 BY1),2051-2051,1,1.949e-08,-8.94,-8.94,0,28.71,0.0061,20.77,2021-01-19,2459233.5,NASA/JPL CNEOS Sentry Data API
bK04D53A,2004 DA53,(2004 DA53),2111-2116,4,7.915858e-06,-6.82,-6.82,0,27.93,0.0088,9.35,2004-02-27,2453062.5,NASA/JPL CNEOS Sentry Data API
bK21B02L,2021 BL2,(2021 BL2),2038-2119,22,1.201928e-07,-8.08,-8.11,0,28.54,0.00661,12.9681506213351,2021-01-18,2459232.5,NASA/JPL CNEOS Sentry Data API
bK18Y02H,2018 YH2,(2018 YH2),2031-2120,31,1.370949e-07,-5.50,-5.91,0,23.09,0.0816,9.6858863531758,2018-12-18,2458470.5,NASA/JPL CNEOS Sentry Data API
bK19H02R,2019 HR2,(2019 HR2),2049-2118,8,2.7457e-08,-9.75,-10.21,0,28.93,0.0055,8.38526714499035,2019-05-09,2458612.5,NASA/JPL CNEOS Sentry Data API
bK17U01K,2017 UK1,(2017 UK1),2092-2092,1,1.381e-10,-11.10,-11.10,0,27.03,0.013,7.57,2017-12-12,2458099.5,NASA/JPL CNEOS Sentry Data API
bK19JE4P,2019 JP144,(2019 JP144),2113-2113,1,1.784e-07,-8.11,-8.11,0,27.53,0.011,15.13,2019-05-13,2458616.5,NASA/JPL CNEOS Sentry Data API
bK21GM6E,2021 GE226,(2021 GE226),2080-2116,5,1.88243e-06,-7.58,-7.89,0,28.36,0.00719,8.84062026210802,2021-04-10,2459314.5,NASA/JPL CNEOS Sentry Data API
bK12T00V,2012 TV,(2012 TV),2054-2114,27,4.509762e-06,-5.32,-5.61,0,25.19,0.031,16.6739976965525,2012-10-07,2456207.5,NASA/JPL CNEOS Sentry Data API
bK18B00C,2018 BC,(2018 BC),2083-2122,41,7.27354e-05,-6.67,-7.67,0,29.41,0.0044,2.03345303662316,2018-01-20,2458138.5,NASA/JPL CNEOS Sentry Data API
bK22D29X,2022 DX29,(2022 DX29),2110-2118,2,9.744e-07,-8.89,-9.03,0,30.28,0.003,8.2756670771757,2022-02-26,2459636.5,NASA/JPL CNEOS Sentry Data API
bK23RF6F,2023 RF156,(2023 RF156),2073-2073,1,1.104e-07,-9.28,-9.28,0,29.61,0.004,8.05,2023-09-06,2460193.5,NASA/JPL CNEOS Sentry Data API
bK07V03J,2007 VJ3,(2007 VJ3),2103-2112,2,6.474e-09,-8.22,-8.39,0,24.90,0.035,16.1919493358048,2007-11-09,2454413.5,NASA/JPL CNEOS Sentry Data API
bK07X09Z,2007 XZ9,(2007 XZ9),2065-2118,5,1.41781e-06,-5.67,-5.81,0,24.82,0.037,13.0130413101897,2007-12-18,2454452.5,NASA/JPL CNEOS Sentry Data API
bK18R03H,2018 RH3,(2018 RH3),2108-2108,1,8.407e-06,-5.94,-5.94,0,26.11,0.02,8.32,2018-09-17,2458378.5,NASA/JPL CNEOS Sentry Data API
bK22Y06S,2022 YS6,(2022 YS6),2065-2078,11,0.0003671269628,-4.28,-4.29,0,26.84,0.015,10.0402046898311,2023-01-02,2459946.5,NASA/JPL CNEOS Sentry Data API
bK17R02V,2017 RV2,(2017 RV2),2070-2122,62,0.0001398977999,-4.81,-5.37,0,26.23,0.019,6.47931354703885,2017-10-22,2458048.5,NASA/JPL CNEOS Sentry Data API
bK18T05P,2018 TP5,(2018 TP5),2074-2113,48,1.6834165e-05,-5.31,-5.85,0,25.76,0.024,10.8564806184328,2018-12-03,2458455.5,NASA/JPL CNEOS Sentry Data API
bK15X55H,2015 XH55,(2015 XH55),2076-2121,21,2.911071e-06,-7.87,-8.30,0,29.22,0.0048,7.12859846771171,2015-12-06,2457362.5,NASA/JPL CNEOS Sentry Data API
bK16CD7K,2016 CK137,(2016 CK137),2041-2122,159,5.2820845e-05,-5.53,-6.09,0,27.33,0.012,9.83446255484932,2016-02-13,2457431.5,NASA/JPL CNEOS Sentry Data API
bK20F06K,2020 FK6,(2020 FK6),2054-2117,113,6.24884295e-05,-5.68,-6.68,0,28.07,0.00825,13.1854623531705,2020-03-17,2458925.5,NASA/JPL CNEOS Sentry Data API
bK20F02Z,2020 FZ2,(2020 FZ2),2110-2122,10,1.222864e-06,-5.93,-6.20,0,25.11,0.032,22.3151144117416,2020-03-26,2458934.5,NASA/JPL CNEOS Sentry Data API
bK18T04Y,2018 TY4,(2018 TY4),2033-2060,2,0.00031162074,-4.25,-4.25,0,28.12,0.008,10.6699953411317,2018-11-10,2458432.5,NASA/JPL CNEOS Sentry Data API
bK14R17T,2014 RT17,(2014 RT17),2120-2120,1,5.422e-10,-9.03,-9.03,0,24.41,0.044,19.79,2014-09-19,2456919.5,NASA/JPL CNEOS Sentry Data API
bK09F00G,2009 FG,(2009 FG),2042-2122,71,5.8590971e-06,-5.55,-6.01,0,25.51,0.027,9.12426465180105,2009-04-01,2454922.5,NASA/JPL CNEOS Sentry Data API
bK09Q00R,2009 QR,(2009 QR),2042-2107,10,1.70806e-07,-7.77,-7.96,0,27.33,0.012,4.9792989122162,2009-08-22,2455065.5,NASA/JPL CNEOS Sentry Data API
bK09E01J,2009 EJ1,(2009 EJ1),2042-2121,4,3.2757e-08,-8.71,-8.73,0,28.25,0.0076,10.800638336844,2009-03-03,2454893.5,NASA/JPL CNEOS Sentry Data API
bK21J06U,2021 JU6,(2021 JU6),2068-2068,1,1.962e-07,-7.79,-7.79,0,27.37,0.011,11.25,2021-05-14,2459348.5,NASA/JPL CNEOS Sentry Data API
bK06B09B,2006 BB9,(2006 BB9),2113-2113,1,5.659e-08,-7.78,-7.78,0,25.68,0.025,13.00,2006-02-01,2453767.5,NASA/JPL CNEOS Sentry Data API
bK19V04E,2019 VE4,(2019 VE4),2072-2120,10,3.611291e-06,-7.11,-7.43,0,27.88,0.00894,8.77977459307488,2019-11-18,2458805.5,NASA/JPL CNEOS Sentry Data API
bK21A06M,2021 AM6,(2021 AM6),2064-2120,68,0.000528255833,-4.16,-4.50,0,26.59,0.016,5.21115137310751,2021-02-19,2459264.5,NASA/JPL CNEOS Sentry Data API
bK20B00H,2020 BH,(2020 BH),2104-2122,13,5.290354e-05,-6.29,-6.54,0,28.25,0.0076,3.06625835435587,2020-02-25,2458904.5,NASA/JPL CNEOS Sentry Data API
bK21W02N,2021 WN2,(2021 WN2),2100-2119,5,7.0284e-08,-8.31,-8.57,0,26.65,0.016,8.07198992658358,2021-12-02,2459550.5,NASA/JPL CNEOS Sentry Data API
bK09B05R,2009 BR5,(2009 BR5),2066-2078,4,2.291465e-07,-5.09,-5.14,0,22.10,0.13,17.9730369872549,2009-01-31,2454862.5,NASA/JPL CNEOS Sentry Data API
bK21L01C,2021 LC1,(2021 LC1),2121-2121,1,4.857e-08,-8.20,-8.20,0,26.48,0.017,15.50,2021-06-05,2459370.5,NASA/JPL CNEOS Sentry Data API
bK17U02J,2017 UJ2,(2017 UJ2),2078-2120,16,1.26378e-06,-9.06,-9.79,0,30.86,0.0023,5.2407485163557,2017-10-22,2458048.5,NASA/JPL CNEOS Sentry Data API
bK11C22F,2011 CF22,(2011 CF22),2031-2122,181,4.79058731e-05,-6.74,-7.29,0,30.91,0.00224,18.8134889438222,2011-02-07,2455599.5,NASA/JPL CNEOS Sentry Data API
bK14Qd1C,2014 QC391,(2014 QC391),2078-2122,86,6.15357719e-05,-5.71,-6.17,0,27.48,0.011,7.61050508167917,2014-09-04,2456904.5,NASA/JPL CNEOS Sentry Data API
bK22A00U,2022 AU,(2022 AU),2084-2118,74,0.000120939202,-6.19,-6.41,0,29.09,0.0052,7.10575668748004,2022-01-10,2459589.5,NASA/JPL CNEOS Sentry Data API
bK19F01B,2019 FB1,(2019 FB1),2110-2117,3,3.274e-06,-7.17,-7.35,0,27.73,0.0096,7.97395540623091,2019-03-31,2458573.5,NASA/JPL CNEOS Sentry Data API
bK13Y00B,2013 YB,(2013 YB),2026-2054,17,3.4607794e-05,-6.80,-7.36,0,31.45,0.00173,8.93229090880511,2013-12-23,2456649.5,NASA/JPL CNEOS Sentry Data API
bK08C22F,2008 CF22,(2008 CF22),2094-2112,2,4.118e-09,-9.05,-9.32,0,25.99,0.021,11.8274575036425,2008-02-10,2454506.5,NASA/JPL CNEOS Sentry Data API
bK17S12S,2017 SS12,(2017 SS12),2071-2117,20,2.79648e-06,-6.76,-7.29,0,27.13,0.013,10.094200959778,2017-10-02,2458028.5,NASA/JPL CNEOS Sentry Data API
bK14SM3R,2014 SR223,(2014 SR223),2063-2063,1,1.587e-06,-6.42,-6.42,0,26.74,0.015,15.23,2014-10-03,2456933.5,NASA/JPL CNEOS Sentry Data API
bK04O04D,2004 OD4,(2004 OD4),2093-2093,1,1.836e-09,-9.90,-9.90,0,26.93,0.014,8.51,2004-07-21,2453207.5,NASA/JPL CNEOS Sentry Data API
bK18L05T,2018 LT5,(2018 LT5),2066-2095,3,1.5776e-07,-6.65,-6.93,0,25.00,0.034,19.0460027890466,2018-06-19,2458288.5,NASA/JPL CNEOS Sentry Data API
bK23H07F,2023 HF7,(2023 HF7),2064-2064,1,2.835e-07,-7.22,-7.22,0,26.75,0.015,13.55,2023-05-03,2460067.5,NASA/JPL CNEOS Sentry Data API
bK23H00O,2023 HO,(2023 HO),2084-2084,1,4.051e-08,-7.29,-7.29,0,25.41,0.028,25.31,2023-04-26,2460060.5,NASA/JPL CNEOS Sentry Data API
bK23M03B,2023 MB3,(2023 MB3),2104-2104,3,1.19454e-05,-7.62,-7.93,0,30.00,0.0034,8.68933246270531,2023-06-23,2460118.5,NASA/JPL CNEOS Sentry Data API
bK17FF8X,2017 FX158,(2017 FX158),2118-2118,2,3.3899e-07,-8.76,-8.89,0,28.99,0.0054,8.34743974748518,2017-03-27,2457839.5,NASA/JPL CNEOS Sentry Data API
bK22K02X,2022 KX2,(2022 KX2),2065-2122,49,6.014303e-06,-6.82,-7.63,0,27.77,0.0095,6.87067782750553,2022-06-03,2459733.5,NASA/JPL CNEOS Sentry Data API
bK22UC3U,2022 UU123,(2022 UU123),2119-2119,1,8.029e-10,-12.14,-12.14,0,30.55,0.0026,8.65,2022-10-22,2459874.5,NASA/JPL CNEOS Sentry Data API
bK23H05Z,2023 HZ5,(2023 HZ5),2069-2113,6,3.4642238e-05,-6.10,-6.12,0,27.85,0.0091,6.26001410070562,2023-04-27,2460061.5,NASA/JPL CNEOS Sentry Data API
bK10J88L,2010 JL88,(2010 JL88),2037-2122,193,5.90141951e-05,-5.12,-5.83,0,26.78,0.015,14.8692887953834,2010-05-17,2455333.5,NASA/JPL CNEOS Sentry Data API
bK21G12U,2021 GU12,(2021 GU12),2096-2113,2,3.4334e-08,-9.16,-9.24,0,27.86,0.0091,8.92051144637968,2021-04-20,2459324.5,NASA/JPL CNEOS Sentry Data API
bJ94G00K,1994 GK,(1994 GK),2050-2067,9,1.6571386e-05,-4.18,-4.19,0,24.24,0.048,14.8816515450186,1994-04-10,2449452.5,NASA/JPL CNEOS Sentry Data API
bK19N04L,2019 NL4,(2019 NL4),2074-2120,4,1.31241e-07,-7.40,-7.53,0,26.07,0.021,13.9641762863739,2019-07-10,2458674.5,NASA/JPL CNEOS Sentry Data API
bK09F10Z,2009 FZ10,(2009 FZ10),2111-2115,4,1.023834e-05,-5.44,-5.46,0,25.48,0.027,13.0133019415257,2009-03-29,2454919.5,NASA/JPL CNEOS Sentry Data API
bK11A22Y,2011 AY22,(2011 AY22),2044-2118,34,2.93121007e-05,-5.66,-6.41,0,27.11,0.013,12.9780786526501,2011-01-12,2455573.5,NASA/JPL CNEOS Sentry Data API
bJ91B00A,1991 BA,(1991 BA),2027-2115,43,4.1830306e-06,-6.67,-6.96,0,28.79,0.00592,16.7227981196217,1991-01-18,2448274.5,NASA/JPL CNEOS Sentry Data API
bK00S45B,2000 SB45,(2000 SB45),2067-2118,194,0.0001584708656,-3.71,-4.18,0,24.34,0.0459,7.52859669417367,2000-09-29,2451816.5,NASA/JPL CNEOS Sentry Data API
bK04P42U,2004 PU42,(2004 PU42),2071-2122,45,7.61514717e-05,-5.12,-5.84,0,26.78,0.015,10.1157968534967,2004-08-14,2453231.5,NASA/JPL CNEOS Sentry Data API
bK19E00D,2019 ED,(2019 ED),2104-2119,3,8.229e-08,-8.44,-8.50,0,26.89,0.014,2.44323587313161,2019-04-03,2458576.5,NASA/JPL CNEOS Sentry Data API
bK21R04Y,2021 RY4,(2021 RY4),2110-2110,1,2.130e-07,-8.62,-8.62,0,28.40,0.0071,9.41,2021-10-01,2459488.5,NASA/JPL CNEOS Sentry Data API
bK16D31A,2016 DA31,(2016 DA31),2031-2122,289,0.0002782084673,-5.22,-5.45,0,29.90,0.00355,13.7371982969621,2016-02-29,2457447.5,NASA/JPL CNEOS Sentry Data API
bK21L00Q,2021 LQ,(2021 LQ),2112-2112,3,8.9584e-07,-5.69,-5.79,0,24.48,0.043,24.2379534291838,2021-06-12,2459377.5,NASA/JPL CNEOS Sentry Data API
bK21PL1A,2021 PA211,(2021 PA211),2089-2104,4,0.00017109341,-6.29,-6.29,0,29.77,0.0038,8.00035552742797,2021-08-06,2459432.5,NASA/JPL CNEOS Sentry Data API
bK21UC0P,2021 UP120,(2021 UP120),2030-2075,9,2.145528e-05,-7.42,-7.55,0,32.45,0.00109,13.2100873258238,2021-10-29,2459516.5,NASA/JPL CNEOS Sentry Data API
bK21F02M,2021 FM2,(2021 FM2),2070-2083,9,0.00108968934,-5.47,-5.47,0,30.27,0.003,10.8499461307018,2021-03-25,2459298.5,NASA/JPL CNEOS Sentry Data API
bK17K27Q,2017 KQ27,(2017 KQ27),2080-2117,2,6.7143e-07,-6.82,-6.90,0,25.80,0.023,10.9398856172646,2017-06-05,2457909.5,NASA/JPL CNEOS Sentry Data API
bK18A12L,2018 AL12,(2018 AL12),2113-2121,4,9.53432e-08,-7.03,-7.09,0,24.88,0.036,19.0960315680615,2018-01-25,2458143.5,NASA/JPL CNEOS Sentry Data API
bK05T50H,2005 TH50,(2005 TH50),2047-2118,37,6.9462809e-05,-5.76,-6.10,0,27.98,0.0086,4.94685002603336,2005-10-13,2453656.5,NASA/JPL CNEOS Sentry Data API
bK06C10M,2006 CM10,(2006 CM10),2092-2092,1,1.011e-06,-4.26,-4.26,0,21.73,0.15,22.34,2006-02-25,2453791.5,NASA/JPL CNEOS Sentry Data API
bK10C19K,2010 CK19,(2010 CK19),2089-2119,8,2.39438e-06,-7.40,-7.87,0,27.90,0.0089,5.01460269464329,2010-02-16,2455243.5,NASA/JPL CNEOS Sentry Data API
bK19T00U,2019 TU,(2019 TU),2086-2122,24,7.63075741e-05,-4.84,-4.86,0,26.02,0.021,9.71931888708804,2019-10-08,2458764.5,NASA/JPL CNEOS Sentry Data API
bK21V00B,2021 VB,(2021 VB),2085-2119,59,2.8280165e-05,-5.30,-5.87,0,25.81,0.023,6.22880680328421,2021-11-12,2459530.5,NASA/JPL CNEOS Sentry Data API
bK10U00H,2010 UH,(2010 UH),2061-2122,70,5.47961057e-05,-5.63,-5.85,0,27.08,0.013,6.73825783957125,2010-11-01,2455501.5,NASA/JPL CNEOS Sentry Data API
bK07E00V,2007 EV,(2007 EV),2080-2121,15,6.946816e-06,-5.44,-5.99,0,25.03,0.033,10.5920879464779,2007-03-15,2454174.5,NASA/JPL CNEOS Sentry Data API
bK07VI9F,2007 VF189,(2007 VF189),2098-2098,1,3.702e-09,-10.22,-10.22,0,28.34,0.0073,11.51,2007-11-13,2454417.5,NASA/JPL CNEOS Sentry Data API
bK17W01W,2017 WW1,(2017 WW1),2049-2055,4,8.93926e-08,-9.03,-9.46,0,29.69,0.0039,12.4491982110376,2017-11-21,2458078.5,NASA/JPL CNEOS Sentry Data API
bK16L10G,2016 LG10,(2016 LG10),2108-2120,5,2.64131e-06,-6.15,-6.51,0,25.51,0.027,8.69023556492801,2016-07-03,2457572.5,NASA/JPL CNEOS Sentry Data API
bK16N56P,2016 NP56,(2016 NP56),2057-2061,2,1.5112234e-06,-6.45,-6.45,0,26.22,0.019,2.0899985217275,2016-07-09,2457578.5,NASA/JPL CNEOS Sentry Data API
bK17U06L,2017 UL6,(2017 UL6),2041-2120,37,6.9002463e-05,-7.63,-8.11,0,32.00,0.00139,7.13156402504067,2017-10-28,2458054.5,NASA/JPL CNEOS Sentry Data API
bK13W00M,2013 WM,(2013 WM),2047-2105,2,3.764e-07,-5.25,-5.41,0,23.94,0.055,35.4049574920298,2013-12-07,2456633.5,NASA/JPL CNEOS Sentry Data API
bK18Y02O,2018 YO2,(2018 YO2),2115-2115,1,5.834e-09,-11.11,-11.11,0,29.97,0.0034,3.76,2019-01-17,2458500.5,NASA/JPL CNEOS Sentry Data API
bK19H03S,2019 HS3,(2019 HS3),2055-2083,7,9.95399e-06,-5.33,-5.37,0,26.95,0.014,26.1909201435806,2019-05-10,2458613.5,NASA/JPL CNEOS Sentry Data API
bK19K03Y,2019 KY3,(2019 KY3),2101-2121,8,3.337843e-07,-7.29,-7.50,0,26.59,0.016,16.6708733005117,2019-06-01,2458635.5,NASA/JPL CNEOS Sentry Data API
bK20B03H,2020 BH3,(2020 BH3),2059-2110,10,1.6996158e-06,-6.60,-7.21,0,26.07,0.021,7.12699352171238,2020-01-24,2458872.5,NASA/JPL CNEOS Sentry Data API
bK20F05P,2020 FP5,(2020 FP5),2110-2122,32,3.9584776e-06,-8.09,-8.68,0,29.73,0.0038,7.15095567270609,2020-03-26,2458934.5,NASA/JPL CNEOS Sentry Data API
bK17U43P,2017 UP43,(2017 UP43),2110-2121,9,7.934e-06,-6.12,-6.48,0,26.35,0.018,7.91342843458533,2017-11-16,2458073.5,NASA/JPL CNEOS Sentry Data API
bK18B06Q,2018 BQ6,(2018 BQ6),2078-2081,2,5.1268e-09,-9.52,-9.58,0,27.40,0.011,10.048794959819,2018-01-30,2458148.5,NASA/JPL CNEOS Sentry Data API
bK19S00X,2019 SX,(2019 SX),2046-2120,96,0.0005252265744,-5.39,-5.62,0,29.54,0.0042,14.4312192961651,2019-09-20,2458746.5,NASA/JPL CNEOS Sentry Data API
bK17Y03O,2017 YO3,(2017 YO3),2049-2104,14,4.1492594e-05,-5.72,-5.77,0,28.16,0.0079,8.30877987286117,2017-12-25,2458112.5,NASA/JPL CNEOS Sentry Data API
bK18G00E,2018 GE,(2018 GE),2111-2111,2,1.584309e-07,-8.49,-8.49,0,27.50,0.011,1.96996017822281,2018-04-23,2458231.5,NASA/JPL CNEOS Sentry Data API
bK07D00C,2007 DC,(2007 DC),2048-2120,82,1.33099469e-05,-6.15,-6.90,0,27.48,0.011,6.74210098666885,2007-02-25,2454156.5,NASA/JPL CNEOS Sentry Data API
bK19A02W,2019 AW2,(2019 AW2),2072-2072,1,1.680e-06,-5.85,-5.85,0,25.32,0.029,13.73,2019-01-17,2458500.5,NASA/JPL CNEOS Sentry Data API
bK20F00D,2020 FD,(2020 FD),2027-2106,18,3.776783e-06,-5.96,-6.57,0,27.64,0.01,15.4129456285945,2020-03-17,2458925.5,NASA/JPL CNEOS Sentry Data API
bK20B01Y,2020 BY1,(2020 BY1),2049-2049,2,7.90754e-06,-5.29,-5.29,0,26.38,0.018,16.6399727601757,2020-02-02,2458881.5,NASA/JPL CNEOS Sentry Data API
bK20C02F,2020 CF2,(2020 CF2),2108-2122,11,2.681239e-05,-6.28,-6.49,0,27.58,0.01,3.16945901502999,2020-03-24,2458932.5,NASA/JPL CNEOS Sentry Data API
bK06UI5J,2006 UJ185,(2006 UJ185),2052-2118,19,2.9587074e-06,-6.87,-7.42,0,27.90,0.0089,15.4456122159968,2006-10-29,2454037.5,NASA/JPL CNEOS Sentry Data API
bK06WI4Z,2006 WZ184,(2006 WZ184),2071-2121,85,1.49564668e-05,-5.70,-6.55,0,26.05,0.021,7.25707635897002,2006-12-25,2454094.5,NASA/JPL CNEOS Sentry Data API
bK02RB7C,2002 RC117,(2002 RC117),2057-2057,1,1.950e-08,-7.41,-7.41,0,24.79,0.037,12.01,2002-09-10,2452527.5,NASA/JPL CNEOS Sentry Data API
bK07Y56S,2007 YS56,(2007 YS56),2104-2115,4,4.91405e-06,-6.04,-6.31,0,25.82,0.023,9.13982926506649,2008-01-11,2454476.5,NASA/JPL CNEOS Sentry Data API
bK15J01C,2015 JC1,(2015 JC1),2060-2102,5,1.54266e-07,-7.82,-8.16,0,27.10,0.013,15.2588873763499,2015-05-22,2457164.5,NASA/JPL CNEOS Sentry Data API
bK17V14F,2017 VF14,(2017 VF14),2080-2121,4,3.6093e-07,-8.21,-8.35,0,28.46,0.0069,11.8583500955864,2017-11-21,2458078.5,NASA/JPL CNEOS Sentry Data API
bK17W30E,2017 WE30,(2017 WE30),2038-2100,9,4.75299e-08,-10.00,-10.07,0,31.84,0.00144,17.5641407619204,2017-11-26,2458083.5,NASA/JPL CNEOS Sentry Data API
bK17W15L,2017 WL15,(2017 WL15),2058-2114,13,2.6502254e-06,-5.87,-6.36,0,25.82,0.023,18.005042375641,2017-11-26,2458083.5,NASA/JPL CNEOS Sentry Data API
bK18B05X,2018 BX5,(2018 BX5),2087-2122,31,2.417131e-06,-7.84,-8.34,0,28.97,0.0054,7.78402250022858,2018-01-27,2458145.5,NASA/JPL CNEOS Sentry Data API
bK12C46S,2012 CS46,(2012 CS46),2116-2116,1,5.057e-08,-9.00,-9.00,0,27.68,0.0099,6.72,2012-02-15,2455972.5,NASA/JPL CNEOS Sentry Data API
bK22E00T,2022 ET,(2022 ET),2117-2117,1,2.019e-06,-8.59,-8.59,0,30.19,0.0031,7.10,2022-03-07,2459645.5,NASA/JPL CNEOS Sentry Data API
bK10G07H,2010 GH7,(2010 GH7),2105-2124,94,0.000134268114,-5.46,-6.54,0,27.34,0.0119,5.04365005715356,2010-04-17,2455303.5,NASA/JPL CNEOS Sentry Data API
bK11M00D,2011 MD,(2011 MD),2098-2124,39,0.00036184486,-5.39,-6.12,0,28.02,0.0084,1.48848922049079,2014-02-12,2456700.5,NASA/JPL CNEOS Sentry Data API
bK24G01O,2024 GO1,(2024 GO1),2043-2122,15,3.023245e-06,-6.47,-6.58,0,27.20,0.012,8.70892956740192,2024-04-17,2460417.5,NASA/JPL CNEOS Sentry Data API
bK24H00A,2024 HA,(2024 HA),2112-2112,2,1.0207e-05,-8.29,-8.47,0,31.76,0.0015,18.14,2024-04-16,2460416.5,NASA/JPL CNEOS Sentry Data API
bK20U00C,2020 UC,(2020 UC),2049-2120,96,0.000128944797,-5.35,-5.92,0,27.55,0.01,7.57055300106448,2020-10-17,2459139.5,NASA/JPL CNEOS Sentry Data API
bK21R10N,2021 RN10,(2021 RN10),2121-2121,2,5.13e-08,-8.63,-8.82,0,27.48,0.011,16.46,2021-09-15,2459472.5,NASA/JPL CNEOS Sentry Data API
bK21T15H,2021 TH15,(2021 TH15),2069-2069,1,2.953e-10,-11.31,-11.31,0,28.85,0.0058,12.24,2021-10-15,2459502.5,NASA/JPL CNEOS Sentry Data API
bK21R06B,2021 RB6,(2021 RB6),2075-2117,14,0.000429833481,-4.92,-4.95,0,27.97,0.0086,9.22913898463857,2021-10-01,2459488.5,NASA/JPL CNEOS Sentry Data API
bK18V08A,2018 VA8,(2018 VA8),2098-2120,58,3.36360946e-05,-5.55,-5.94,0,26.85,0.014,11.8237520035397,2018-11-19,2458441.5,NASA/JPL CNEOS Sentry Data API
bK19F00A,2019 FA,(2019 FA),2036-2111,60,7.15520636999999e-05,-5.64,-6.10,0,28.72,0.0061,5.67760684994751,2019-04-03,2458576.5,NASA/JPL CNEOS Sentry Data API
bK05E70L,2005 EL70,(2005 EL70),2034-2034,1,2.288e-07,-4.83,-4.83,0,24.07,0.052,35.53,2005-03-10,2453439.5,NASA/JPL CNEOS Sentry Data API
bK18J00N,2018 JN,(2018 JN),2100-2120,6,1.20953e-05,-5.35,-5.51,0,25.09,0.033,7.76475515282796,2018-06-21,2458290.5,NASA/JPL CNEOS Sentry Data API
bK12D14J,2012 DJ14,(2012 DJ14),2119-2119,1,1.456e-08,-8.38,-8.38,0,25.72,0.024,14.32,2012-02-23,2455980.5,NASA/JPL CNEOS Sentry Data API
bK20E00D,2020 ED,(2020 ED),2096-2120,7,4.291752e-05,-5.59,-5.74,0,26.89,0.014,7.08722276590073,2020-03-07,2458915.5,NASA/JPL CNEOS Sentry Data API
bK18B06N,2018 BN6,(2018 BN6),2077-2122,40,2.4231194e-05,-5.68,-5.97,0,26.76,0.015,10.2270580508744,2018-02-13,2458162.5,NASA/JPL CNEOS Sentry Data API
bK18T00B,2018 TB,(2018 TB),2103-2103,1,1.330e-06,-6.08,-6.08,0,24.82,0.037,8.98,2018-11-19,2458441.5,NASA/JPL CNEOS Sentry Data API
bK10Y00D,2010 YD,(2010 YD),2052-2091,2,1.269e-07,-7.69,-7.91,0,26.61,0.016,9.04837667454689,2011-01-04,2455565.5,NASA/JPL CNEOS Sentry Data API
bK18M05C,2018 MC5,(2018 MC5),2119-2121,2,1.32881e-06,-6.50,-6.52,0,25.26,0.03,4.07034474454587,2018-11-12,2458434.5,NASA/JPL CNEOS Sentry Data API
bK13R30O,2013 RO30,(2013 RO30),2044-2090,6,9.78805e-05,-5.84,-5.96,0,28.41,0.007,9.26087733511782,2013-09-07,2456542.5,NASA/JPL CNEOS Sentry Data API
bK13V13J,2013 VJ13,(2013 VJ13),2099-2099,1,3.597e-09,-7.90,-7.90,0,23.77,0.06,16.09,2013-12-07,2456633.5,NASA/JPL CNEOS Sentry Data API
bK15E00T,2015 ET,(2015 ET),2076-2120,14,1.0570425e-05,-5.88,-6.34,0,26.68,0.016,11.6712071558145,2015-03-25,2457106.5,NASA/JPL CNEOS Sentry Data API
bK16D00B,2016 DB,(2016 DB),2057-2082,3,3.88774e-08,-9.16,-9.29,0,28.46,0.0069,9.07638484055004,2016-02-17,2457435.5,NASA/JPL CNEOS Sentry Data API
bK19X00R,2019 XR,(2019 XR),2053-2053,1,4.521e-09,-9.68,-9.68,0,28.05,0.0083,8.10,2019-12-03,2458820.5,NASA/JPL CNEOS Sentry Data API
bK07B00B,2007 BB,(2007 BB),2076-2112,2,3.98461e-06,-6.97,-6.97,0,27.83,0.0092,4.43993321805647,2007-01-19,2454119.5,NASA/JPL CNEOS Sentry Data API
bK19J02R,2019 JR2,(2019 JR2),2079-2122,37,2.4801067e-05,-5.77,-5.94,0,27.05,0.013,13.3573347513637,2019-05-10,2458613.5,NASA/JPL CNEOS Sentry Data API
bK22B01D,2022 BD1,(2022 BD1),2051-2051,1,2.840e-08,-8.90,-8.90,0,29.24,0.0048,26.08,2022-01-26,2459605.5,NASA/JPL CNEOS Sentry Data API
bK09M01G,2009 MG1,(2009 MG1),2118-2118,1,2.326e-07,-6.32,-6.32,0,24.09,0.052,16.94,2009-07-02,2455014.5,NASA/JPL CNEOS Sentry Data API
bK18B06P,2018 BP6,(2018 BP6),2074-2074,1,1.080e-07,-6.66,-6.66,0,24.54,0.042,14.22,2018-02-06,2458155.5,NASA/JPL CNEOS Sentry Data API
bK03U26X,2003 UX26,(2003 UX26),2101-2101,1,2.280e-08,-7.49,-7.49,0,24.29,0.047,11.53,2003-11-01,2452944.5,NASA/JPL CNEOS Sentry Data API
bK22J01V,2022 JV1,(2022 JV1),2074-2122,80,6.3993299e-05,-5.75,-6.65,0,27.48,0.011,6.44519983568905,2022-05-12,2459711.5,NASA/JPL CNEOS Sentry Data API
bK11O26B,2011 OB26,(2011 OB26),2089-2122,94,5.72422448e-05,-4.74,-5.24,0,25.48,0.027,10.9880659138476,2011-08-07,2455780.5,NASA/JPL CNEOS Sentry Data API
bK14UH6A,2014 UA176,(2014 UA176),2078-2078,1,7.234e-08,-8.14,-8.14,0,26.85,0.014,9.22,2014-11-06,2456967.5,NASA/JPL CNEOS Sentry Data API
bK14WK1A,2014 WA201,(2014 WA201),2074-2084,12,0.000160637289,-4.68,-4.68,0,26.81,0.015,11.5697024596823,2014-12-19,2457010.5,NASA/JPL CNEOS Sentry Data API
bK11UG9M,2011 UM169,(2011 UM169),2099-2108,24,3.14161878e-05,-4.65,-4.87,0,25.05,0.033,13.9628478052961,2011-11-03,2455868.5,NASA/JPL CNEOS Sentry Data API
bK13E27V,2013 EV27,(2013 EV27),2038-2087,3,2.924104e-05,-4.85,-4.85,0,26.96,0.014,12.3694292679057,2013-03-14,2456365.5,NASA/JPL CNEOS Sentry Data API
bK14K45C,2014 KC45,(2014 KC45),2066-2122,42,1.4723271e-05,-7.09,-7.57,0,29.39,0.0045,8.9109605773065,2014-05-28,2456805.5,NASA/JPL CNEOS Sentry Data API
bK03Y70S,2003 YS70,(2003 YS70),2065-2122,34,2.637124e-05,-6.85,-7.14,0,28.84,0.0058,3.15876257240843,2003-12-27,2453000.5,NASA/JPL CNEOS Sentry Data API
bK06B08M,2006 BM8,(2006 BM8),2096-2122,32,4.3344014e-06,-5.72,-6.17,0,25.40,0.028,14.7852719252075,2006-02-06,2453772.5,NASA/JPL CNEOS Sentry Data API
bK09V00A,2009 VA,(2009 VA),2026-2043,4,1.843174e-05,-4.91,-4.92,0,28.60,0.00644,8.10387450126792,2009-11-06,2455141.5,NASA/JPL CNEOS Sentry Data API
bK07U06D,2007 UD6,(2007 UD6),2058-2106,80,8.5749452e-05,-5.84,-6.44,0,28.31,0.0074,5.98699968554901,2007-11-03,2454407.5,NASA/JPL CNEOS Sentry Data API
bK08E09A,2008 EA9,(2008 EA9),2053-2122,160,6.13155085e-05,-5.80,-6.66,0,27.73,0.0096,1.25199878009655,2008-04-03,2454559.5,NASA/JPL CNEOS Sentry Data API
bK07U06O,2007 UO6,(2007 UO6),2031-2113,12,1.9215575e-05,-5.12,-5.31,0,27.35,0.0115,11.6794612235127,2007-10-23,2454396.5,NASA/JPL CNEOS Sentry Data API
bK07U51S,2007 US51,(2007 US51),2079-2120,22,1.53387068e-05,-6.00,-6.42,0,27.21,0.012,15.2519225024889,2007-11-07,2454411.5,NASA/JPL CNEOS Sentry Data API
bK22G02B,2022 GB2,(2022 GB2),2058-2108,49,4.06460609e-05,-6.42,-6.71,0,28.90,0.0056,5.65531471355936,2022-04-09,2459678.5,NASA/JPL CNEOS Sentry Data API
bK15N03D,2015 ND3,(2015 ND3),2120-2120,1,1.302e-08,-8.76,-8.76,0,25.99,0.021,8.12,2015-08-13,2457247.5,NASA/JPL CNEOS Sentry Data API
bK17V14C,2017 VC14,(2017 VC14),2077-2111,2,1.09313e-07,-8.80,-8.84,0,28.34,0.0073,11.506975199656,2017-11-18,2458075.5,NASA/JPL CNEOS Sentry Data API
bK18A02T,2018 AT2,(2018 AT2),2109-2115,2,1.4751e-07,-8.52,-8.56,0,27.70,0.00979,7.10920615551488,2018-01-20,2458138.5,NASA/JPL CNEOS Sentry Data API
bK18C00M,2018 CM,(2018 CM),2054-2120,19,0.000157254448,-5.20,-5.29,0,27.81,0.0093,9.49614453627411,2018-02-06,2458155.5,NASA/JPL CNEOS Sentry Data API
bK18G02E,2018 GE2,(2018 GE2),2060-2122,46,8.4269294e-05,-5.30,-5.77,0,27.02,0.013,6.11298335073271,2018-05-16,2458254.5,NASA/JPL CNEOS Sentry Data API
bK19S00J,2019 SJ,(2019 SJ),2082-2123,21,0.000568230388,-4.76,-5.07,0,27.58,0.01,8.51561174137698,2019-10-05,2458761.5,NASA/JPL CNEOS Sentry Data API
bK20B05W,2020 BW5,(2020 BW5),2046-2122,31,3.2628469e-05,-4.96,-5.00,0,26.41,0.018,8.66537262290793,2020-02-07,2458886.5,NASA/JPL CNEOS Sentry Data API
bK19U08N,2019 UN8,(2019 UN8),2093-2122,6,5.22546e-07,-8.53,-8.92,0,29.70,0.0039,19.3173080264704,2019-10-29,2458785.5,NASA/JPL CNEOS Sentry Data API
bK19Y00S,2019 YS,(2019 YS),2101-2116,5,2.7491e-07,-10.09,-10.47,0,31.51,0.0017,6.25696373358554,2019-12-20,2458837.5,NASA/JPL CNEOS Sentry Data API
bJ95C00S,1995 CS,(1995 CS),2042-2063,14,2.578348e-06,-5.07,-5.23,0,25.47,0.0275,25.2247233655038,1995-02-07,2449755.5,NASA/JPL CNEOS Sentry Data API
bK18S02D,2018 SD2,(2018 SD2),2065-2120,91,8.40255984e-05,-6.06,-6.57,0,28.41,0.0071,2.84819886207439,2018-09-23,2458384.5,NASA/JPL CNEOS Sentry Data API
bK23K04J,2023 KJ4,(2023 KJ4),2092-2119,5,4.5827e-08,-8.60,-8.95,0,27.00,0.013,9.5879418246885,2023-06-13,2460108.5,NASA/JPL CNEOS Sentry Data API
bK23L01P,2023 LP1,(2023 LP1),2064-2075,7,7.48338e-07,-8.25,-8.65,0,29.64,0.004,13.2685442407041,2023-06-15,2460110.5,NASA/JPL CNEOS Sentry Data API
bK23M05W,2023 MW5,(2023 MW5),2051-2122,37,5.4490503e-05,-5.56,-6.24,0,27.03,0.013,7.10983674421211,2023-06-30,2460125.5,NASA/JPL CNEOS Sentry Data API
bK18W00R,2018 WR,(2018 WR),2114-2116,2,8.0264e-08,-8.05,-8.07,0,26.14,0.02,6.8106015150005,2018-12-09,2458461.5,NASA/JPL CNEOS Sentry Data API
bK19Q00R,2019 QR,(2019 QR),2089-2089,1,2.462e-07,-7.47,-7.47,0,26.21,0.019,6.24,2019-08-25,2458720.5,NASA/JPL CNEOS Sentry Data API
bK21A04B,2021 AB4,(2021 AB4),2078-2117,46,2.53843975e-05,-5.79,-6.31,0,26.82,0.015,5.89795004841064,2021-02-01,2459246.5,NASA/JPL CNEOS Sentry Data API
bK03SM2Q,2003 SQ222,(2003 SQ222),2101-2101,1,1.112e-08,-10.44,-10.44,0,29.99,0.0034,15.06,2003-10-02,2452914.5,NASA/JPL CNEOS Sentry Data API
bK22J01R,2022 JR1,(2022 JR1),2065-2067,2,2.8042e-06,-6.37,-6.40,0,27.36,0.011,19.757786177876,2022-05-24,2459723.5,NASA/JPL CNEOS Sentry Data API
bK21F02F,2021 FF2,(2021 FF2),2075-2108,3,6.1679e-08,-8.97,-9.19,0,28.09,0.0082,9.38425509492696,2021-03-23,2459296.5,NASA/JPL CNEOS Sentry Data API
bK21F01T,2021 FT1,(2021 FT1),2097-2097,1,1.045e-07,-6.66,-6.66,0,24.46,0.043,19.40,2021-03-25,2459298.5,NASA/JPL CNEOS Sentry Data API
bK07C27C,2007 CC27,(2007 CC27),2056-2102,62,7.59996921e-05,-5.11,-5.62,0,26.88,0.014,10.8777071263819,2007-02-19,2454150.5,NASA/JPL CNEOS Sentry Data API
bK20W01A,2020 WA1,(2020 WA1),2044-2078,4,1.117247e-07,-8.34,-8.67,0,28.65,0.0063,19.849048455713,2020-11-21,2459174.5,NASA/JPL CNEOS Sentry Data API
bK21Y00B,2021 YB,(2021 YB),2099-2120,3,1.09452e-06,-7.62,-7.67,0,27.49,0.011,5.55170156781055,2021-12-21,2459569.5,NASA/JPL CNEOS Sentry Data API
bK22A02T,2022 AT2,(2022 AT2),2080-2080,1,2.638e-04,-4.71,-4.71,0,26.94,0.014,6.44,2022-03-10,2459648.5,NASA/JPL CNEOS Sentry Data API
bK21Y00W,2021 YW,(2021 YW),2093-2109,32,1.72523682e-05,-4.61,-5.08,0,25.03,0.0331,24.9631230027887,2022-01-08,2459587.5,NASA/JPL CNEOS Sentry Data API
bK22C00S,2022 CS,(2022 CS),2072-2075,3,2.77072e-06,-5.90,-5.99,0,25.94,0.022,14.4696754634175,2022-02-25,2459635.5,NASA/JPL CNEOS Sentry Data API
bK22A01O,2022 AO1,(2022 AO1),2113-2114,2,2.948e-07,-8.89,-8.92,0,29.54,0.0042,13.9626729986431,2022-01-09,2459588.5,NASA/JPL CNEOS Sentry Data API
bK21S01U,2021 SU1,(2021 SU1),2054-2120,43,0.000203459308,-4.50,-4.60,0,26.55,0.017,6.23712126790483,2021-12-01,2459549.5,NASA/JPL CNEOS Sentry Data API
bK22U15V,2022 UV15,(2022 UV15),2048-2123,72,7.4971948e-05,-4.84,-5.33,0,26.00,0.021,11.3154826357186,2022-11-13,2459896.5,NASA/JPL CNEOS Sentry Data API
bK07V03C,2007 VC3,(2007 VC3),2099-2099,1,1.837e-08,-7.82,-7.82,0,24.82,0.037,11.95,2007-11-08,2454412.5,NASA/JPL CNEOS Sentry Data API
bK14G01N,2014 GN1,(2014 GN1),2061-2065,2,2.085322e-05,-4.08,-4.08,0,24.59,0.041,21.229988865029,2014-04-06,2456753.5,NASA/JPL CNEOS Sentry Data API
bK09H44S,2009 HS44,(2009 HS44),2111-2111,1,6.725e-06,-5.97,-5.97,0,26.55,0.017,18.29,2009-04-26,2454947.5,NASA/JPL CNEOS Sentry Data API
bK11Y63C,2011 YC63,(2011 YC63),2034-2105,5,4.4435002e-06,-6.33,-6.34,0,28.98,0.0054,18.828778738887,2012-01-01,2455927.5,NASA/JPL CNEOS Sentry Data API
bK11Y01Q,2011 YQ1,(2011 YQ1),2113-2113,2,1.39814e-06,-6.40,-6.41,0,25.60,0.026,11.6503800763872,2011-12-28,2455923.5,NASA/JPL CNEOS Sentry Data API
bK08C01T,2008 CT1,(2008 CT1),2028-2122,73,0.0002283769299,-4.97,-5.30,0,27.57,0.0101,13.7723369290858,2008-02-03,2454499.5,NASA/JPL CNEOS Sentry Data API
bK21B02O,2021 BO2,(2021 BO2),2050-2050,1,1.610e-07,-8.16,-8.16,0,28.41,0.0071,10.30,2021-01-18,2459232.5,NASA/JPL CNEOS Sentry Data API
bK20M00J,2020 MJ,(2020 MJ),2083-2107,38,0.000101526094,-4.15,-4.36,0,25.26,0.03,17.0553422021042,2020-06-27,2459027.5,NASA/JPL CNEOS Sentry Data API
bK11E00B,2011 EB,(2011 EB),2070-2122,6,3.37228e-05,-5.45,-5.53,0,26.91,0.014,10.3111849253324,2011-03-10,2455630.5,NASA/JPL CNEOS Sentry Data API
bK13Q48M,2013 QM48,(2013 QM48),2091-2122,34,4.0142158e-06,-6.92,-7.71,0,27.41,0.011,7.47052388563664,2013-09-12,2456547.5,NASA/JPL CNEOS Sentry Data API
bK13C00Y,2013 CY,(2013 CY),2058-2120,19,3.6420157e-06,-7.36,-8.06,0,28.19,0.0078,2.41909604288636,2013-03-14,2456365.5,NASA/JPL CNEOS Sentry Data API
bK22N00X,2022 NX,(2022 NX),2088-2121,7,4.38191e-06,-6.60,-6.94,0,26.65,0.016,4.90252846361518,2022-07-29,2459789.5,NASA/JPL CNEOS Sentry Data API
bK17R17W,2017 RW17,(2017 RW17),2081-2081,1,1.740e-09,-11.08,-11.08,0,29.84,0.0036,13.79,2017-09-15,2458011.5,NASA/JPL CNEOS Sentry Data API
bK16L10P,2016 LP10,(2016 LP10),2033-2119,36,9.6204314e-05,-6.02,-6.43,0,29.51,0.00423,15.5503670147266,2016-06-09,2457548.5,NASA/JPL CNEOS Sentry Data API
bK20J00K,2020 JK,(2020 JK),2063-2122,50,8.8886102e-06,-4.59,-5.45,0,24.06,0.0523,18.6415437891517,2020-05-05,2458974.5,NASA/JPL CNEOS Sentry Data API
bK20K02N,2020 KN2,(2020 KN2),2063-2121,24,4.2869239e-05,-5.01,-5.03,0,26.32,0.018,7.88058449696296,2020-06-03,2459003.5,NASA/JPL CNEOS Sentry Data API
bK21H09Y,2021 HY9,(2021 HY9),2101-2101,1,4.803e-06,-7.03,-7.03,0,28.09,0.0082,10.27,2021-04-22,2459326.5,NASA/JPL CNEOS Sentry Data API
bK21J06B,2021 JB6,(2021 JB6),2103-2122,12,2.4346995e-06,-7.78,-8.30,0,28.78,0.0059,8.58465315534833,2021-05-13,2459347.5,NASA/JPL CNEOS Sentry Data API
bK19T00D,2019 TD,(2019 TD),2042-2060,2,1.8347e-06,-7.57,-7.76,0,29.18,0.0049,9.78847440998528,2019-10-07,2458763.5,NASA/JPL CNEOS Sentry Data API
bK16J05S,2016 JS5,(2016 JS5),2121-2121,1,4.525e-08,-10.18,-10.18,0,30.62,0.0025,16.71,2016-05-05,2457513.5,NASA/JPL CNEOS Sentry Data API
bK08E84V,2008 EV84,(2008 EV84),2041-2041,1,7.219e-07,-5.76,-5.76,0,25.35,0.029,12.92,2008-03-12,2454537.5,NASA/JPL CNEOS Sentry Data API
bK17R16N,2017 RN16,(2017 RN16),2060-2121,63,5.4256299e-05,-6.51,-6.67,0,29.06,0.0052,8.13510736882366,2017-09-20,2458016.5,NASA/JPL CNEOS Sentry Data API
bK22R02D,2022 RD2,(2022 RD2),2080-2124,101,0.0009742776,-5.20,-5.81,0,28.56,0.0066,0.41075813505309,2022-10-23,2459875.5,NASA/JPL CNEOS Sentry Data API
bK20G01Z,2020 GZ1,(2020 GZ1),2040-2040,2,8.7477e-08,-6.57,-6.60,0,26.03,0.021,28.2411813390949,2020-04-04,2458943.5,NASA/JPL CNEOS Sentry Data API
bK10C19S,2010 CS19,(2010 CS19),2104-2116,8,5.397802e-05,-6.06,-6.10,0,28.00,0.0085,6.81944644134779,2010-02-20,2455247.5,NASA/JPL CNEOS Sentry Data API
bK17T05A,2017 TA5,(2017 TA5),2083-2117,16,7.636124e-06,-6.39,-6.88,0,27.22,0.012,10.7398283422323,2017-10-15,2458041.5,NASA/JPL CNEOS Sentry Data API
bK22E03E,2022 EE3,(2022 EE3),2113-2113,1,1.273e-08,-6.40,-6.40,0,22.27,0.12,27.78,2022-03-31,2459669.5,NASA/JPL CNEOS Sentry Data API
bK22F03Z,2022 FZ3,(2022 FZ3),2047-2054,4,2.97974e-06,-7.12,-7.22,0,28.83,0.0058,8.25505909911603,2022-04-03,2459672.5,NASA/JPL CNEOS Sentry Data API
bK20D02O,2020 DO2,(2020 DO2),2083-2083,1,7.255e-08,-7.74,-7.74,0,26.78,0.015,22.86,2020-02-25,2458904.5,NASA/JPL CNEOS Sentry Data API
bK20D03N,2020 DN3,(2020 DN3),2107-2117,4,3.317964e-07,-7.53,-7.85,0,26.83,0.015,13.887182501076,2020-03-05,2458913.5,NASA/JPL CNEOS Sentry Data API
bK07E00K,2007 EK,(2007 EK),2093-2093,1,3.846e-08,-9.70,-9.70,0,29.26,0.0048,8.33,2007-03-13,2454172.5,NASA/JPL CNEOS Sentry Data API
bK08V00M,2008 VM,(2008 VM),2031-2031,1,3.610e-05,-6.05,-6.05,0,30.16,0.0032,10.28,2008-11-03,2454773.5,NASA/JPL CNEOS Sentry Data API
bK04F04M,2004 FM4,(2004 FM4),2110-2119,3,2.29213e-08,-7.60,-7.84,0,24.55,0.042,14.8161227330038,2004-03-31,2453095.5,NASA/JPL CNEOS Sentry Data API
bK05T00A,2005 TA,(2005 TA),2082-2121,80,2.743022e-05,-6.08,-6.68,0,27.23,0.012,4.81158767702191,2005-10-05,2453648.5,NASA/JPL CNEOS Sentry Data API
bK18B03P,2018 BP3,(2018 BP3),2099-2115,2,6.7715e-07,-8.36,-8.43,0,28.75,0.006,6.92121612641217,2018-01-28,2458146.5,NASA/JPL CNEOS Sentry Data API
bK18E03V,2018 EV3,(2018 EV3),2081-2121,13,4.96608258e-05,-5.58,-5.64,0,27.12,0.013,12.5815005174964,2018-03-13,2458190.5,NASA/JPL CNEOS Sentry Data API
bK19P00G,2019 PG,(2019 PG),2101-2119,5,2.102936e-06,-6.34,-6.53,0,25.59,0.026,7.20835709693495,2019-08-25,2458720.5,NASA/JPL CNEOS Sentry Data API
bK15Bp3P,2015 BP513,(2015 BP513),2088-2088,1,8.364e-09,-9.16,-9.16,0,26.76,0.015,7.49,2015-01-29,2457051.5,NASA/JPL CNEOS Sentry Data API
bK15Bp6W,2015 BW516,(2015 BW516),2052-2114,6,6.26790848e-05,-5.32,-5.62,0,27.66,0.0099,11.4862687408607,2015-01-28,2457050.5,NASA/JPL CNEOS Sentry Data API
bK18X03X,2018 XX3,(2018 XX3),2088-2118,3,1.21796e-06,-8.52,-8.63,0,29.68,0.0039,4.41,2018-12-25,2458477.5,NASA/JPL CNEOS Sentry Data API
bK20X01K,2020 XK1,(2020 XK1),2070-2121,41,1.290591e-05,-7.89,-8.50,0,30.58,0.0026,5.83202609502159,2020-12-08,2459191.5,NASA/JPL CNEOS Sentry Data API
bK19M02T,2019 MT2,(2019 MT2),2079-2121,13,5.036176e-06,-6.21,-6.63,0,26.43,0.0176,11.3649753662303,2019-07-07,2458671.5,NASA/JPL CNEOS Sentry Data API
bK12L00J,2012 LJ,(2012 LJ),2069-2072,2,2.5383e-06,-5.67,-5.67,0,25.61,0.026,18.6811196470078,2012-06-10,2456088.5,NASA/JPL CNEOS Sentry Data API
bK12S09U,2012 SU9,(2012 SU9),2100-2119,4,1.54697e-06,-7.13,-7.37,0,27.22,0.012,10.8557467177773,2012-09-24,2456194.5,NASA/JPL CNEOS Sentry Data API
bK17J03G,2017 JG3,(2017 JG3),2084-2084,1,1.611e-07,-7.27,-7.27,0,25.65,0.025,8.71,2017-05-21,2457894.5,NASA/JPL CNEOS Sentry Data API
bK10X00X,2010 XX,(2010 XX),2100-2100,1,8.106e-08,-8.42,-8.42,0,27.18,0.012,8.64,2010-12-10,2455540.5,NASA/JPL CNEOS Sentry Data API
bK07F03P,2007 FP3,(2007 FP3),2059-2122,27,2.1284891e-06,-7.50,-7.97,0,28.42,0.007,9.65003545284775,2007-03-21,2454180.5,NASA/JPL CNEOS Sentry Data API
bK11B59U,2011 BU59,(2011 BU59),2089-2122,20,3.318462e-06,-6.27,-6.61,0,26.14,0.02,11.3161338927491,2011-02-07,2455599.5,NASA/JPL CNEOS Sentry Data API
bK11E00C,2011 EC,(2011 EC),2051-2051,1,7.858e-08,-7.24,-7.24,0,25.58,0.026,6.83,2011-03-06,2455626.5,NASA/JPL CNEOS Sentry Data API
bK16E28O,2016 EO28,(2016 EO28),2035-2065,35,0.00059737306,-4.63,-4.65,0,29.12,0.0051,6.98175899612882,2016-03-16,2457463.5,NASA/JPL CNEOS Sentry Data API
bK11A22Z,2011 AZ22,(2011 AZ22),2034-2095,4,9.2426e-07,-7.22,-7.27,0,28.64,0.00635,12.5005208491117,2011-01-11,2455572.5,NASA/JPL CNEOS Sentry Data API
bK15Y00J,2015 YJ,(2015 YJ),2042-2122,119,0.0016384715592,-4.05,-4.28,0,28.28,0.0075,16.34731253167,2015-12-19,2457375.5,NASA/JPL CNEOS Sentry Data API
bK16B15Q,2016 BQ15,(2016 BQ15),2072-2072,1,3.627e-08,-7.21,-7.21,0,25.14,0.032,21.02,2016-02-07,2457425.5,NASA/JPL CNEOS Sentry Data API
bK16F14A,2016 FA14,(2016 FA14),2072-2094,5,1.041072e-07,-8.01,-8.21,0,27.35,0.011,15.2045797024605,2016-04-05,2457483.5,NASA/JPL CNEOS Sentry Data API
bK25T14S,2025 TS14,(2025 TS14),2077-2124,47,0.000124206197,-6.71,-6.95,0,30.05,0.0033,2.57351914590864,2025-10-13,2460961.5,NASA/JPL CNEOS Sentry Data API
bK20S00C,2020 SC,(2020 SC),2102-2102,1,6.348e-09,-8.91,-8.91,0,26.69,0.016,21.90,2020-09-20,2459112.5,NASA/JPL CNEOS Sentry Data API
bK19D00X,2019 DX,(2019 DX),2051-2119,23,1.01364351e-05,-6.08,-6.33,0,27.00,0.013,12.3923376011158,2019-03-03,2458545.5,NASA/JPL CNEOS Sentry Data API
bK20A01C,2020 AC1,(2020 AC1),2096-2121,14,4.66186e-06,-7.40,-8.03,0,28.42,0.007,6.24867008018259,2020-01-14,2458862.5,NASA/JPL CNEOS Sentry Data API
bK13X21S,2013 XS21,(2013 XS21),2079-2111,12,8.8125e-06,-7.41,-7.67,0,29.38,0.0045,7.50346106099291,2013-12-14,2456640.5,NASA/JPL CNEOS Sentry Data API
bK14QQ6N,2014 QN266,(2014 QN266),2078-2120,7,1.95358e-06,-6.63,-6.77,0,26.21,0.019,2.84821845022983,2014-10-29,2456959.5,NASA/JPL CNEOS Sentry Data API
bK15Bp1E,2015 BE511,(2015 BE511),2057-2111,9,5.141637e-05,-6.09,-6.23,0,28.67,0.00628,9.86044586578166,2015-01-28,2457050.5,NASA/JPL CNEOS Sentry Data API
bK15HI3E,2015 HE183,(2015 HE183),2086-2114,3,1.291812e-07,-8.48,-8.49,0,28.20,0.0078,13.5788495384777,2015-04-26,2457138.5,NASA/JPL CNEOS Sentry Data API
bK08U92A,2008 UA92,(2008 UA92),2078-2078,1,1.308e-06,-7.13,-7.13,0,27.30,0.012,8.38,2008-10-30,2454769.5,NASA/JPL CNEOS Sentry Data API
bK06UL6Q,2006 UQ216,(2006 UQ216),2061-2120,23,4.5181614e-06,-6.83,-7.16,0,27.29,0.012,3.73203516678266,2006-11-01,2454040.5,NASA/JPL CNEOS Sentry Data API
bK08E84Z,2008 EZ84,(2008 EZ84),2072-2122,16,0.0001932788727,-4.37,-4.67,0,26.16,0.02,7.91442385443404,2008-03-15,2454540.5,NASA/JPL CNEOS Sentry Data API
bK10JB0H,2010 JH110,(2010 JH110),2071-2102,5,0.00010780762,-4.82,-4.96,0,26.29,0.019,8.06986708546205,2010-06-18,2455365.5,NASA/JPL CNEOS Sentry Data API
bK08H38C,2008 HC38,(2008 HC38),2029-2086,3,5.5836e-08,-6.65,-6.66,0,26.10,0.02,14.0526685292643,2008-05-08,2454594.5,NASA/JPL CNEOS Sentry Data API
bK09W25Q,2009 WQ25,(2009 WQ25),2094-2106,2,2.3785e-07,-6.16,-6.25,0,24.03,0.053,16.8860227033845,2009-11-27,2455162.5,NASA/JPL CNEOS Sentry Data API
bK20B05B,2020 BB5,(2020 BB5),2092-2121,16,0.000245646181,-6.16,-6.18,0,29.68,0.0039,8.82074171607008,2020-01-31,2458879.5,NASA/JPL CNEOS Sentry Data API
bK19J01O,2019 JO1,(2019 JO1),2044-2052,3,3.986527e-05,-5.00,-5.03,0,27.25,0.012,18.228488273126,2019-05-10,2458613.5,NASA/JPL CNEOS Sentry Data API
bK19F00E,2019 FE,(2019 FE),2095-2118,3,5.5689e-06,-5.12,-5.16,0,24.17,0.05,9.92967569897107,2019-05-10,2458613.5,NASA/JPL CNEOS Sentry Data API
bK07E88O,2007 EO88,(2007 EO88),2073-2111,22,8.682944e-06,-5.93,-6.46,0,26.43,0.018,10.9533543772711,2007-03-18,2454177.5,NASA/JPL CNEOS Sentry Data API
bK07U12N,2007 UN12,(2007 UN12),2089-2122,27,0.00039570904,-5.68,-6.16,0,28.79,0.0059,1.5672916701625,2021-01-13,2459227.5,NASA/JPL CNEOS Sentry Data API
bK07K04O,2007 KO4,(2007 KO4),2030-2113,35,1.8735353e-06,-4.40,-4.91,0,23.26,0.0756,13.7771406826442,2007-05-25,2454245.5,NASA/JPL CNEOS Sentry Data API
bK22G17F,2022 GF17,(2022 GF17),2076-2122,9,1.647837e-06,-6.72,-7.01,0,26.66,0.016,15.7386743895179,2022-04-10,2459679.5,NASA/JPL CNEOS Sentry Data API
bK22G03U,2022 GU3,(2022 GU3),2109-2116,4,7.073907e-06,-5.76,-5.77,0,25.59,0.026,8.40051619706055,2022-05-04,2459703.5,NASA/JPL CNEOS Sentry Data API
bK06QB1N,2006 QN111,(2006 QN111),2079-2079,1,1.931e-06,-5.20,-5.20,0,23.77,0.06,10.55,2006-09-03,2453981.5,NASA/JPL CNEOS Sentry Data API
bK06B07O,2006 BO7,(2006 BO7),2060-2067,2,9.736e-07,-8.03,-8.22,0,29.31,0.0047,9.8268714050945,2006-01-24,2453759.5,NASA/JPL CNEOS Sentry Data API
bK16L10E,2016 LE10,(2016 LE10),2035-2072,3,3.8642e-07,-7.20,-7.51,0,27.10,0.013,12.6309981367424,2016-06-09,2457548.5,NASA/JPL CNEOS Sentry Data API
bK17Q33M,2017 QM33,(2017 QM33),2084-2103,9,1.388231e-05,-6.08,-6.12,0,27.74,0.0096,17.6161809309834,2017-08-30,2457995.5,NASA/JPL CNEOS Sentry Data API
bK24Q02P,2024 QP2,(2024 QP2),2111-2111,1,8.020e-07,-4.74,-4.74,0,21.52,0.17,9.53,2025-03-23,2460757.5,NASA/JPL CNEOS Sentry Data API
bK18G03S,2018 GS3,(2018 GS3),2119-2119,1,5.235e-07,-6.70,-6.70,0,25.78,0.024,19.99,2018-04-20,2458228.5,NASA/JPL CNEOS Sentry Data API
bK11B40F,2011 BF40,(2011 BF40),2083-2083,1,1.243e-06,-5.70,-5.70,0,24.84,0.037,18.50,2011-02-03,2455595.5,NASA/JPL CNEOS Sentry Data API
bK11B40P,2011 BP40,(2011 BP40),2031-2119,29,1.7299071e-06,-5.76,-6.16,0,25.45,0.0276,3.45759326497937,2011-02-04,2455596.5,NASA/JPL CNEOS Sentry Data API
bK13R43R,2013 RR43,(2013 RR43),2039-2091,5,9.5921e-08,-6.75,-7.04,0,25.40,0.028,19.0435734614944,2013-09-24,2456559.5,NASA/JPL CNEOS Sentry Data API
bK16S01X,2016 SX1,(2016 SX1),2119-2119,1,3.712e-07,-8.63,-8.63,0,28.50,0.0067,2.70,2016-10-01,2457662.5,NASA/JPL CNEOS Sentry Data API
bK15HI2L,2015 HL182,(2015 HL182),2077-2077,1,6.568e-09,-6.86,-6.86,0,22.77,0.094,21.27,2015-04-22,2457134.5,NASA/JPL CNEOS Sentry Data API
bK15R36D,2015 RD36,(2015 RD36),2099-2099,1,1.171e-08,-6.34,-6.34,0,22.55,0.1,36.46,2015-10-07,2457302.5,NASA/JPL CNEOS Sentry Data API
bK15Y01M,2015 YM1,(2015 YM1),2095-2122,15,8.72363e-06,-7.01,-7.18,0,28.36,0.0072,6.81214121873578,2016-01-07,2457394.5,NASA/JPL CNEOS Sentry Data API
bK14Wa2R,2014 WR362,(2014 WR362),2078-2078,1,5.454e-08,-8.38,-8.38,0,27.29,0.012,12.07,2014-11-27,2456988.5,NASA/JPL CNEOS Sentry Data API
bK15F37H,2015 FH37,(2015 FH37),2078-2113,2,1.0607e-08,-7.92,-8.02,0,24.86,0.036,18.3047572357877,2015-03-26,2457107.5,NASA/JPL CNEOS Sentry Data API
bK18X02F,2018 XF2,(2018 XF2),2119-2119,2,1.4018e-06,-6.78,-7.02,0,26.23,0.019,9.90586959623342,2019-01-11,2458494.5,NASA/JPL CNEOS Sentry Data API
bK05W00Y,2005 WY,(2005 WY),2060-2107,2,4.093e-09,-9.42,-9.46,0,27.15,0.013,8.13627168336184,2005-11-27,2453701.5,NASA/JPL CNEOS Sentry Data API
bK19B01X,2019 BX1,(2019 BX1),2067-2120,7,3.80088e-06,-7.23,-7.58,0,28.12,0.0081,3.8948827113721,2019-02-05,2458519.5,NASA/JPL CNEOS Sentry Data API
bK17F64L,2017 FL64,(2017 FL64),2118-2118,1,4.766e-06,-7.56,-7.56,0,28.59,0.0065,2.43,2017-04-01,2457844.5,NASA/JPL CNEOS Sentry Data API
bK09C01Z,2009 CZ1,(2009 CZ1),2058-2111,3,9.87423e-07,-5.44,-5.67,0,24.42,0.044,17.8765610786866,2009-02-05,2454867.5,NASA/JPL CNEOS Sentry Data API
bJ93H01P,1993 HP1,(1993 HP1),2065-2112,2,5.586e-08,-8.40,-8.60,0,26.96,0.014,9.73497672753312,1993-04-27,2449104.5,NASA/JPL CNEOS Sentry Data API
bK12B01U,2012 BU1,(2012 BU1),2069-2121,34,4.83525016e-05,-5.88,-6.36,0,27.69,0.0098,8.96469816874997,2012-01-25,2455951.5,NASA/JPL CNEOS Sentry Data API
bK12C17L,2012 CL17,(2012 CL17),2096-2115,16,1.2016159e-06,-6.20,-6.68,0,25.71,0.0242,21.4870161563275,2012-02-11,2455968.5,NASA/JPL CNEOS Sentry Data API
bK18C00K,2018 CK,(2018 CK),2072-2073,2,7.72e-09,-8.68,-8.74,0,26.40,0.018,14.4149378238342,2018-02-16,2458165.5,NASA/JPL CNEOS Sentry Data API
bK18N00J,2018 NJ,(2018 NJ),2083-2122,29,0.0006577992,-4.79,-4.80,0,27.82,0.0093,5.85063143220606,2018-08-10,2458340.5,NASA/JPL CNEOS Sentry Data API
bK20C01Q,2020 CQ1,(2020 CQ1),2070-2122,50,0.00464635719,-4.32,-4.33,0,28.81,0.0059,4.90024764146468,2020-03-05,2458913.5,NASA/JPL CNEOS Sentry Data API
bK16F01C,2016 FC1,(2016 FC1),2082-2088,4,2.67668e-06,-7.52,-7.65,0,29.12,0.0051,15.1851976328885,2016-03-18,2457465.5,NASA/JPL CNEOS Sentry Data API
bK22H02O,2022 HO2,(2022 HO2),2065-2072,3,2.367101e-06,-5.63,-5.63,0,25.45,0.028,15.4799362046655,2022-04-30,2459699.5,NASA/JPL CNEOS Sentry Data API
bK08G02M,2008 GM2,(2008 GM2),2071-2122,61,4.1370483e-05,-6.42,-7.36,0,28.36,0.0072,4.61630448211108,2008-04-14,2454570.5,NASA/JPL CNEOS Sentry Data API
bK08J24L,2008 JL24,(2008 JL24),2091-2111,6,8.2957e-07,-8.69,-9.04,0,29.57,0.0041,2.72814120568487,2008-05-16,2454602.5,NASA/JPL CNEOS Sentry Data API
bK08G00V,2008 GV,(2008 GV),2055-2055,1,1.150e-08,-6.54,-6.54,0,23.04,0.084,19.67,2008-04-06,2454562.5,NASA/JPL CNEOS Sentry Data API
bK16E28G,2016 EG28,(2016 EG28),2086-2122,6,1.847666e-06,-7.17,-7.42,0,27.82,0.00928,14.6575649495093,2016-03-16,2457463.5,NASA/JPL CNEOS Sentry Data API
bK16E01L,2016 EL1,(2016 EL1),2044-2119,10,4.06261e-07,-7.63,-8.20,0,27.84,0.00914,19.9205545449846,2016-03-03,2457450.5,NASA/JPL CNEOS Sentry Data API
bK16V01B,2016 VB1,(2016 VB1),2065-2121,180,0.001360384231,-4.90,-5.45,0,28.56,0.0066,5.45382338055784,2016-11-08,2457700.5,NASA/JPL CNEOS Sentry Data API
bK16W01Q,2016 WQ1,(2016 WQ1),2084-2116,6,2.6645e-07,-8.25,-8.60,0,27.90,0.0089,7.67416138112216,2016-12-24,2457746.5,NASA/JPL CNEOS Sentry Data API
bK16W02W,2016 WW2,(2016 WW2),2107-2107,2,2.4022e-08,-9.83,-9.91,0,29.03,0.0053,10.0183798184997,2016-11-24,2457716.5,NASA/JPL CNEOS Sentry Data API
bK05A03U,2005 AU3,(2005 AU3),2048-2122,64,1.64084499e-05,-5.37,-6.09,0,25.98,0.0215,14.4054013679866,2005-01-15,2453385.5,NASA/JPL CNEOS Sentry Data API
bK13X21U,2013 XU21,(2013 XU21),2055-2066,2,2.987e-07,-6.90,-6.91,0,26.18,0.02,11.0421694007365,2013-12-14,2456640.5,NASA/JPL CNEOS Sentry Data API
bK08C06B,2008 CB6,(2008 CB6),2077-2122,5,1.102106e-06,-7.30,-7.73,0,27.05,0.013,7.41013240105761,2008-02-16,2454512.5,NASA/JPL CNEOS Sentry Data API
bK24X03V,2024 XV3,(2024 XV3),2090-2124,5,2.30292e-06,-7.80,-7.93,0,28.74,0.00601,7.46167682767964,2024-12-05,2460649.5,NASA/JPL CNEOS Sentry Data API
bK24X06E,2024 XE6,(2024 XE6),2117-2117,1,9.479e-07,-7.58,-7.58,0,28.07,0.0082,18.11,2024-12-06,2460650.5,NASA/JPL CNEOS Sentry Data API
bK14A16D,2014 AD16,(2014 AD16),2087-2121,5,2.476612e-05,-5.96,-5.96,0,27.40,0.011,8.33010607232784,2014-01-06,2456663.5,NASA/JPL CNEOS Sentry Data API
bK18F02Y,2018 FY2,(2018 FY2),2093-2093,1,1.079e-07,-7.21,-7.21,0,25.71,0.024,19.77,2018-03-21,2458198.5,NASA/JPL CNEOS Sentry Data API
bK08X02U,2008 XU2,(2008 XU2),2039-2039,1,6.265e-07,-5.98,-5.98,0,25.56,0.026,9.93,2009-01-03,2454834.5,NASA/JPL CNEOS Sentry Data API
bK05TH3M,2005 TM173,(2005 TM173),2027-2088,6,6.28151e-08,-5.71,-5.74,0,23.93,0.0553,9.36335460741127,2005-10-11,2453654.5,NASA/JPL CNEOS Sentry Data API
bK13U05J,2013 UJ5,(2013 UJ5),2092-2092,1,2.506e-10,-11.21,-11.21,0,28.01,0.0085,10.85,2013-10-29,2456594.5,NASA/JPL CNEOS Sentry Data API
bK25E00M,2025 EM,(2025 EM),2069-2125,116,3.47586772e-05,-6.31,-6.89,0,28.10,0.0081,2.32202506670766,2025-03-22,2460756.5,NASA/JPL CNEOS Sentry Data API
bK25D15B,2025 DB15,(2025 DB15),2059-2124,5,7.062591e-06,-5.79,-5.84,0,26.18,0.02,6.39774683540361,2025-03-23,2460757.5,NASA/JPL CNEOS Sentry Data API
bK25F06Z,2025 FZ6,(2025 FZ6),2038-2107,6,1.9370222e-06,-6.63,-6.71,0,28.39,0.00714,20.249580934075,2025-03-23,2460757.5,NASA/JPL CNEOS Sentry Data API
bK25F03K,2025 FK3,(2025 FK3),2114-2122,7,0.000100613156,-5.97,-6.26,0,29.09,0.0051,20.360159410167,2025-03-23,2460757.5,NASA/JPL CNEOS Sentry Data API
bK23P00Z,2023 PZ,(2023 PZ),2077-2124,47,0.00099458362,-5.38,-5.51,0,29.14,0.005,1.07931571404725,2023-08-22,2460178.5,NASA/JPL CNEOS Sentry Data API
bK20D14P,2020 DP14,(2020 DP14),2056-2119,22,2.3535263e-06,-8.39,-9.03,0,30.27,0.003,6.43942633910656,2020-02-17,2458896.5,NASA/JPL CNEOS Sentry Data API
bK11C46U,2011 CU46,(2011 CU46),2061-2122,73,8.3237543e-06,-5.35,-6.22,0,25.48,0.027,16.1717403628793,2011-02-12,2455604.5,NASA/JPL CNEOS Sentry Data API
bK11C46W,2011 CW46,(2011 CW46),2055-2122,9,1.977635e-07,-6.35,-6.71,0,24.67,0.039,16.6037539788687,2011-02-12,2455604.5,NASA/JPL CNEOS Sentry Data API
bK11SA8C,2011 SC108,(2011 SC108),2111-2111,1,2.884e-09,-9.85,-9.85,0,27.86,0.0091,22.29,2011-09-27,2455831.5,NASA/JPL CNEOS Sentry Data API
bK11U63R,2011 UR63,(2011 UR63),2110-2110,1,7.436e-08,-7.69,-7.69,0,25.72,0.024,12.57,2011-11-02,2455867.5,NASA/JPL CNEOS Sentry Data API
bK11W69N,2011 WN69,(2011 WN69),2086-2109,6,3.0756532e-06,-5.99,-6.23,0,26.17,0.02,23.0786571262326,2011-11-30,2455895.5,NASA/JPL CNEOS Sentry Data API
bK12B77A,2012 BA77,(2012 BA77),2029-2088,16,2.66981515e-05,-4.66,-5.03,0,25.85,0.023,12.7420447445584,2012-01-29,2455955.5,NASA/JPL CNEOS Sentry Data API
bK24W00S,2024 WS,(2024 WS),2099-2120,7,3.570163e-06,-6.39,-6.42,0,26.52,0.017,10.9801869690544,2024-12-01,2460645.5,NASA/JPL CNEOS Sentry Data API
bK03K04F,2003 KF4,(2003 KF4),2120-2120,3,1.1974e-07,-6.44,-6.72,0,23.28,0.075,9.7158426590947,2003-06-08,2452798.5,NASA/JPL CNEOS Sentry Data API
bK12A00Q,2012 AQ,(2012 AQ),2098-2098,1,1.234e-08,-11.06,-11.06,0,30.70,0.0025,2.71,2012-01-03,2455929.5,NASA/JPL CNEOS Sentry Data API
bK12V38J,2012 VJ38,(2012 VJ38),2031-2119,52,0.0001251651513,-5.18,-5.25,0,28.46,0.0069,4.44982470774994,2012-11-16,2456247.5,NASA/JPL CNEOS Sentry Data API
bK14HJ8D,2014 HD198,(2014 HD198),2033-2112,17,9.390127e-06,-6.96,-7.34,0,29.68,0.00393,17.6451962034166,2014-04-26,2456773.5,NASA/JPL CNEOS Sentry Data API
bK20G03A,2020 GA3,(2020 GA3),2054-2122,27,4.777847e-06,-5.40,-5.80,0,25.05,0.033,16.8718602207228,2020-04-18,2458957.5,NASA/JPL CNEOS Sentry Data API
bK20F01M,2020 FM1,(2020 FM1),2089-2121,9,3.5183824e-06,-7.88,-8.40,0,29.32,0.0046,7.0860205604712,2020-03-24,2458932.5,NASA/JPL CNEOS Sentry Data API
bK19G04D,2019 GD4,(2019 GD4),2065-2122,73,5.72611256e-05,-5.78,-6.14,0,27.71,0.0097,7.51574144550173,2019-04-28,2458601.5,NASA/JPL CNEOS Sentry Data API
bK20P01U,2020 PU1,(2020 PU1),2047-2117,12,1.604387e-06,-6.54,-6.94,0,26.49,0.017,7.76721020551775,2020-08-18,2459079.5,NASA/JPL CNEOS Sentry Data API
bK20N00Y,2020 NY,(2020 NY),2090-2114,2,3.109e-08,-8.26,-8.55,0,26.16,0.02,11.7614184625281,2020-07-21,2459051.5,NASA/JPL CNEOS Sentry Data API
bK20O00B,2020 OB,(2020 OB),2114-2122,9,1.70590199e-05,-4.03,-4.27,0,23.68,0.062,25.4387177346572,2020-07-19,2459049.5,NASA/JPL CNEOS Sentry Data API
bK20O05X,2020 OX5,(2020 OX5),2063-2063,1,2.502e-07,-7.49,-7.49,0,26.90,0.014,8.89,2020-07-31,2459061.5,NASA/JPL CNEOS Sentry Data API
bK20P02Q,2020 PQ2,(2020 PQ2),2066-2093,3,8.2811e-07,-5.43,-5.49,0,24.26,0.048,20.4030812331695,2020-08-20,2459081.5,NASA/JPL CNEOS Sentry Data API
bK08U07B,2008 UB7,(2008 UB7),2044-2101,50,3.38449076e-05,-3.61,-4.23,0,23.84,0.058,18.5287607051998,2008-10-31,2454770.5,NASA/JPL CNEOS Sentry Data API
bK23B07R,2023 BR7,(2023 BR7),2093-2117,6,4.0202e-07,-8.02,-8.54,0,27.68,0.00986,8.63703472464056,2023-01-30,2459974.5,NASA/JPL CNEOS Sentry Data API
bK13H14T,2013 HT14,(2013 HT14),2043-2109,5,1.799674e-06,-6.07,-6.25,0,26.27,0.019,20.5273016779706,2013-05-07,2456419.5,NASA/JPL CNEOS Sentry Data API
bK17G08G,2017 GG8,(2017 GG8),2066-2078,5,2.962878e-05,-4.98,-5.03,0,26.08,0.021,11.4550497320511,2017-04-29,2457872.5,NASA/JPL CNEOS Sentry Data API
bK17L00D,2017 LD,(2017 LD),2053-2122,319,0.0022182503866,-4.14,-4.70,0,27.52,0.011,4.49430153424141,2017-06-30,2457934.5,NASA/JPL CNEOS Sentry Data API
bK17FF8W,2017 FW158,(2017 FW158),2045-2120,24,5.7360358e-06,-6.99,-7.37,0,28.36,0.0072,15.2183089251291,2017-03-21,2457833.5,NASA/JPL CNEOS Sentry Data API
bK17O07E,2017 OE7,(2017 OE7),2106-2119,6,2.5917848e-05,-5.67,-5.70,0,26.28,0.019,4.28158747439216,2017-08-04,2457969.5,NASA/JPL CNEOS Sentry Data API
bK17R02K,2017 RK2,(2017 RK2),2083-2121,3,8.62323e-06,-6.71,-6.71,0,27.98,0.0086,7.30281721582284,2017-09-19,2458015.5,NASA/JPL CNEOS Sentry Data API
bK19V05B,2019 VB5,(2019 VB5),2053-2121,187,6.60646588e-05,-7.57,-8.02,0,31.68,0.0016,5.73212006795379,2019-11-09,2458796.5,NASA/JPL CNEOS Sentry Data API
bK02X90V,2002 XV90,(2002 XV90),2102-2113,2,1.33836e-07,-7.21,-7.22,0,24.90,0.035,7.62768941092083,2003-01-01,2452640.5,NASA/JPL CNEOS Sentry Data API
bK20Q00C,2020 QC,(2020 QC),2038-2041,2,5.556e-07,-6.74,-6.88,0,27.49,0.011,18.7414758819294,2020-08-18,2459079.5,NASA/JPL CNEOS Sentry Data API
bK06E01H,2006 EH1,(2006 EH1),2112-2112,1,2.869e-09,-9.46,-9.46,0,26.50,0.017,13.27,2006-03-06,2453800.5,NASA/JPL CNEOS Sentry Data API
bK16T55Y,2016 TY55,(2016 TY55),2074-2121,31,4.2489239e-05,-5.56,-5.67,0,26.86,0.014,4.60890867497062,2016-10-19,2457680.5,NASA/JPL CNEOS Sentry Data API
bK13A65B,2013 AB65,(2013 AB65),2094-2122,18,6.4834913e-06,-6.32,-6.50,0,27.59,0.01,24.4143899654805,2013-01-15,2456307.5,NASA/JPL CNEOS Sentry Data API
bK13B18L,2013 BL18,(2013 BL18),2077-2092,7,2.0887742e-05,-5.16,-5.32,0,25.97,0.022,14.1885526468107,2013-02-01,2456324.5,NASA/JPL CNEOS Sentry Data API
bK13E20C,2013 EC20,(2013 EC20),2068-2122,8,4.7237e-07,-8.57,-8.93,0,29.00,0.0054,2.6833969134365,2013-03-13,2456364.5,NASA/JPL CNEOS Sentry Data API
bK19Y03A,2019 YA3,(2019 YA3),2070-2070,1,1.653e-09,-9.54,-9.54,0,26.46,0.017,8.24,2020-01-06,2458854.5,NASA/JPL CNEOS Sentry Data API
bK18W01H,2018 WH1,(2018 WH1),2084-2121,27,1.1834404e-05,-7.07,-7.69,0,28.53,0.0067,4.01258277645414,2018-12-13,2458465.5,NASA/JPL CNEOS Sentry Data API
bK18W00J,2018 WJ,(2018 WJ),2045-2116,7,5.258452e-07,-6.99,-7.03,0,27.64,0.01,19.0052136636409,2018-11-19,2458441.5,NASA/JPL CNEOS Sentry Data API
bK19W01V,2019 WV1,(2019 WV1),2078-2121,17,5.5091587e-06,-7.14,-7.46,0,28.20,0.0078,8.738700789469,2019-12-03,2458820.5,NASA/JPL CNEOS Sentry Data API
bK20U04X,2020 UX4,(2020 UX4),2074-2112,8,6.145235e-06,-5.87,-5.99,0,25.77,0.024,7.67446846214994,2020-11-22,2459175.5,NASA/JPL CNEOS Sentry Data API
bK20H04Q,2020 HQ4,(2020 HQ4),2051-2122,280,8.92405099e-05,-5.28,-6.02,0,26.97,0.014,3.51879321021226,2020-05-19,2458988.5,NASA/JPL CNEOS Sentry Data API
bK19E01H,2019 EH1,(2019 EH1),2045-2118,37,3.414943e-06,-7.79,-8.38,0,30.10,0.0032,14.4704686783938,2019-03-01,2458543.5,NASA/JPL CNEOS Sentry Data API
bK18D03Z,2018 DZ3,(2018 DZ3),2068-2113,3,4.6033e-06,-6.27,-6.34,0,26.39,0.018,10.0452977212,2018-03-01,2458178.5,NASA/JPL CNEOS Sentry Data API
bK11M00X,2011 MX,(2011 MX),2059-2092,32,0.0001146281627,-4.90,-5.22,0,26.91,0.014,12.1515686075722,2011-06-27,2455739.5,NASA/JPL CNEOS Sentry Data API
bK11U21D,2011 UD21,(2011 UD21),2105-2116,3,1.56348e-05,-6.97,-7.28,0,28.48,0.0068,1.30556527745798,2011-11-24,2455889.5,NASA/JPL CNEOS Sentry Data API
bK19P01O,2019 PO1,(2019 PO1),2084-2122,37,1.9678437e-05,-6.57,-7.15,0,27.95,0.0087,1.96377536742374,2019-09-25,2458751.5,NASA/JPL CNEOS Sentry Data API
bK14M06B,2014 MB6,(2014 MB6),2075-2075,1,8.812e-07,-6.61,-6.61,0,26.22,0.019,13.07,2014-07-03,2456841.5,NASA/JPL CNEOS Sentry Data API
bK19S06O,2019 SO6,(2019 SO6),2069-2069,1,1.943e-08,-7.53,-7.53,0,25.64,0.025,27.97,2019-10-06,2458762.5,NASA/JPL CNEOS Sentry Data API
bK19Y00M,2019 YM,(2019 YM),2041-2117,2,9.103e-07,-6.52,-6.61,0,25.97,0.022,17.7512754037131,2019-12-21,2458838.5,NASA/JPL CNEOS Sentry Data API
bK17F63O,2017 FO63,(2017 FO63),2088-2108,3,2.107313e-06,-4.63,-4.63,0,23.43,0.07,29.2806127993326,2017-03-31,2457843.5,NASA/JPL CNEOS Sentry Data API
bK22O03C,2022 OC3,(2022 OC3),2103-2123,3,1.9371e-05,-6.98,-7.17,0,28.81,0.0059,3.57629807444117,2026-02-15,2461086.5,NASA/JPL CNEOS Sentry Data API
bK26C00C,2026 CC,(2026 CC),2063-2123,3,2.4269e-07,-6.83,-7.06,0,25.23,0.03,10.1297931517574,2026-02-07,2461078.5,NASA/JPL CNEOS Sentry Data API
bK26C02T,2026 CT2,(2026 CT2),2093-2093,1,1.518e-07,-7.19,-7.19,0,25.40,0.028,10.21,2026-02-26,2461097.5,NASA/JPL CNEOS Sentry Data API
bK26C04Q,2026 CQ4,(2026 CQ4),2072-2125,39,0.005030413448,-3.72,-3.80,0,27.57,0.01,5.63990482827407,2026-03-22,2461121.5,NASA/JPL CNEOS Sentry Data API
bK19T02C,2019 TC2,(2019 TC2),2103-2121,64,1.89384628e-05,-6.37,-7.12,0,27.84,0.00912,11.1309786214011,2019-10-24,2458780.5,NASA/JPL CNEOS Sentry Data API
bK18L03V,2018 LV3,(2018 LV3),2061-2061,1,1.601e-07,-7.42,-7.42,0,26.55,0.017,11.19,2018-06-14,2458283.5,NASA/JPL CNEOS Sentry Data API
bK17U03K,2017 UK3,(2017 UK3),2109-2121,5,6.28433e-06,-6.47,-6.67,0,27.19,0.012,13.3721578036163,2017-10-23,2458049.5,NASA/JPL CNEOS Sentry Data API
bK20D03F,2020 DF3,(2020 DF3),2065-2101,5,2.808686e-06,-4.72,-4.94,0,24.18,0.0497,26.8006688679333,2020-03-16,2458924.5,NASA/JPL CNEOS Sentry Data API
bK22K05E,2022 KE5,(2022 KE5),2075-2115,8,9.54976e-06,-6.36,-6.71,0,27.93,0.0088,16.9516074749523,2022-06-03,2459733.5,NASA/JPL CNEOS Sentry Data API
bK22O05C,2022 OC5,(2022 OC5),2119-2122,3,7.1489e-08,-8.51,-8.84,0,27.14,0.013,9.88104575529102,2022-08-01,2459792.5,NASA/JPL CNEOS Sentry Data API
bK14J15U,2014 JU15,(2014 JU15),2071-2121,126,5.44062323e-05,-4.27,-5.04,0,24.72,0.039,10.3487386356287,2014-06-03,2456811.5,NASA/JPL CNEOS Sentry Data API
bK14K76W,2014 KW76,(2014 KW76),2096-2122,7,3.59858e-07,-8.06,-8.18,0,28.04,0.0084,15.0048010048408,2014-06-01,2456809.5,NASA/JPL CNEOS Sentry Data API
bK19A00B,2019 AB,(2019 AB),2073-2122,9,3.74644e-06,-6.28,-6.36,0,26.23,0.019,9.91341434535185,2019-01-03,2458486.5,NASA/JPL CNEOS Sentry Data API
bK08K11N,2008 KN11,(2008 KN11),2046-2046,1,4.159e-08,-6.11,-6.11,0,23.27,0.075,13.83,2008-06-21,2454638.5,NASA/JPL CNEOS Sentry Data API
bK16T18Q,2016 TQ18,(2016 TQ18),2086-2110,3,6.7741e-06,-6.09,-6.11,0,26.29,0.019,9.58940567750698,2016-11-05,2457697.5,NASA/JPL CNEOS Sentry Data API
bK11B10G,2011 BG10,(2011 BG10),2051-2051,1,9.682e-08,-7.33,-7.33,0,26.31,0.019,12.31,2011-01-30,2455591.5,NASA/JPL CNEOS Sentry Data API
bK16E84U,2016 EU84,(2016 EU84),2115-2118,3,1.1544e-06,-8.34,-8.44,0,28.95,0.0055,2.38933905058905,2016-03-14,2457461.5,NASA/JPL CNEOS Sentry Data API
bK19F01T,2019 FT1,(2019 FT1),2113-2113,1,2.895e-08,-8.77,-8.77,0,26.99,0.014,10.86,2019-04-09,2458582.5,NASA/JPL CNEOS Sentry Data API
bK20F00G,2020 FG,(2020 FG),2093-2118,13,5.88395e-07,-7.73,-8.36,0,27.89,0.0089,14.7788176310132,2020-03-17,2458925.5,NASA/JPL CNEOS Sentry Data API
bK19A03H,2019 AH3,(2019 AH3),2060-2067,3,1.127018e-05,-6.03,-6.06,0,27.97,0.0086,18.0325631888754,2019-01-05,2458488.5,NASA/JPL CNEOS Sentry Data API
bK19B01U,2019 BU1,(2019 BU1),2056-2062,2,2.2595e-06,-6.00,-6.03,0,26.19,0.02,14.35,2019-02-09,2458523.5,NASA/JPL CNEOS Sentry Data API
bK18A18U,2018 AU18,(2018 AU18),2046-2121,34,3.1157892e-06,-6.64,-6.82,0,27.42,0.011,9.57736988336695,2018-01-20,2458138.5,NASA/JPL CNEOS Sentry Data API
bK07P25R,2007 PR25,(2007 PR25),2118-2118,1,1.346e-08,-6.18,-6.18,0,21.86,0.14,29.41,2007-08-20,2454332.5,NASA/JPL CNEOS Sentry Data API
bK10T55N,2010 TN55,(2010 TN55),2086-2117,23,1.858893e-06,-6.53,-7.26,0,27.03,0.013,25.3113705199815,2010-10-16,2455485.5,NASA/JPL CNEOS Sentry Data API
bK14U57Y,2014 UY57,(2014 UY57),2076-2111,6,2.332e-07,-7.88,-8.33,0,27.18,0.012,8.96519425385935,2014-10-30,2456960.5,NASA/JPL CNEOS Sentry Data API
bK08E85F,2008 EF85,(2008 EF85),2110-2119,3,2.8382e-07,-7.66,-7.88,0,26.68,0.016,9.52160665210345,2008-03-15,2454540.5,NASA/JPL CNEOS Sentry Data API
bK16T57C,2016 TC57,(2016 TC57),2112-2112,1,1.232e-06,-7.24,-7.24,0,27.06,0.013,8.74,2016-11-05,2457697.5,NASA/JPL CNEOS Sentry Data API
bK20O06M,2020 OM6,(2020 OM6),2106-2106,1,1.561e-06,-6.20,-6.20,0,24.96,0.034,5.05,2020-09-18,2459110.5,NASA/JPL CNEOS Sentry Data API
bK08O07T,2008 OT7,(2008 OT7),2110-2110,1,2.308e-08,-8.96,-8.96,0,27.12,0.013,9.50,2008-08-08,2454686.5,NASA/JPL CNEOS Sentry Data API
bK08K00O,2008 KO,(2008 KO),2049-2061,3,5.3187e-07,-5.37,-5.68,0,24.40,0.045,23.4876388967229,2008-05-31,2454617.5,NASA/JPL CNEOS Sentry Data API
bK08UK2A,2008 UA202,(2008 UA202),2046-2122,657,0.0001527888859,-6.23,-7.17,0,29.44,0.0044,2.30062875322007,2008-11-04,2454774.5,NASA/JPL CNEOS Sentry Data API
bK14G17Q,2014 GQ17,(2014 GQ17),2052-2122,153,6.28184986e-05,-5.42,-5.90,0,27.09,0.013,5.40740653658347,2014-04-30,2456777.5,NASA/JPL CNEOS Sentry Data API
bK16F13Z,2016 FZ13,(2016 FZ13),2108-2122,14,2.24915e-05,-6.72,-7.21,0,28.34,0.0073,4.2975432496721,2016-04-12,2457490.5,NASA/JPL CNEOS Sentry Data API
bK16W00G,2016 WG,(2016 WG),2076-2118,44,6.2516545e-06,-4.17,-4.92,0,23.28,0.075,23.5992257521589,2016-11-25,2457717.5,NASA/JPL CNEOS Sentry Data API
bK20B04Y,2020 BY4,(2020 BY4),2055-2122,18,8.634052e-06,-5.35,-5.75,0,26.14,0.02,20.4285705633925,2020-01-26,2458874.5,NASA/JPL CNEOS Sentry Data API
bK14UH5Z,2014 UZ175,(2014 UZ175),2081-2081,1,3.356e-08,-9.10,-9.10,0,27.92,0.0088,6.17,2014-10-31,2456961.5,NASA/JPL CNEOS Sentry Data API
bK16B15A,2016 BA15,(2016 BA15),2050-2114,28,1.4482962e-05,-5.43,-5.55,0,26.78,0.015,15.8809910610827,2016-01-31,2457418.5,NASA/JPL CNEOS Sentry Data API
bK23X13P,2023 XP13,(2023 XP13),2091-2095,2,8.6707e-08,-7.26,-7.27,0,25.50,0.027,18.0593924365968,2023-12-22,2460300.5,NASA/JPL CNEOS Sentry Data API
bK14D10K,2014 DK10,(2014 DK10),2060-2118,3,9.436e-08,-8.39,-8.70,0,27.75,0.0095,11.7987219160661,2014-03-07,2456723.5,NASA/JPL CNEOS Sentry Data API
bK05G33Q,2005 GQ33,(2005 GQ33),2046-2110,5,3.7654e-09,-7.32,-7.40,0,23.65,0.0626,19.2703266585223,2005-04-07,2453467.5,NASA/JPL CNEOS Sentry Data API
bK05N55X,2005 NX55,(2005 NX55),2028-2081,21,1.13746e-08,-5.22,-5.70,0,21.89,0.14,24.8008830200623,2005-07-12,2453563.5,NASA/JPL CNEOS Sentry Data API
bK05U03C,2005 UC3,(2005 UC3),2072-2121,8,6.59641e-07,-7.47,-7.87,0,27.09,0.013,7.87382639951125,2005-11-11,2453685.5,NASA/JPL CNEOS Sentry Data API
bK08G01F,2008 GF1,(2008 GF1),2080-2080,1,7.424e-08,-8.66,-8.66,0,28.28,0.0075,14.61,2008-04-06,2454562.5,NASA/JPL CNEOS Sentry Data API
bK07T14C,2007 TC14,(2007 TC14),2082-2082,1,3.007e-07,-4.83,-4.83,0,22.13,0.13,25.55,2007-10-16,2454389.5,NASA/JPL CNEOS Sentry Data API
bK09SH1T,2009 ST171,(2009 ST171),2066-2066,1,1.118e-06,-6.81,-6.81,0,26.82,0.015,9.82,2009-09-29,2455103.5,NASA/JPL CNEOS Sentry Data API
bK10U00E,2010 UE,(2010 UE),2032-2044,2,2.369e-07,-7.98,-8.07,0,29.59,0.0041,16.1107555930772,2010-10-17,2455486.5,NASA/JPL CNEOS Sentry Data API
bK10V98Q,2010 VQ98,(2010 VQ98),2109-2121,5,2.889726e-05,-6.61,-6.69,0,28.20,0.0078,0.998552997758265,2010-12-09,2455539.5,NASA/JPL CNEOS Sentry Data API
bK14HJ7J,2014 HJ197,(2014 HJ197),2045-2122,82,2.36452289e-05,-7.17,-7.68,0,30.30,0.00294,4.4972087814299,2014-04-25,2456772.5,NASA/JPL CNEOS Sentry Data API
bK24W18D,2024 WD18,(2024 WD18),2119-2119,1,1.318e-07,-7.34,-7.34,0,25.16,0.032,8.08,2025-03-01,2460735.5,NASA/JPL CNEOS Sentry Data API
bK16W00T,2016 WT,(2016 WT),2058-2121,70,3.26508676e-05,-7.03,-7.86,0,29.77,0.0038,10.707226567419,2016-11-24,2457716.5,NASA/JPL CNEOS Sentry Data API
bK16CO8B,2016 CB248,(2016 CB248),2121-2121,1,8.799e-08,-8.16,-8.16,0,26.68,0.016,11.41,2016-03-08,2457455.5,NASA/JPL CNEOS Sentry Data API
bK21G01G,2021 GG1,(2021 GG1),2073-2122,66,4.96736461e-05,-5.19,-5.79,0,26.64,0.016,14.7793127909127,2021-04-07,2459311.5,NASA/JPL CNEOS Sentry Data API
bK21B00N,2021 BN,(2021 BN),2095-2122,17,1.0819784e-06,-7.91,-8.57,0,28.29,0.0075,7.65708428190433,2021-02-10,2459255.5,NASA/JPL CNEOS Sentry Data API
bK21U20K,2021 UK20,(2021 UK20),2028-2121,78,2.79351151e-05,-6.13,-6.36,0,28.70,0.00618,7.99219302332497,2021-10-30,2459517.5,NASA/JPL CNEOS Sentry Data API
bK20U00B,2020 UB,(2020 UB),2080-2080,1,1.407e-07,-8.30,-8.30,0,27.89,0.0089,11.21,2020-10-19,2459141.5,NASA/JPL CNEOS Sentry Data API
bK21G16L,2021 GL16,(2021 GL16),2111-2111,1,5.192e-08,-8.31,-8.31,0,26.27,0.019,5.69,2021-04-30,2459334.5,NASA/JPL CNEOS Sentry Data API
bK19J07H,2019 JH7,(2019 JH7),2114-2118,2,9.045e-07,-8.62,-8.91,0,29.64,0.004,9.05503593145384,2019-05-16,2458619.5,NASA/JPL CNEOS Sentry Data API
bK17U43J,2017 UJ43,(2017 UJ43),2050-2116,29,5.09232525e-05,-5.68,-5.82,0,27.76,0.0095,6.90404943515735,2017-11-03,2458060.5,NASA/JPL CNEOS Sentry Data API
bK17U07L,2017 UL7,(2017 UL7),2041-2054,2,3.6328e-07,-5.55,-5.63,0,24.39,0.045,16.2187833076415,2017-10-30,2458056.5,NASA/JPL CNEOS Sentry Data API
bK18W00H,2018 WH,(2018 WH),2053-2121,360,0.0002861542952,-6.12,-7.11,0,29.86,0.0036,7.49790587658109,2018-11-21,2458443.5,NASA/JPL CNEOS Sentry Data API
bK21J01A,2021 JA1,(2021 JA1),2084-2121,39,1.86664397e-05,-5.01,-5.26,0,25.58,0.026,20.9845807514649,2021-05-05,2459339.5,NASA/JPL CNEOS Sentry Data API
bK18C00N,2018 CN,(2018 CN),2082-2082,2,5.678e-08,-7.74,-7.85,0,26.41,0.018,19.7943078548785,2018-02-07,2458156.5,NASA/JPL CNEOS Sentry Data API
bK08D04A,2008 DA4,(2008 DA4),2091-2100,3,3.6582e-07,-6.09,-6.36,0,23.92,0.056,11.1587813678858,2008-03-13,2454538.5,NASA/JPL CNEOS Sentry Data API
bK18B01H,2018 BH1,(2018 BH1),2095-2116,2,9.641e-09,-8.16,-8.22,0,25.03,0.0332,13.2475396743076,2018-01-24,2458142.5,NASA/JPL CNEOS Sentry Data API
bK12D13Y,2012 DY13,(2012 DY13),2074-2116,4,1.1713e-07,-8.23,-8.30,0,27.93,0.0088,16.966126099206,2012-02-27,2455984.5,NASA/JPL CNEOS Sentry Data API
bK09W06J,2009 WJ6,(2009 WJ6),2049-2049,1,2.432e-07,-7.38,-7.38,0,27.64,0.01,18.16,2009-11-20,2455155.5,NASA/JPL CNEOS Sentry Data API
bK13V13W,2013 VW13,(2013 VW13),2063-2095,14,0.000439083988,-3.85,-4.03,0,26.22,0.019,16.3499891189838,2013-12-03,2456629.5,NASA/JPL CNEOS Sentry Data API
bK14E00U,2014 EU,(2014 EU),2083-2121,5,7.7714e-07,-7.83,-8.13,0,27.72,0.0097,5.60932483207659,2014-03-29,2456745.5,NASA/JPL CNEOS Sentry Data API
bK14A51K,2014 AK51,(2014 AK51),2110-2110,1,1.262e-08,-8.96,-8.96,0,26.61,0.016,10.27,2014-01-13,2456670.5,NASA/JPL CNEOS Sentry Data API
bK16U36R,2016 UR36,(2016 UR36),2107-2118,2,2.2824e-08,-8.97,-9.03,0,27.54,0.011,16.7236987381703,2016-10-30,2457691.5,NASA/JPL CNEOS Sentry Data API
bK20S02A,2020 SA2,(2020 SA2),2117-2117,1,2.908e-08,-9.17,-9.17,0,28.09,0.0082,15.63,2020-09-22,2459114.5,NASA/JPL CNEOS Sentry Data API
bK07E25Z,2007 EZ25,(2007 EZ25),2078-2100,7,4.18604e-07,-6.50,-6.92,0,25.56,0.026,20.7596206199654,2007-03-15,2454174.5,NASA/JPL CNEOS Sentry Data API
bK07H15B,2007 HB15,(2007 HB15),2050-2122,97,0.000511244320300001,-4.67,-4.83,0,27.75,0.0096,6.34495724236018,2007-04-24,2454214.5,NASA/JPL CNEOS Sentry Data API
bK02C26A,2002 CA26,(2002 CA26),2120-2120,1,2.415e-09,-9.33,-9.33,0,25.90,0.022,11.85,2002-02-12,2452317.5,NASA/JPL CNEOS Sentry Data API
bK03U03M,2003 UM3,(2003 UM3),2030-2057,3,3.90677e-08,-8.60,-8.68,0,28.05,0.00832,13.2010901076849,2003-10-18,2452930.5,NASA/JPL CNEOS Sentry Data API
bK05V05N,2005 VN5,(2005 VN5),2047-2121,89,5.6284787e-05,-5.34,-5.81,0,26.98,0.014,6.57095459151333,2005-11-12,2453686.5,NASA/JPL CNEOS Sentry Data API
bK22E07A,2022 EA7,(2022 EA7),2114-2114,1,6.533e-08,-8.75,-8.75,0,27.50,0.011,7.98,2022-03-28,2459666.5,NASA/JPL CNEOS Sentry Data API
bK20T02O,2020 TO2,(2020 TO2),2119-2121,4,8.9252e-06,-6.03,-6.30,0,26.51,0.017,12.5577031327029,2020-10-13,2459135.5,NASA/JPL CNEOS Sentry Data API
bK20T01S,2020 TS1,(2020 TS1),2117-2121,4,5.0699e-06,-7.79,-7.89,0,29.12,0.0051,3.55358961715221,2020-10-13,2459135.5,NASA/JPL CNEOS Sentry Data API
bK20W05F,2020 WF5,(2020 WF5),2082-2120,34,1.6928538e-05,-6.34,-7.06,0,27.75,0.00952,8.61591692678955,2020-12-09,2459192.5,NASA/JPL CNEOS Sentry Data API
bK20Y01M,2020 YM1,(2020 YM1),2091-2121,34,8.006039e-05,-6.75,-7.13,0,29.64,0.004,3.00867909461845,2020-12-21,2459204.5,NASA/JPL CNEOS Sentry Data API
bK19K00L,2019 KL,(2019 KL),2047-2085,10,1.1503593e-06,-6.29,-6.54,0,26.45,0.017,14.2072528643877,2019-05-25,2458628.5,NASA/JPL CNEOS Sentry Data API
bK18X02Q,2018 XQ2,(2018 XQ2),2065-2122,144,0.000637221907,-5.06,-5.48,0,28.09,0.00817,3.80315759589854,2019-01-07,2458490.5,NASA/JPL CNEOS Sentry Data API
bK19A05S,2019 AS5,(2019 AS5),2094-2121,2,1.785e-07,-10.56,-10.77,0,32.34,0.0012,10.1879887955182,2019-01-11,2458494.5,NASA/JPL CNEOS Sentry Data API
bK20G01O,2020 GO1,(2020 GO1),2064-2122,93,0.0001196741883,-5.50,-6.00,0,27.63,0.01,6.84678524401572,2020-04-05,2458944.5,NASA/JPL CNEOS Sentry Data API
bK20H07E,2020 HE7,(2020 HE7),2115-2122,2,1.607265e-07,-9.09,-9.09,0,28.77,0.006,3.12006094203507,2020-04-29,2458968.5,NASA/JPL CNEOS Sentry Data API
bK19S01U,2019 SU1,(2019 SU1),2106-2119,2,7.8157e-08,-9.20,-9.23,0,28.38,0.00711,5.07942461967578,2019-09-26,2458752.5,NASA/JPL CNEOS Sentry Data API
bK19S02U,2019 SU2,(2019 SU2),2088-2099,4,2.5288e-07,-9.20,-9.34,0,30.05,0.0033,11.1027044052515,2019-09-26,2458752.5,NASA/JPL CNEOS Sentry Data API
bK18D00B,2018 DB,(2018 DB),2068-2119,8,1.474294e-06,-7.18,-7.29,0,27.58,0.01,16.1024635588288,2018-02-19,2458168.5,NASA/JPL CNEOS Sentry Data API
bK21N08L,2021 NL8,(2021 NL8),2073-2120,21,7.888448e-06,-6.00,-6.30,0,26.42,0.0179,9.90101925245625,2021-07-14,2459409.5,NASA/JPL CNEOS Sentry Data API
bK21V96M,2021 VM96,(2021 VM96),2067-2091,2,1.7511e-06,-9.03,-9.25,0,32.04,0.0013,15.9791662383645,2021-11-09,2459527.5,NASA/JPL CNEOS Sentry Data API
bK24B15Z,2024 BZ15,(2024 BZ15),2031-2121,29,4.1536894e-06,-5.52,-5.62,0,26.34,0.0181,11.3132566257843,2024-01-20,2460329.5,NASA/JPL CNEOS Sentry Data API
bK22X01O,2022 XO1,(2022 XO1),2093-2122,16,3.4014034e-05,-5.50,-5.56,0,26.58,0.016,8.94351879638857,2022-12-24,2459937.5,NASA/JPL CNEOS Sentry Data API
bK17F00S,2017 FS,(2017 FS),2119-2119,2,1.8074e-07,-8.70,-8.72,0,28.97,0.0054,19.7053978090074,2017-03-18,2457830.5,NASA/JPL CNEOS Sentry Data API
bK19W24F,2019 WF24,(2019 WF24),2061-2117,19,1.3876476e-06,-7.02,-7.26,0,27.79,0.00939,17.2643647681155,2019-11-26,2458813.5,NASA/JPL CNEOS Sentry Data API
bK12Y01R,2012 YR1,(2012 YR1),2078-2116,2,6.169e-08,-8.16,-8.28,0,26.52,0.017,7.77551304911655,2013-01-12,2456304.5,NASA/JPL CNEOS Sentry Data API
bK10J80H,2010 JH80,(2010 JH80),2082-2082,1,8.843e-09,-7.47,-7.47,0,24.52,0.042,26.90,2010-05-19,2455335.5,NASA/JPL CNEOS Sentry Data API
bK12TN1U,2012 TU231,(2012 TU231),2111-2117,4,7.5612e-07,-7.01,-7.23,0,26.20,0.02,9.96951330476644,2012-11-07,2456238.5,NASA/JPL CNEOS Sentry Data API
bK19U12X,2019 UX12,(2019 UX12),2108-2121,2,6.0638e-08,-9.30,-9.31,0,28.71,0.0061,9.61133975394967,2019-11-03,2458790.5,NASA/JPL CNEOS Sentry Data API
bK10VJ4W,2010 VW194,(2010 VW194),2042-2121,56,6.4685481e-05,-5.09,-5.68,0,26.47,0.017,7.30734502863169,2010-12-03,2455533.5,NASA/JPL CNEOS Sentry Data API
bK14H02N,2014 HN2,(2014 HN2),2095-2121,5,8.459425e-06,-6.24,-6.24,0,26.34,0.018,2.57064506157333,2014-06-02,2456810.5,NASA/JPL CNEOS Sentry Data API
bK15HI2R,2015 HR182,(2015 HR182),2072-2087,2,6.1134e-09,-6.18,-6.26,0,21.02,0.21,18.7213727222168,2015-04-22,2457134.5,NASA/JPL CNEOS Sentry Data API
bK15KV9E,2015 KE319,(2015 KE319),2046-2092,3,3.4697e-06,-5.96,-6.09,0,26.58,0.0161,12.4749569127014,2015-05-22,2457164.5,NASA/JPL CNEOS Sentry Data API
bK22U06G,2022 UG6,(2022 UG6),2059-2119,12,1.0951294e-05,-6.15,-6.18,0,27.89,0.009,14.4621285722034,2022-10-23,2459875.5,NASA/JPL CNEOS Sentry Data API
bK22U16T,2022 UT16,(2022 UT16),2083-2120,4,2.386262e-05,-5.86,-5.88,0,26.90,0.014,7.9216471284377,2022-11-24,2459907.5,NASA/JPL CNEOS Sentry Data API
bK22W15F,2022 WF15,(2022 WF15),2030-2042,3,4.207996e-05,-4.88,-4.89,0,27.73,0.0096,12.2169548022384,2022-12-01,2459914.5,NASA/JPL CNEOS Sentry Data API
bK22U08U,2022 UU8,(2022 UU8),2106-2121,14,1.3026147e-05,-6.79,-6.98,0,27.95,0.0087,4.4387193265975,2022-10-30,2459882.5,NASA/JPL CNEOS Sentry Data API
bK22U10V,2022 UV10,(2022 UV10),2101-2121,5,1.345482e-06,-7.73,-7.80,0,28.09,0.0081,9.08696537003096,2022-11-15,2459898.5,NASA/JPL CNEOS Sentry Data API
bK22W01F,2022 WF1,(2022 WF1),2110-2122,8,3.808956e-06,-5.41,-5.54,0,24.49,0.043,11.9052453480691,2022-12-15,2459928.5,NASA/JPL CNEOS Sentry Data API
bK22U04V,2022 UV4,(2022 UV4),2092-2121,29,1.0013034e-05,-7.26,-7.73,0,28.86,0.0057,5.53638432566992,2022-10-27,2459879.5,NASA/JPL CNEOS Sentry Data API
bK22U15W,2022 UW15,(2022 UW15),2057-2086,14,3.5466866e-05,-6.92,-7.10,0,30.13,0.0032,7.4765901599538,2022-10-29,2459881.5,NASA/JPL CNEOS Sentry Data API
bK10V00Q,2010 VQ,(2010 VQ),2087-2122,21,0.0015845932,-4.41,-4.45,0,27.70,0.0098,4.62749782026075,2022-11-29,2459912.5,NASA/JPL CNEOS Sentry Data API
bK22V00Q,2022 VQ,(2022 VQ),2122-2122,1,5.333e-08,-7.88,-7.88,0,25.47,0.027,8.79,2022-11-26,2459909.5,NASA/JPL CNEOS Sentry Data API
bK22W11C,2022 WC11,(2022 WC11),2110-2122,3,9.734e-08,-8.91,-9.09,0,28.15,0.00792,7.95881960139716,2022-11-29,2459912.5,NASA/JPL CNEOS Sentry Data API
bK22V01Q,2022 VQ1,(2022 VQ1),2111-2121,5,3.6250558e-06,-6.15,-6.23,0,25.88,0.023,10.4448423254616,2022-11-24,2459907.5,NASA/JPL CNEOS Sentry Data API
bK22W04R,2022 WR4,(2022 WR4),2101-2119,22,6.7119305e-05,-6.87,-7.05,0,29.93,0.0035,8.20786858490266,2022-11-26,2459909.5,NASA/JPL CNEOS Sentry Data API
bK22W06O,2022 WO6,(2022 WO6),2071-2122,59,0.000132914697,-6.06,-6.61,0,28.97,0.0054,7.28774288534849,2022-11-26,2459909.5,NASA/JPL CNEOS Sentry Data API
bK22W00C,2022 WC,(2022 WC),2060-2060,1,7.126e-08,-7.24,-7.24,0,26.40,0.018,28.18,2022-11-24,2459907.5,NASA/JPL CNEOS Sentry Data API
bK22W06Q,2022 WQ6,(2022 WQ6),2074-2120,4,1.29712e-06,-6.64,-6.84,0,26.38,0.018,13.0628171641791,2022-12-01,2459914.5,NASA/JPL CNEOS Sentry Data API
bK22Y03K,2022 YK3,(2022 YK3),2049-2049,2,1.1929e-07,-8.57,-8.62,0,29.14,0.005,12.6742887081901,2022-12-24,2459937.5,NASA/JPL CNEOS Sentry Data API
bK23E01R,2023 ER1,(2023 ER1),2115-2121,9,6.352645e-07,-7.62,-8.15,0,27.63,0.01,15.5663353469303,2023-03-18,2460021.5,NASA/JPL CNEOS Sentry Data API
bK22Y01M,2022 YM1,(2022 YM1),2091-2122,36,0.00013611087,-6.25,-6.82,0,28.99,0.0054,2.652923456444,2022-12-23,2459936.5,NASA/JPL CNEOS Sentry Data API
bK22X00X,2022 XX,(2022 XX),2082-2121,112,0.000260516693,-5.70,-6.13,0,28.67,0.00629,6.37274745660923,2022-12-12,2459925.5,NASA/JPL CNEOS Sentry Data API
bK22Y02P,2022 YP2,(2022 YP2),2112-2114,4,3.85589e-07,-6.57,-6.70,0,24.96,0.034,14.347765470488,2023-01-17,2459961.5,NASA/JPL CNEOS Sentry Data API
bK22Y06W,2022 YW6,(2022 YW6),2046-2090,15,8.1943347e-05,-5.05,-5.30,0,28.70,0.0062,29.3289725156089,2022-12-25,2459938.5,NASA/JPL CNEOS Sentry Data API
bK24P03J,2024 PJ3,(2024 PJ3),2082-2097,4,2.395522e-06,-7.16,-7.38,0,28.25,0.0076,16.1408755669954,2024-08-10,2460532.5,NASA/JPL CNEOS Sentry Data API
bK23C03C,2023 CC3,(2023 CC3),2043-2103,12,1.7129425e-06,-6.60,-6.86,0,26.91,0.014,6.92265282401482,2023-02-18,2459993.5,NASA/JPL CNEOS Sentry Data API
bK22Y05Y,2022 YY5,(2022 YY5),2070-2070,1,6.788e-07,-6.00,-6.00,0,25.42,0.028,23.66,2022-12-27,2459940.5,NASA/JPL CNEOS Sentry Data API
bK23S11O,2023 SO11,(2023 SO11),2123-2123,1,4.843e-08,-8.69,-8.69,0,26.74,0.015,2.58,2023-11-01,2460249.5,NASA/JPL CNEOS Sentry Data API
bK23B02Q,2023 BQ2,(2023 BQ2),2057-2057,1,1.324e-08,-8.34,-8.34,0,26.55,0.017,14.37,2023-01-31,2459975.5,NASA/JPL CNEOS Sentry Data API
bK13F13U,2013 FU13,(2013 FU13),2081-2122,24,7.8319176e-05,-5.46,-5.95,0,27.23,0.012,5.72892204815842,2013-05-08,2456420.5,NASA/JPL CNEOS Sentry Data API
bK18F01G,2018 FG1,(2018 FG1),2104-2118,11,6.22812e-07,-7.60,-8.09,0,27.31,0.012,9.96847954117776,2018-03-19,2458196.5,NASA/JPL CNEOS Sentry Data API
bK23B07U,2023 BU7,(2023 BU7),2068-2123,189,0.0002573812217,-6.64,-7.12,0,30.66,0.0025,1.01060023207979,2023-02-05,2459980.5,NASA/JPL CNEOS Sentry Data API
bK23B00Z,2023 BZ,(2023 BZ),2026-2026,1,3.818e-05,-3.62,-3.62,0,26.64,0.016,8.25,2023-02-01,2459976.5,NASA/JPL CNEOS Sentry Data API
bK23B03Z,2023 BZ3,(2023 BZ3),2078-2123,27,5.1067901e-05,-6.62,-7.07,0,29.07,0.0052,6.56020056512603,2023-01-28,2459972.5,NASA/JPL CNEOS Sentry Data API
bK23F07H,2023 FH7,(2023 FH7),2073-2120,8,0.000165564018,-5.70,-5.70,0,28.81,0.0059,8.31010140681654,2023-03-30,2460033.5,NASA/JPL CNEOS Sentry Data API
bK23C00Y,2023 CY,(2023 CY),2118-2118,1,4.240e-08,-8.30,-8.30,0,26.30,0.019,10.94,2023-02-16,2459991.5,NASA/JPL CNEOS Sentry Data API
bK17V00J,2017 VJ,(2017 VJ),2109-2121,31,6.542922e-06,-5.24,-5.87,0,24.52,0.042,11.5178897287787,2017-12-08,2458095.5,NASA/JPL CNEOS Sentry Data API
bK18C15A,2018 CA15,(2018 CA15),2063-2116,4,1.297442e-07,-7.61,-7.88,0,26.00,0.021,8.26050545612058,2018-02-13,2458162.5,NASA/JPL CNEOS Sentry Data API
bK22Y08L,2022 YL8,(2022 YL8),2083-2083,1,7.277e-07,-6.55,-6.55,0,26.11,0.02,18.02,2022-12-23,2459936.5,NASA/JPL CNEOS Sentry Data API
bK21A01L,2021 AL1,(2021 AL1),2105-2111,3,6.64106e-08,-7.48,-7.64,0,25.27,0.03,13.0428969471741,2021-01-17,2459231.5,NASA/JPL CNEOS Sentry Data API
bK21E04R,2021 ER4,(2021 ER4),2119-2119,1,6.255e-07,-7.47,-7.47,0,27.12,0.013,12.81,2021-03-18,2459291.5,NASA/JPL CNEOS Sentry Data API
bK22U20Q,2022 UQ20,(2022 UQ20),2109-2122,9,7.5507063e-06,-6.63,-6.77,0,27.33,0.012,8.4990216578812,2022-10-31,2459883.5,NASA/JPL CNEOS Sentry Data API
bK18V07C,2018 VC7,(2018 VC7),2049-2119,15,5.82015e-05,-5.54,-5.79,0,27.42,0.011,4.22036483595784,2018-11-11,2458433.5,NASA/JPL CNEOS Sentry Data API
bK19B00O,2019 BO,(2019 BO),2055-2099,35,1.40867279e-05,-6.50,-7.12,0,28.12,0.0081,7.2750810301376,2019-02-05,2458519.5,NASA/JPL CNEOS Sentry Data API
bK18V05T,2018 VT5,(2018 VT5),2086-2120,63,5.26727077e-05,-6.22,-6.76,0,28.44,0.0069,9.55026527377479,2018-11-14,2458436.5,NASA/JPL CNEOS Sentry Data API
bK21R14R,2021 RR14,(2021 RR14),2089-2119,15,5.604602e-05,-5.60,-5.81,0,26.85,0.014,3.0877424088276,2021-11-09,2459527.5,NASA/JPL CNEOS Sentry Data API
bK18F04X,2018 FX4,(2018 FX4),2120-2120,1,2.639e-07,-6.81,-6.81,0,25.56,0.026,22.84,2018-03-26,2458203.5,NASA/JPL CNEOS Sentry Data API
bK01U05D,2001 UD5,(2001 UD5),2083-2083,1,5.606e-09,-6.90,-6.90,0,22.35,0.11,16.90,2001-11-11,2452224.5,NASA/JPL CNEOS Sentry Data API
bK20Q05J,2020 QJ5,(2020 QJ5),2053-2111,10,2.3711722e-06,-6.63,-6.94,0,26.81,0.015,9.85431844384815,2020-08-24,2459085.5,NASA/JPL CNEOS Sentry Data API
bK16AJ3U,2016 AU193,(2016 AU193),2109-2109,1,1.141e-07,-7.03,-7.03,0,25.30,0.03,21.78,2016-01-07,2457394.5,NASA/JPL CNEOS Sentry Data API
bK20T03K,2020 TK3,(2020 TK3),2099-2121,8,2.979153e-06,-6.93,-7.42,0,27.44,0.011,11.2503582394056,2020-10-17,2459139.5,NASA/JPL CNEOS Sentry Data API
bK19R03T,2019 RT3,(2019 RT3),2075-2125,15,2.653919e-06,-5.93,-6.22,0,25.20,0.031,7.61789132599752,2019-11-18,2458805.5,NASA/JPL CNEOS Sentry Data API
bK19Y00E,2019 YE,(2019 YE),2112-2112,1,1.411e-09,-9.90,-9.90,0,26.69,0.016,12.21,2019-12-23,2458840.5,NASA/JPL CNEOS Sentry Data API
bK12X00H,2012 XH,(2012 XH),2112-2121,2,8.123e-07,-7.05,-7.21,0,26.07,0.021,6.22447125446264,2013-01-06,2456298.5,NASA/JPL CNEOS Sentry Data API
bK18L03R,2018 LR3,(2018 LR3),2077-2122,21,1.5960736e-05,-5.85,-6.03,0,26.27,0.019,4.16965741680083,2018-06-25,2458294.5,NASA/JPL CNEOS Sentry Data API
bK06B56F,2006 BF56,(2006 BF56),2092-2120,24,2.357051e-05,-6.66,-7.18,0,29.58,0.0041,26.1539985473373,2006-01-29,2453764.5,NASA/JPL CNEOS Sentry Data API
bK12H02G,2012 HG2,(2012 HG2),2052-2122,689,0.001985447826,-3.83,-4.26,0,26.97,0.014,3.32125218290173,2012-05-29,2456076.5,NASA/JPL CNEOS Sentry Data API
bK17S20F,2017 SF20,(2017 SF20),2034-2061,4,0.0003350604395,-4.42,-4.42,0,28.42,0.007,10.439999975485,2017-10-16,2458042.5,NASA/JPL CNEOS Sentry Data API
bK21G13C,2021 GC13,(2021 GC13),2117-2122,6,2.330503e-06,-8.01,-8.09,0,29.09,0.00519,6.74811668983048,2021-04-24,2459328.5,NASA/JPL CNEOS Sentry Data API
bK21L03C,2021 LC3,(2021 LC3),2065-2089,2,6.27236e-08,-7.92,-7.92,0,26.57,0.016,10.27984796791,2021-06-09,2459374.5,NASA/JPL CNEOS Sentry Data API
bK21P01M,2021 PM1,(2021 PM1),2056-2056,1,1.404e-07,-6.86,-6.86,0,25.31,0.029,9.84,2021-08-09,2459435.5,NASA/JPL CNEOS Sentry Data API
bK16K00O,2016 KO,(2016 KO),2104-2122,9,1.396609e-06,-6.99,-7.32,0,26.49,0.017,7.18805952847218,2016-06-05,2457544.5,NASA/JPL CNEOS Sentry Data API
bK07D07S,2007 DS7,(2007 DS7),2048-2118,26,2.10201154e-05,-5.14,-5.35,0,25.85,0.023,12.3858960955086,2007-02-25,2454156.5,NASA/JPL CNEOS Sentry Data API
bK11D00S,2011 DS,(2011 DS),2065-2122,42,2.7609442e-05,-5.78,-6.08,0,27.00,0.013,6.53840015998875,2011-03-10,2455630.5,NASA/JPL CNEOS Sentry Data API
bK17T05W,2017 TW5,(2017 TW5),2064-2121,16,5.458342e-06,-6.17,-6.27,0,27.04,0.013,15.2653961624244,2017-10-17,2458043.5,NASA/JPL CNEOS Sentry Data API
bK21E00O,2021 EO,(2021 EO),2089-2122,10,2.97186e-06,-5.96,-6.52,0,25.12,0.032,7.44680560322492,2021-03-16,2459289.5,NASA/JPL CNEOS Sentry Data API
bK26E01S,2026 ES1,(2026 ES1),2079-2088,11,8.337877e-05,-6.64,-6.75,0,30.11,0.0032,10.4319483208975,2026-03-10,2461109.5,NASA/JPL CNEOS Sentry Data API
bK26E01W,2026 EW1,(2026 EW1),2120-2123,2,1.6037e-08,-9.70,-9.93,0,28.12,0.008,8,2026-03-13,2461112.5,NASA/JPL CNEOS Sentry Data API
bK26F01H,2026 FH1,(2026 FH1),2064-2102,5,6.543355e-06,-7.55,-7.87,0,29.81,0.0037,9.42616837998244,2026-03-19,2461118.5,NASA/JPL CNEOS Sentry Data API
bK26J01H,2026 JH1,(2026 JH1),2071-2076,8,6.35681e-07,-6.26,-6.77,0,25.33,0.029,14.4846668218808,2026-05-18,2461178.5,NASA/JPL CNEOS Sentry Data API
bK14X32E,2014 XE32,(2014 XE32),2083-2083,1,1.668e-09,-9.48,-9.48,0,26.42,0.018,13.53,2014-12-24,2457015.5,NASA/JPL CNEOS Sentry Data API
bK19W04H,2019 WH4,(2019 WH4),2113-2113,1,1.281e-07,-8.37,-8.37,0,27.36,0.011,8.78,2019-12-02,2458819.5,NASA/JPL CNEOS Sentry Data API
bK19W02U,2019 WU2,(2019 WU2),2080-2106,18,1.183565e-05,-4.86,-4.98,0,24.55,0.042,11.5288820470359,2019-12-06,2458823.5,NASA/JPL CNEOS Sentry Data API
bK24C05M,2024 CM5,(2024 CM5),2061-2106,4,3.91234e-07,-7.94,-8.08,0,28.37,0.0072,10.378510507778,2024-02-20,2460360.5,NASA/JPL CNEOS Sentry Data API
bK20S04Y,2020 SY4,(2020 SY4),2069-2112,5,2.1023862e-06,-6.84,-6.88,0,27.37,0.011,15.9309970822678,2020-09-28,2459120.5,NASA/JPL CNEOS Sentry Data API
bK08K00T,2008 KT,(2008 KT),2091-2121,26,1.467651e-05,-6.87,-7.44,0,28.22,0.0077,2.98095404833983,2008-06-02,2454619.5,NASA/JPL CNEOS Sentry Data API
bK21A00H,2021 AH,(2021 AH),2043-2108,12,3.67759e-06,-6.46,-6.52,0,28.46,0.0069,21.4508836221547,2021-01-03,2459217.5,NASA/JPL CNEOS Sentry Data API
bK19S00C,2019 SC,(2019 SC),2051-2051,1,6.083e-06,-5.93,-5.93,0,27.22,0.012,14.26,2019-09-20,2458746.5,NASA/JPL CNEOS Sentry Data API
bK20L00V,2020 LV,(2020 LV),2109-2122,6,5.51801e-06,-5.83,-5.89,0,25.27,0.03,4.48542880494961,2020-06-23,2459023.5,NASA/JPL CNEOS Sentry Data API
bK22W07E,2022 WE7,(2022 WE7),2080-2122,12,7.82841e-07,-7.60,-8.22,0,27.98,0.0086,16.7395625037524,2022-11-27,2459910.5,NASA/JPL CNEOS Sentry Data API
bK13T04P,2013 TP4,(2013 TP4),2026-2026,1,3.526e-05,-3.60,-3.60,0,27.52,0.011,25.30,2013-10-12,2456577.5,NASA/JPL CNEOS Sentry Data API
bK16X23L,2016 XL23,(2016 XL23),2080-2098,3,6.09712e-05,-6.37,-6.37,0,29.26,0.0048,9.94939623953604,2016-12-02,2457724.5,NASA/JPL CNEOS Sentry Data API
bK17A21A,2017 AA21,(2017 AA21),2042-2119,11,2.202873e-07,-7.30,-7.78,0,26.11,0.02,6.9051636340361,2017-01-04,2457757.5,NASA/JPL CNEOS Sentry Data API
bK17DA9P,2017 DP109,(2017 DP109),2057-2122,7,2.984346e-06,-6.59,-6.91,0,26.89,0.014,12.407535191965,2017-03-02,2457814.5,NASA/JPL CNEOS Sentry Data API
bK11S58E,2011 SE58,(2011 SE58),2042-2055,3,5.8988e-07,-7.13,-7.28,0,27.63,0.01,15.6886682037024,2011-09-27,2455831.5,NASA/JPL CNEOS Sentry Data API
bK20P02W,2020 PW2,(2020 PW2),2073-2100,10,2.480593e-07,-8.55,-9.06,0,28.73,0.0061,10.6091076851382,2020-08-18,2459079.5,NASA/JPL CNEOS Sentry Data API
bK21T14N,2021 TN14,(2021 TN14),2099-2121,8,6.68258e-07,-8.17,-8.38,0,28.49,0.0068,10.7200517614454,2021-10-16,2459503.5,NASA/JPL CNEOS Sentry Data API
bK22U00N,2022 UN,(2022 UN),2123-2123,2,1.0083e-07,-5.41,-5.47,0,21.61,0.16,20.7213537637608,2022-11-23,2459906.5,NASA/JPL CNEOS Sentry Data API
bK18J01L,2018 JL1,(2018 JL1),2112-2122,6,5.83135e-06,-6.48,-6.68,0,26.73,0.015,6.16583641866806,2018-05-16,2458254.5,NASA/JPL CNEOS Sentry Data API
bK20C02K,2020 CK2,(2020 CK2),2062-2122,114,3.6866279e-05,-6.82,-7.73,0,29.26,0.0048,5.18527990660517,2020-03-05,2458913.5,NASA/JPL CNEOS Sentry Data API
bK23E01S,2023 ES1,(2023 ES1),2047-2122,9,4.109767e-05,-5.66,-5.74,0,27.83,0.0092,7.78921827928444,2023-03-19,2460022.5,NASA/JPL CNEOS Sentry Data API
bK20C00W,2020 CW,(2020 CW),2046-2057,3,2.2318e-06,-8.67,-8.77,0,32.51,0.0011,20.0841087911103,2020-02-01,2458880.5,NASA/JPL CNEOS Sentry Data API
bK20R04E,2020 RE4,(2020 RE4),2090-2122,21,2.751441e-07,-8.04,-8.72,0,27.91,0.00888,17.8074095210473,2020-09-15,2459107.5,NASA/JPL CNEOS Sentry Data API
bK22Y04R,2022 YR4,(2022 YR4),2068-2121,30,1.8305254e-05,-6.77,-7.28,0,28.71,0.0061,7.55497598121282,2022-12-26,2459939.5,NASA/JPL CNEOS Sentry Data API
bK22R02B,2022 RB2,(2022 RB2),2068-2068,1,3.709e-08,-8.54,-8.54,0,27.50,0.011,12.89,2022-09-22,2459844.5,NASA/JPL CNEOS Sentry Data API
bK20D02F,2020 DF2,(2020 DF2),2117-2117,1,6.867e-10,-9.91,-9.91,0,26.21,0.019,15.11,2020-02-29,2458908.5,NASA/JPL CNEOS Sentry Data API
bK20M01P,2020 MP1,(2020 MP1),2105-2105,2,3.0102e-06,-6.36,-6.45,0,26.06,0.021,7.82810577370274,2020-06-25,2459025.5,NASA/JPL CNEOS Sentry Data API
bK21R05S,2021 RS5,(2021 RS5),2065-2121,27,4.76384e-06,-7.27,-7.75,0,28.34,0.0073,7.67004222434003,2021-10-07,2459494.5,NASA/JPL CNEOS Sentry Data API
bK17S21A,2017 SA21,(2017 SA21),2056-2081,3,8.1482e-08,-8.60,-8.69,0,28.32,0.0073,10.0414867087209,2017-10-01,2458027.5,NASA/JPL CNEOS Sentry Data API
bK17S17U,2017 SU17,(2017 SU17),2055-2119,59,2.99515142e-05,-6.24,-6.76,0,28.03,0.0084,8.31754169470337,2017-10-01,2458027.5,NASA/JPL CNEOS Sentry Data API
bK18E04B,2018 EB4,(2018 EB4),2099-2103,2,1.06725e-06,-6.30,-6.30,0,25.40,0.028,13.0919910986179,2018-03-16,2458193.5,NASA/JPL CNEOS Sentry Data API
bK19C01Z,2019 CZ1,(2019 CZ1),2115-2115,1,2.257e-08,-7.26,-7.26,0,24.26,0.048,22.01,2019-02-12,2458526.5,NASA/JPL CNEOS Sentry Data API
bK19V37C,2019 VC37,(2019 VC37),2082-2121,38,2.673712e-05,-7.23,-7.69,0,29.73,0.0038,5.67123712426769,2019-11-04,2458791.5,NASA/JPL CNEOS Sentry Data API
bK08T10S,2008 TS10,(2008 TS10),2068-2122,84,5.92437514e-05,-6.42,-7.33,0,28.76,0.006,3.17559878654139,2008-10-22,2454761.5,NASA/JPL CNEOS Sentry Data API
bK20C02O,2020 CO2,(2020 CO2),2048-2118,39,3.6065618e-05,-5.16,-5.38,0,26.66,0.016,15.775917879738,2020-02-19,2458898.5,NASA/JPL CNEOS Sentry Data API
bK20H05V,2020 HV5,(2020 HV5),2091-2091,1,1.949e-07,-7.25,-7.25,0,25.78,0.024,10.19,2020-04-27,2458966.5,NASA/JPL CNEOS Sentry Data API
bK02U36V,2002 UV36,(2002 UV36),2087-2087,1,6.805e-06,-6.18,-6.18,0,26.67,0.016,8.06,2002-11-14,2452592.5,NASA/JPL CNEOS Sentry Data API
bK07K04E,2007 KE4,(2007 KE4),2029-2096,3,1.961721e-05,-3.76,-3.77,0,25.21,0.031,10.0649726184305,2007-05-26,2454246.5,NASA/JPL CNEOS Sentry Data API
bK07V08E,2007 VE8,(2007 VE8),2062-2062,1,2.101e-05,-4.85,-4.85,0,25.44,0.028,9.05,2007-11-16,2454420.5,NASA/JPL CNEOS Sentry Data API
bK08E05X,2008 EX5,(2008 EX5),2056-2093,28,5.32149764e-05,-3.77,-4.04,0,23.81,0.059,9.91972872057874,2008-04-06,2454562.5,NASA/JPL CNEOS Sentry Data API
bK16N39L,2016 NL39,(2016 NL39),2055-2122,323,0.0002845893852,-5.10,-5.89,0,27.57,0.01,3.93757816992536,2016-08-10,2457610.5,NASA/JPL CNEOS Sentry Data API
bK15V64N,2015 VN64,(2015 VN64),2086-2088,5,8.63742e-07,-7.27,-7.52,0,27.54,0.01,15.8584015828801,2015-11-13,2457339.5,NASA/JPL CNEOS Sentry Data API
bK15S00G,2015 SG,(2015 SG),2104-2105,2,7.14585e-06,-6.16,-6.16,0,26.43,0.018,7.8993451443845,2015-10-15,2457310.5,NASA/JPL CNEOS Sentry Data API
bK15V64P,2015 VP64,(2015 VP64),2069-2108,5,3.371205e-06,-6.90,-6.91,0,28.31,0.0074,20.9595667216915,2015-11-09,2457335.5,NASA/JPL CNEOS Sentry Data API
bK16D01K,2016 DK1,(2016 DK1),2043-2122,121,0.0003031205723,-4.61,-5.01,0,27.39,0.011,6.87319178095257,2016-03-16,2457463.5,NASA/JPL CNEOS Sentry Data API
bK16E84P,2016 EP84,(2016 EP84),2084-2122,19,2.928852e-05,-6.08,-6.23,0,27.41,0.011,2.32992161775331,2016-05-25,2457533.5,NASA/JPL CNEOS Sentry Data API
bK16G02K,2016 GK2,(2016 GK2),2092-2122,19,4.90284852e-05,-5.87,-6.13,0,27.77,0.0094,9.12018258028906,2016-04-19,2457497.5,NASA/JPL CNEOS Sentry Data API
bK07E26H,2007 EH26,(2007 EH26),2097-2118,6,2.463916e-07,-6.25,-6.50,0,24.23,0.048,20.0146931875924,2007-03-16,2454175.5,NASA/JPL CNEOS Sentry Data API
bK16N22K,2016 NK22,(2016 NK22),2084-2122,177,0.0004705480248,-5.61,-5.83,0,28.94,0.0055,6.87770180441739,2016-07-11,2457580.5,NASA/JPL CNEOS Sentry Data API
bK17F01C,2017 FC1,(2017 FC1),2064-2064,1,2.251e-07,-7.19,-7.19,0,26.13,0.02,8.28,2017-04-01,2457844.5,NASA/JPL CNEOS Sentry Data API
bK08O08O,2008 OO8,(2008 OO8),2109-2109,1,4.480e-08,-7.79,-7.79,0,25.22,0.031,8.31,2008-08-24,2454702.5,NASA/JPL CNEOS Sentry Data API
bK25K00K,2025 KK,(2025 KK),2122-2123,2,1.4268e-06,-7.59,-7.82,0,27.60,0.01,4.54784482758621,2025-05-28,2460823.5,NASA/JPL CNEOS Sentry Data API
bK25S09B,2025 SB9,(2025 SB9),2068-2109,4,1.91538e-06,-8.21,-8.38,0,30.04,0.0033,10.8060499744176,2025-09-16,2460934.5,NASA/JPL CNEOS Sentry Data API
bK22D03O,2022 DO3,(2022 DO3),2060-2116,11,8.670347e-06,-6.06,-6.62,0,26.94,0.014,14.8520642772429,2022-03-05,2459643.5,NASA/JPL CNEOS Sentry Data API
bK22K06M,2022 KM6,(2022 KM6),2065-2115,11,1.5931711e-06,-6.02,-6.24,0,26.14,0.02,20.4477679804762,2022-06-05,2459735.5,NASA/JPL CNEOS Sentry Data API
bK11E40L,2011 EL40,(2011 EL40),2073-2120,6,5.754016e-07,-7.00,-7.17,0,26.50,0.017,17.6771769143499,2011-03-14,2455634.5,NASA/JPL CNEOS Sentry Data API
bK11F23A,2011 FA23,(2011 FA23),2031-2120,18,4.466015e-06,-7.10,-7.28,0,28.91,0.0056,14.4505421320797,2011-03-31,2455651.5,NASA/JPL CNEOS Sentry Data API
bK11E40M,2011 EM40,(2011 EM40),2049-2122,57,1.9364978e-06,-7.24,-7.86,0,27.99,0.00855,10.6851970619332,2011-03-14,2455634.5,NASA/JPL CNEOS Sentry Data API
bK11F16Q,2011 FQ16,(2011 FQ16),2105-2114,4,6.5905e-07,-7.81,-8.01,0,27.66,0.0099,7.95452469463622,2011-03-29,2455649.5,NASA/JPL CNEOS Sentry Data API
bK20X00F,2020 XF,(2020 XF),2056-2122,528,0.0003923425872,-4.55,-5.18,0,26.77,0.015,3.27370707360213,2021-01-04,2459218.5,NASA/JPL CNEOS Sentry Data API
bK21G10N,2021 GN10,(2021 GN10),2075-2122,12,7.6443849e-06,-6.96,-7.05,0,28.36,0.0072,12.0506455782989,2021-04-15,2459319.5,NASA/JPL CNEOS Sentry Data API
bK21C05N,2021 CN5,(2021 CN5),2109-2122,52,2.81277211e-05,-6.01,-6.31,0,27.79,0.0094,16.0380162875335,2021-02-13,2459258.5,NASA/JPL CNEOS Sentry Data API
bK20R02J,2020 RJ2,(2020 RJ2),2067-2122,47,0.00026933364,-6.03,-6.43,0,29.23,0.0048,3.55190275525924,2020-09-17,2459109.5,NASA/JPL CNEOS Sentry Data API
bJ99R31Z,1999 RZ31,(1999 RZ31),2056-2056,1,1.438e-06,-5.17,-5.17,0,23.79,0.059,8.20,1999-09-21,2451442.5,NASA/JPL CNEOS Sentry Data API
bK04B41N,2004 BN41,(2004 BN41),2086-2122,9,2.354599e-06,-6.31,-6.66,0,25.75,0.024,7.78310261747329,2004-01-30,2453034.5,NASA/JPL CNEOS Sentry Data API
bK19N07F,2019 NF7,(2019 NF7),2080-2080,1,9.813e-06,-6.62,-6.62,0,28.10,0.0081,9.27,2019-07-10,2458674.5,NASA/JPL CNEOS Sentry Data API
bK21J05Z,2021 JZ5,(2021 JZ5),2075-2096,37,9.475877e-06,-6.59,-6.89,0,28.33,0.0073,16.0828801218082,2021-05-20,2459354.5,NASA/JPL CNEOS Sentry Data API
bK16C31E,2016 CE31,(2016 CE31),2118-2120,9,3.09894e-06,-7.12,-7.51,0,27.50,0.011,7.47023911401963,2016-02-13,2457431.5,NASA/JPL CNEOS Sentry Data API
bK14K76S,2014 KS76,(2014 KS76),2119-2119,1,7.738e-07,-7.31,-7.31,0,26.61,0.016,7.06,2015-09-12,2457277.5,NASA/JPL CNEOS Sentry Data API
bK20T05D,2020 TD5,(2020 TD5),2118-2118,2,2.94422e-07,-7.64,-7.65,0,26.57,0.016,9.11987018633118,2020-10-18,2459140.5,NASA/JPL CNEOS Sentry Data API
bK17Y01M,2017 YM1,(2017 YM1),2049-2110,20,3.063416e-05,-4.72,-4.92,0,25.14,0.032,11.0766652880314,2018-01-05,2458123.5,NASA/JPL CNEOS Sentry Data API
bK13N04J,2013 NJ4,(2013 NJ4),2114-2114,2,1.104e-07,-8.56,-8.74,0,27.43,0.011,5.60665579710145,2013-07-06,2456479.5,NASA/JPL CNEOS Sentry Data API
bK15T21L,2015 TL21,(2015 TL21),2061-2103,9,3.476306e-06,-6.06,-6.51,0,26.42,0.018,15.2434015417515,2015-10-19,2457314.5,NASA/JPL CNEOS Sentry Data API
bK25V04R,2025 VR4,(2025 VR4),2053-2124,49,2.9461299e-05,-7.32,-7.82,0,30.34,0.0029,10.1052252353163,2025-11-16,2460995.5,NASA/JPL CNEOS Sentry Data API
bK25V01O,2025 VO1,(2025 VO1),2099-2105,2,5.7926e-08,-8.20,-8.22,0,26.51,0.017,9.5194914200877,2025-11-20,2460999.5,NASA/JPL CNEOS Sentry Data API
bK26F12L,2026 FL12,(2026 FL12),2093-2125,6,7.699821e-05,-6.26,-6.31,0,29.13,0.005,10.8588751530717,2026-03-29,2461128.5,NASA/JPL CNEOS Sentry Data API
bK15U67R,2015 UR67,(2015 UR67),2091-2103,3,4.164148e-06,-6.14,-6.14,0,26.30,0.019,11.6298118318561,2015-11-20,2457346.5,NASA/JPL CNEOS Sentry Data API
bK15C13L,2015 CL13,(2015 CL13),2090-2106,6,7.48327e-07,-6.51,-6.86,0,25.65,0.025,13.6987754684784,2015-02-15,2457068.5,NASA/JPL CNEOS Sentry Data API
bK15V01K,2015 VK1,(2015 VK1),2095-2118,10,1.0138516e-06,-6.82,-7.08,0,26.45,0.017,14.7245124789466,2015-11-09,2457335.5,NASA/JPL CNEOS Sentry Data API
bK15Xb8A,2015 XA378,(2015 XA378),2092-2121,40,5.7117902e-05,-4.55,-4.80,0,25.55,0.026,17.8964667200136,2015-12-18,2457374.5,NASA/JPL CNEOS Sentry Data API
bK15XC9O,2015 XO129,(2015 XO129),2080-2095,3,2.3793e-08,-7.76,-7.94,0,25.21,0.031,12.6730088681545,2015-12-11,2457367.5,NASA/JPL CNEOS Sentry Data API
bK16AG6B,2016 AB166,(2016 AB166),2102-2108,4,1.077225e-05,-4.61,-4.63,0,24.45,0.044,21.5906257095778,2016-02-09,2457427.5,NASA/JPL CNEOS Sentry Data API
bK10T54W,2010 TW54,(2010 TW54),2088-2122,16,6.594578e-05,-5.76,-6.12,0,27.55,0.01,7.76209523793638,2010-10-16,2455485.5,NASA/JPL CNEOS Sentry Data API
bK17F90W,2017 FW90,(2017 FW90),2101-2119,7,7.891982e-05,-6.09,-6.38,0,28.12,0.008,4.15911743843308,2017-04-26,2457869.5,NASA/JPL CNEOS Sentry Data API
bK19B02V,2019 BV2,(2019 BV2),2111-2120,3,1.4958e-08,-8.22,-8.35,0,25.46,0.027,15.2240419842225,2019-01-28,2458511.5,NASA/JPL CNEOS Sentry Data API
bK19C04J,2019 CJ4,(2019 CJ4),2075-2121,21,2.3208024e-06,-6.12,-6.59,0,25.45,0.028,10.9380464963325,2019-03-09,2458551.5,NASA/JPL CNEOS Sentry Data API
bK19L02A,2019 LA2,(2019 LA2),2105-2115,3,3.7491e-07,-7.37,-7.51,0,26.64,0.016,14.4617268144355,2019-06-26,2458660.5,NASA/JPL CNEOS Sentry Data API
bK15B03Y,2015 BY3,(2015 BY3),2033-2109,11,8.914363e-07,-6.89,-7.27,0,27.50,0.011,16.5926121642118,2015-01-23,2457045.5,NASA/JPL CNEOS Sentry Data API
bK20T06G,2020 TG6,(2020 TG6),2039-2039,1,3.071e-08,-8.72,-8.72,0,29.07,0.0052,18.61,2020-10-17,2459139.5,NASA/JPL CNEOS Sentry Data API
bK17Y02D,2017 YD2,(2017 YD2),2062-2062,1,6.855e-07,-7.90,-7.90,0,28.67,0.0063,8.50,2017-12-24,2458111.5,NASA/JPL CNEOS Sentry Data API
bK09E00W,2009 EW,(2009 EW),2067-2081,7,1.77861e-06,-6.41,-6.61,0,26.38,0.018,12.8243862341941,2009-03-06,2454896.5,NASA/JPL CNEOS Sentry Data API
bK09F00J,2009 FJ,(2009 FJ),2058-2121,16,1.4933118e-05,-5.02,-5.42,0,24.87,0.036,8.94412220810148,2009-04-17,2454938.5,NASA/JPL CNEOS Sentry Data API
bK13G55A,2013 GA55,(2013 GA55),2070-2122,37,4.7820216e-05,-5.91,-6.07,0,27.69,0.0098,9.33918341590092,2013-04-11,2456393.5,NASA/JPL CNEOS Sentry Data API
bK13HF8N,2013 HN158,(2013 HN158),2053-2107,3,8.087569e-06,-4.66,-4.66,0,24.48,0.043,9.13130351654496,2013-04-18,2456400.5,NASA/JPL CNEOS Sentry Data API
bK13R43S,2013 RS43,(2013 RS43),2073-2122,67,2.9773948e-05,-5.83,-6.41,0,27.03,0.013,5.68724240131003,2013-09-15,2456550.5,NASA/JPL CNEOS Sentry Data API
bK13R53Z,2013 RZ53,(2013 RZ53),2058-2122,18,2.8758021e-05,-7.65,-7.72,0,31.15,0.002,1.27076638409854,2013-09-16,2456551.5,NASA/JPL CNEOS Sentry Data API
bK20K02U,2020 KU2,(2020 KU2),2105-2105,1,4.935e-09,-8.81,-8.81,0,25.78,0.024,14.32,2020-05-23,2458992.5,NASA/JPL CNEOS Sentry Data API
bK00WA7J,2000 WJ107,(2000 WJ107),2110-2119,39,7.4614797e-06,-4.46,-4.80,0,23.12,0.0809,12.7713207227516,2000-12-20,2451898.5,NASA/JPL CNEOS Sentry Data API
bK19J02Y,2019 JY2,(2019 JY2),2059-2122,40,9.819069e-06,-7.49,-8.22,0,29.60,0.0041,7.66893625047344,2019-05-09,2458612.5,NASA/JPL CNEOS Sentry Data API
bK01B16A,2001 BA16,(2001 BA16),2040-2051,3,9.4606e-06,-5.11,-5.14,0,25.83,0.023,4.9016204046255,2001-02-28,2451968.5,NASA/JPL CNEOS Sentry Data API
bK12S58G,2012 SG58,(2012 SG58),2060-2060,1,1.286e-08,-6.68,-6.68,0,23.05,0.083,15.89,2012-10-04,2456204.5,NASA/JPL CNEOS Sentry Data API
bK12S49Y,2012 SY49,(2012 SY49),2031-2120,37,1.0443693e-05,-5.02,-5.37,0,25.83,0.023,15.6414643292368,2012-09-26,2456196.5,NASA/JPL CNEOS Sentry Data API
bK12T20P,2012 TP20,(2012 TP20),2064-2120,17,4.7967169e-06,-7.07,-7.51,0,27.86,0.0091,7.28212972085136,2012-10-16,2456216.5,NASA/JPL CNEOS Sentry Data API
bK20T01T,2020 TT1,(2020 TT1),2117-2117,1,1.044e-07,-8.18,-8.18,0,27.09,0.013,14.18,2020-10-24,2459146.5,NASA/JPL CNEOS Sentry Data API
bK19R00Q,2019 RQ,(2019 RQ),2045-2045,1,3.059e-09,-10.77,-10.77,0,30.57,0.0026,12.68,2019-09-06,2458732.5,NASA/JPL CNEOS Sentry Data API
bK19S08X,2019 SX8,(2019 SX8),2110-2121,9,7.610045e-06,-7.40,-7.51,0,28.94,0.0055,8.31333590668649,2019-10-08,2458764.5,NASA/JPL CNEOS Sentry Data API
bK19X00V,2019 XV,(2019 XV),2064-2123,83,0.000123498716,-6.43,-6.92,0,29.19,0.0049,1.3247917385635,2019-12-17,2458834.5,NASA/JPL CNEOS Sentry Data API
bK22U11L,2022 UL11,(2022 UL11),2096-2123,52,0.00164244212,-5.11,-5.42,0,29.13,0.00501,8.92071164194206,2022-10-29,2459881.5,NASA/JPL CNEOS Sentry Data API
bK22Y01O,2022 YO1,(2022 YO1),2028-2044,4,2.13207e-07,-7.99,-8.25,0,30.00,0.0034,14.4137075236742,2022-12-17,2459930.5,NASA/JPL CNEOS Sentry Data API
bK23V07A,2023 VA7,(2023 VA7),2065-2121,29,1.1424926e-05,-6.22,-6.78,0,27.13,0.013,6.94018997497227,2023-12-10,2460288.5,NASA/JPL CNEOS Sentry Data API
bK24B05X,2024 BX5,(2024 BX5),2083-2123,78,0.000143359454,-5.39,-5.57,0,27.51,0.011,3.59885608562655,2024-02-13,2460353.5,NASA/JPL CNEOS Sentry Data API
bK24C01J,2024 CJ1,(2024 CJ1),2088-2123,13,1.536033e-05,-6.79,-7.13,0,28.41,0.0071,7.42050784716214,2024-02-09,2460349.5,NASA/JPL CNEOS Sentry Data API
bK24C00D,2024 CD,(2024 CD),2093-2093,1,2.589e-06,-6.04,-6.04,0,25.51,0.027,9.48,2024-02-07,2460347.5,NASA/JPL CNEOS Sentry Data API
bK15V64L,2015 VL64,(2015 VL64),2081-2121,18,4.15351e-06,-7.24,-7.96,0,28.27,0.0075,8.6850569518311,2015-11-13,2457339.5,NASA/JPL CNEOS Sentry Data API
bK17K03B,2017 KB3,(2017 KB3),2110-2110,1,2.348e-08,-7.91,-7.91,0,25.07,0.033,11.40,2017-05-30,2457903.5,NASA/JPL CNEOS Sentry Data API
bK16D30Y,2016 DY30,(2016 DY30),2036-2118,6,6.683694e-07,-8.08,-8.09,0,30.52,0.0027,15.5923943346299,2016-02-27,2457445.5,NASA/JPL CNEOS Sentry Data API
bK18F03Q,2018 FQ3,(2018 FQ3),2070-2114,14,9.565887e-06,-6.96,-7.49,0,28.55,0.0066,10.8374426041202,2018-03-22,2458199.5,NASA/JPL CNEOS Sentry Data API
bK18L00B,2018 LB,(2018 LB),2075-2119,21,5.028552e-06,-6.11,-6.77,0,25.99,0.0214,7.4311925580167,2018-06-02,2458271.5,NASA/JPL CNEOS Sentry Data API
bK18G04R,2018 GR4,(2018 GR4),2058-2121,83,0.0003166316162,-4.58,-4.63,0,27.09,0.013,2.60005357420148,2018-06-15,2458284.5,NASA/JPL CNEOS Sentry Data API
bK22C07L,2022 CL7,(2022 CL7),2039-2120,13,1.6464256e-06,-8.12,-8.51,0,29.62,0.004,9.40400077841356,2022-02-15,2459625.5,NASA/JPL CNEOS Sentry Data API
bK18H01W,2018 HW1,(2018 HW1),2105-2122,16,1.7551731e-05,-5.59,-5.65,0,25.77,0.024,4.73944840825101,2018-05-12,2458250.5,NASA/JPL CNEOS Sentry Data API
bK17U05W,2017 UW5,(2017 UW5),2081-2115,4,1.27641e-06,-7.77,-8.08,0,28.66,0.0063,13.0214192148291,2017-10-26,2458052.5,NASA/JPL CNEOS Sentry Data API
bK22B06U,2022 BU6,(2022 BU6),2108-2108,1,3.003e-08,-8.20,-8.20,0,25.89,0.022,10.90,2022-02-10,2459620.5,NASA/JPL CNEOS Sentry Data API
bK24F05S,2024 FS5,(2024 FS5),2026-2026,1,6.981e-07,-4.01,-4.01,0,24.77,0.038,24.28,2024-04-07,2460407.5,NASA/JPL CNEOS Sentry Data API
bK08B16N,2008 BN16,(2008 BN16),2083-2122,5,1.292773e-07,-7.26,-7.41,0,25.90,0.022,18.555041449659,2008-02-03,2454499.5,NASA/JPL CNEOS Sentry Data API
bK19F01U,2019 FU1,(2019 FU1),2090-2098,5,1.61832e-06,-6.81,-6.97,0,27.33,0.012,19.8104565846063,2019-04-09,2458582.5,NASA/JPL CNEOS Sentry Data API
bK19G03K,2019 GK3,(2019 GK3),2103-2121,5,1.363198e-05,-7.46,-7.46,0,29.50,0.0043,2.950101658013,2019-04-14,2458587.5,NASA/JPL CNEOS Sentry Data API
bK17M01D,2017 MD1,(2017 MD1),2072-2072,1,3.445e-08,-7.32,-7.32,0,24.89,0.036,13.59,2017-06-23,2457927.5,NASA/JPL CNEOS Sentry Data API
bK17N05T,2017 NT5,(2017 NT5),2094-2115,8,6.69442e-07,-5.13,-5.54,0,22.88,0.09,20.149394764595,2017-07-14,2457948.5,NASA/JPL CNEOS Sentry Data API
bK16J00A,2016 JA,(2016 JA),2089-2089,1,2.858e-08,-8.99,-8.99,0,27.51,0.011,7.57,2016-05-17,2457525.5,NASA/JPL CNEOS Sentry Data API
bK16J38N,2016 JN38,(2016 JN38),2039-2122,51,5.7527294e-06,-6.76,-7.43,0,29.08,0.00515,19.7050662332562,2016-05-04,2457512.5,NASA/JPL CNEOS Sentry Data API
bK17B30E,2017 BE30,(2017 BE30),2100-2100,1,4.218e-08,-8.01,-8.01,0,26.27,0.019,16.69,2017-02-03,2457787.5,NASA/JPL CNEOS Sentry Data API
bK18E01E,2018 EE1,(2018 EE1),2106-2106,1,2.486e-08,-7.55,-7.55,0,24.75,0.038,16.96,2018-03-14,2458191.5,NASA/JPL CNEOS Sentry Data API
bK15FY4U,2015 FU344,(2015 FU344),2057-2115,19,6.304469e-06,-8.06,-8.25,0,30.96,0.0022,9.91994206649283,2015-03-18,2457099.5,NASA/JPL CNEOS Sentry Data API
bK20U04O,2020 UO4,(2020 UO4),2105-2122,8,0.00032936263,-5.72,-5.95,0,28.61,0.0064,3.21863510805704,2022-02-25,2459635.5,NASA/JPL CNEOS Sentry Data API
bK22G00Q,2022 GQ,(2022 GQ),2112-2122,3,1.1363e-07,-9.94,-10.05,0,30.37,0.0029,5.82385021561207,2022-04-07,2459676.5,NASA/JPL CNEOS Sentry Data API
bK22G02W,2022 GW2,(2022 GW2),2073-2120,9,2.737189e-06,-7.32,-7.68,0,27.99,0.0085,7.14705176003557,2022-04-10,2459679.5,NASA/JPL CNEOS Sentry Data API
bK22D04T,2022 DT4,(2022 DT4),2099-2118,6,9.26689e-06,-5.93,-5.99,0,26.22,0.019,7.31096653785682,2022-04-03,2459672.5,NASA/JPL CNEOS Sentry Data API
bK22E05E,2022 EE5,(2022 EE5),2113-2115,3,1.46557e-07,-9.77,-9.94,0,30.11,0.0032,3.37444448235158,2022-03-28,2459666.5,NASA/JPL CNEOS Sentry Data API
bK22E03F,2022 EF3,(2022 EF3),2088-2088,1,1.269e-05,-6.35,-6.35,0,27.73,0.0096,10.39,2022-03-09,2459647.5,NASA/JPL CNEOS Sentry Data API
bK16E84V,2016 EV84,(2016 EV84),2056-2109,5,2.07264e-06,-6.69,-6.80,0,26.76,0.015,7.41124768411302,2016-03-16,2457463.5,NASA/JPL CNEOS Sentry Data API
bK21C00Y,2021 CY,(2021 CY),2100-2100,1,4.375e-09,-9.86,-9.86,0,27.70,0.0098,10.98,2021-02-08,2459253.5,NASA/JPL CNEOS Sentry Data API
bK19D01M,2019 DM1,(2019 DM1),2088-2088,1,1.223e-07,-8.30,-8.30,0,28.04,0.0083,17.50,2019-03-09,2458551.5,NASA/JPL CNEOS Sentry Data API
bK10VD9O,2010 VO139,(2010 VO139),2053-2072,2,8.611e-07,-6.38,-6.39,0,26.70,0.015,21.2019881546859,2010-11-14,2455514.5,NASA/JPL CNEOS Sentry Data API
bK26L00X,2026 LX,(2026 LX),2077-2123,35,7.86425456e-05,-6.24,-6.53,0,28.82,0.00582,7.54995550283916,2026-06-10,2461201.5,NASA/JPL CNEOS Sentry Data API
bK08C22E,2008 CE22,(2008 CE22),2113-2122,3,4.0786e-07,-7.40,-7.50,0,26.36,0.018,8.47156867552592,2008-02-15,2454511.5,NASA/JPL CNEOS Sentry Data API
bK19Q03R,2019 QR3,(2019 QR3),2073-2089,21,0.0002331157753,-4.72,-5.04,0,27.13,0.013,10.9842372499962,2019-08-29,2458724.5,NASA/JPL CNEOS Sentry Data API
bK01D76Z,2001 DZ76,(2001 DZ76),2079-2079,1,1.616e-09,-9.01,-9.01,0,25.43,0.028,12.36,2001-02-23,2451963.5,NASA/JPL CNEOS Sentry Data API
bK01H31J,2001 HJ31,(2001 HJ31),2119-2122,2,1.12555e-07,-6.60,-6.62,0,23.65,0.063,11.5005201901293,2001-04-30,2452029.5,NASA/JPL CNEOS Sentry Data API
bK21X05U,2021 XU5,(2021 XU5),2040-2112,22,0.0003617136367,-5.10,-5.40,0,29.27,0.0047,19.0810378551039,2021-12-09,2459557.5,NASA/JPL CNEOS Sentry Data API
bK20V05A,2020 VA5,(2020 VA5),2078-2090,2,4.5193e-07,-7.46,-7.47,0,27.21,0.012,11.1431723939548,2020-11-15,2459168.5,NASA/JPL CNEOS Sentry Data API
bK21L06K,2021 LK6,(2021 LK6),2077-2115,10,1.852057e-06,-7.46,-7.88,0,28.36,0.0072,12.5792472477899,2021-06-17,2459382.5,NASA/JPL CNEOS Sentry Data API
bK21L15L,2021 LL15,(2021 LL15),2050-2107,11,3.0927815e-06,-6.20,-6.43,0,26.38,0.018,10.1710772341984,2021-06-18,2459383.5,NASA/JPL CNEOS Sentry Data API
bK09J02L,2009 JL2,(2009 JL2),2057-2116,19,8.157601e-06,-5.51,-5.92,0,25.98,0.022,12.8319685370736,2009-05-13,2454964.5,NASA/JPL CNEOS Sentry Data API
bK19J00K,2019 JK,(2019 JK),2053-2053,2,2.2062e-07,-7.65,-7.77,0,27.98,0.0086,17.81,2019-05-10,2458613.5,NASA/JPL CNEOS Sentry Data API
bK18W00E,2018 WE,(2018 WE),2057-2113,8,1.38579e-06,-7.35,-7.57,0,28.33,0.0073,12.745120977926,2018-11-17,2458439.5,NASA/JPL CNEOS Sentry Data API
bK19Y04V,2019 YV4,(2019 YV4),2044-2061,3,1.51476e-08,-8.47,-8.51,0,27.26,0.012,20.1441900367055,2019-12-30,2458847.5,NASA/JPL CNEOS Sentry Data API
bK19S01G,2019 SG1,(2019 SG1),2064-2064,1,8.224e-07,-7.12,-7.12,0,27.67,0.0099,16.72,2019-09-22,2458748.5,NASA/JPL CNEOS Sentry Data API
bK16D02K,2016 DK2,(2016 DK2),2069-2118,3,1.993214e-06,-7.39,-7.39,0,29.01,0.0053,17.5721506672139,2016-03-01,2457448.5,NASA/JPL CNEOS Sentry Data API
bK20C00Q,2020 CQ,(2020 CQ),2051-2112,5,4.0076e-06,-6.22,-6.41,0,27.01,0.013,15.2499640682703,2020-02-03,2458882.5,NASA/JPL CNEOS Sentry Data API
bK19R02Q,2019 RQ2,(2019 RQ2),2104-2105,2,1.00872e-07,-7.32,-7.35,0,25.44,0.028,14.7608945990959,2019-09-14,2458740.5,NASA/JPL CNEOS Sentry Data API
bK20P03U,2020 PU3,(2020 PU3),2109-2122,29,3.9776576e-06,-6.62,-6.89,0,26.83,0.0147,9.54219192370907,2020-08-16,2459077.5,NASA/JPL CNEOS Sentry Data API
bK18L04F,2018 LF4,(2018 LF4),2106-2106,1,3.597e-08,-7.34,-7.34,0,24.20,0.049,9.63,2018-07-09,2458308.5,NASA/JPL CNEOS Sentry Data API
bK12X55L,2012 XL55,(2012 XL55),2056-2082,3,2.00137e-08,-8.28,-8.30,0,27.06,0.013,18.9710943004042,2012-12-10,2456271.5,NASA/JPL CNEOS Sentry Data API
bK19C01Y,2019 CY1,(2019 CY1),2060-2060,1,6.409e-10,-9.30,-9.30,0,25.67,0.025,13.35,2019-02-17,2458531.5,NASA/JPL CNEOS Sentry Data API
bK08S07T,2008 ST7,(2008 ST7),2062-2112,26,2.72237082e-05,-4.36,-4.76,0,24.08,0.052,9.97491075510426,2008-11-01,2454771.5,NASA/JPL CNEOS Sentry Data API
bK18W00S,2018 WS,(2018 WS),2106-2106,1,4.486e-08,-8.47,-8.47,0,26.41,0.018,3.30,2018-11-29,2458451.5,NASA/JPL CNEOS Sentry Data API
bK20B11Y,2020 BY11,(2020 BY11),2114-2120,6,3.67624e-07,-8.10,-8.55,0,27.93,0.0088,12.4907475572868,2020-02-02,2458881.5,NASA/JPL CNEOS Sentry Data API
bJ93K02A,1993 KA2,(1993 KA2),2060-2060,1,4.177e-08,-8.83,-8.83,0,29.00,0.0054,23.20,1993-05-22,2449129.5,NASA/JPL CNEOS Sentry Data API
bK20Q05R,2020 QR5,(2020 QR5),2111-2119,3,1.46176e-07,-8.36,-8.40,0,27.31,0.012,6.80795582038091,2020-09-15,2459107.5,NASA/JPL CNEOS Sentry Data API
bK19N02O,2019 NO2,(2019 NO2),2102-2117,5,9.672688e-05,-5.87,-5.87,0,28.25,0.0076,8.7188746023856,2019-07-09,2458673.5,NASA/JPL CNEOS Sentry Data API
bK20H03B,2020 HB3,(2020 HB3),2105-2123,15,2.325289e-05,-4.99,-5.04,0,25.13,0.032,11.4196996747501,2020-04-25,2458964.5,NASA/JPL CNEOS Sentry Data API
bK22M15J,2022 MJ15,(2022 MJ15),2040-2121,14,2.8516473e-05,-7.77,-7.92,0,31.11,0.002,7.14500411428861,2022-06-20,2459750.5,NASA/JPL CNEOS Sentry Data API
bK24E05S,2024 ES5,(2024 ES5),2112-2120,4,1.11368e-07,-7.47,-7.55,0,25.39,0.028,9.97988219237124,2024-03-26,2460395.5,NASA/JPL CNEOS Sentry Data API
bK25H01L,2025 HL1,(2025 HL1),2122-2122,1,1.502e-09,-10.56,-10.56,0,27.65,0.01,5.91,2025-04-25,2460790.5,NASA/JPL CNEOS Sentry Data API
bK25H00X,2025 HX,(2025 HX),2051-2124,6,0.00012543321,-4.82,-4.83,0,27.57,0.01,12.7801199953346,2025-04-24,2460789.5,NASA/JPL CNEOS Sentry Data API
bK23Q02D,2023 QD2,(2023 QD2),2062-2116,40,4.0138715e-06,-6.56,-7.38,0,26.90,0.014,7.60038890009309,2023-08-22,2460178.5,NASA/JPL CNEOS Sentry Data API
bK20H03N,2020 HN3,(2020 HN3),2099-2118,10,3.086308e-06,-8.17,-8.43,0,29.58,0.0041,4.18094356104446,2020-04-22,2458961.5,NASA/JPL CNEOS Sentry Data API
bK16T00T,2016 TT,(2016 TT),2083-2096,5,3.69014e-07,-7.06,-7.41,0,26.02,0.021,11.5513553957302,2016-11-02,2457694.5,NASA/JPL CNEOS Sentry Data API
bK21G10B,2021 GB10,(2021 GB10),2057-2085,6,2.245296e-05,-6.32,-6.80,0,28.72,0.0061,16.7470381455274,2021-04-17,2459321.5,NASA/JPL CNEOS Sentry Data API
bK06S00C,2006 SC,(2006 SC),2043-2109,9,1.544429e-06,-5.74,-5.87,0,25.22,0.031,12.2210002596429,2006-10-13,2454021.5,NASA/JPL CNEOS Sentry Data API
bK19T01F,2019 TF1,(2019 TF1),2081-2081,1,1.220e-09,-10.21,-10.21,0,27.41,0.011,8.84,2019-10-22,2458778.5,NASA/JPL CNEOS Sentry Data API
bK21C07Z,2021 CZ7,(2021 CZ7),2040-2117,5,1.956733e-05,-6.29,-6.45,0,28.36,0.0072,9.07498081240517,2021-02-15,2459260.5,NASA/JPL CNEOS Sentry Data API
bK13V17D,2013 VD17,(2013 VD17),2075-2117,4,1.561875e-06,-7.10,-7.15,0,27.12,0.013,11.671576182473,2013-12-10,2456636.5,NASA/JPL CNEOS Sentry Data API
bK20B13A,2020 BA13,(2020 BA13),2083-2105,8,8.71562e-07,-8.10,-8.66,0,28.83,0.0058,10.0044831692983,2020-02-02,2458881.5,NASA/JPL CNEOS Sentry Data API
bK21RA0S,2021 RS100,(2021 RS100),2035-2087,20,1.2503085e-05,-6.21,-6.55,0,28.75,0.006,20.0210311039235,2021-09-09,2459466.5,NASA/JPL CNEOS Sentry Data API
bK21T15J,2021 TJ15,(2021 TJ15),2056-2075,2,6.36165e-06,-6.60,-6.60,0,28.37,0.0072,12.19,2021-10-15,2459502.5,NASA/JPL CNEOS Sentry Data API
bK20D01J,2020 DJ1,(2020 DJ1),2083-2118,41,2.46118285e-05,-4.72,-4.83,0,24.84,0.036,14.0196480430131,2020-02-24,2458903.5,NASA/JPL CNEOS Sentry Data API
bK22Y05J,2022 YJ5,(2022 YJ5),2099-2122,14,5.3749336e-06,-6.14,-6.24,0,26.76,0.015,18.2353043129686,2022-12-25,2459938.5,NASA/JPL CNEOS Sentry Data API
bK21R06G,2021 RG6,(2021 RG6),2121-2121,1,2.450e-07,-8.92,-8.92,0,28.90,0.0056,6.76,2021-09-11,2459468.5,NASA/JPL CNEOS Sentry Data API
bK19J01X,2019 JX1,(2019 JX1),2100-2104,2,3.0999e-07,-8.61,-8.73,0,29.13,0.0051,14.362319107068,2019-05-08,2458611.5,NASA/JPL CNEOS Sentry Data API
bK10U00J,2010 UJ,(2010 UJ),2029-2093,7,5.9174e-08,-7.86,-8.51,0,26.15,0.0198,2.51151400953121,2010-10-18,2455487.5,NASA/JPL CNEOS Sentry Data API
bK24X03H,2024 XH3,(2024 XH3),2099-2099,1,4.035e-09,-9.98,-9.98,0,27.71,0.0097,8.20,2024-12-09,2460653.5,NASA/JPL CNEOS Sentry Data API
bK19D01G,2019 DG1,(2019 DG1),2118-2118,2,3.5142e-06,-6.66,-6.77,0,26.67,0.016,7.28781685732172,2019-03-16,2458558.5,NASA/JPL CNEOS Sentry Data API
bK14WK2X,2014 WX202,(2014 WX202),2118-2119,2,1.4712e-06,-8.57,-8.61,0,29.59,0.0041,0.977446982055465,2014-12-08,2456999.5,NASA/JPL CNEOS Sentry Data API
bK19Y03L,2019 YL3,(2019 YL3),2047-2047,1,1.136e-07,-7.95,-7.95,0,27.70,0.0098,9.99,2020-01-01,2458849.5,NASA/JPL CNEOS Sentry Data API
bK09S02H,2009 SH2,(2009 SH2),2119-2119,1,2.065e-07,-7.13,-7.13,0,24.90,0.035,4.21,2009-10-02,2455106.5,NASA/JPL CNEOS Sentry Data API
bK17Y08V,2017 YV8,(2017 YV8),2078-2119,26,2.4710825e-05,-6.04,-6.26,0,27.33,0.012,7.5179267729831,2018-01-16,2458134.5,NASA/JPL CNEOS Sentry Data API
bK18L00M,2018 LM,(2018 LM),2112-2120,4,2.11466e-07,-7.25,-7.64,0,25.23,0.03,4.89885343270313,2018-06-25,2458294.5,NASA/JPL CNEOS Sentry Data API
bK19U04E,2019 UE4,(2019 UE4),2064-2123,28,1.4088901e-05,-6.29,-6.66,0,27.69,0.0098,11.5796534371276,2019-11-04,2458791.5,NASA/JPL CNEOS Sentry Data API
bK23T04J,2023 TJ4,(2023 TJ4),2080-2095,18,1.9491268e-05,-6.89,-7.10,0,29.31,0.0047,12.4806802882193,2023-10-15,2460232.5,NASA/JPL CNEOS Sentry Data API
bK24V04R,2024 VR4,(2024 VR4),2090-2124,60,0.000202056521,-6.43,-6.99,0,29.70,0.0039,2.29283056526545,2024-12-02,2460646.5,NASA/JPL CNEOS Sentry Data API
bK25D30B,2025 DB30,(2025 DB30),2120-2123,2,5.3949e-06,-7.63,-7.65,0,29.13,0.0051,8.93972029138631,2025-03-02,2460736.5,NASA/JPL CNEOS Sentry Data API
bK24P02F,2024 PF2,(2024 PF2),2118-2118,1,2.617e-08,-8.37,-8.37,0,25.79,0.024,7.27,2024-09-29,2460582.5,NASA/JPL CNEOS Sentry Data API
bK24P01N,2024 PN1,(2024 PN1),2107-2124,44,1.59404733e-05,-5.42,-5.76,0,25.55,0.026,8.18595509670344,2024-08-07,2460529.5,NASA/JPL CNEOS Sentry Data API
bK04W01C,2004 WC1,(2004 WC1),2117-2117,1,1.094e-07,-7.98,-7.98,0,26.20,0.019,5.98,2004-11-22,2453331.5,NASA/JPL CNEOS Sentry Data API
bK11A37K,2011 AK37,(2011 AK37),2097-2097,1,1.067e-07,-7.19,-7.19,0,25.14,0.032,11.87,2011-02-11,2455603.5,NASA/JPL CNEOS Sentry Data API
bK21N00B,2021 NB,(2021 NB),2092-2092,1,1.653e-07,-7.92,-7.92,0,26.91,0.014,8.84,2021-07-06,2459401.5,NASA/JPL CNEOS Sentry Data API
bK20H00F,2020 HF,(2020 HF),2067-2115,4,4.8056e-07,-6.72,-7.06,0,25.18,0.031,7.75556559014483,2020-04-18,2458957.5,NASA/JPL CNEOS Sentry Data API
bK20H06M,2020 HM6,(2020 HM6),2071-2099,4,2.1937e-08,-8.39,-8.67,0,26.62,0.016,15.1856675935634,2020-04-30,2458969.5,NASA/JPL CNEOS Sentry Data API
bK20J38V,2020 JV38,(2020 JV38),2106-2115,2,5.076e-07,-7.89,-8.15,0,27.86,0.00905,12.0690780141844,2020-05-04,2458973.5,NASA/JPL CNEOS Sentry Data API
bK20T04Y,2020 TY4,(2020 TY4),2099-2099,2,9.3114e-06,-4.83,-4.84,0,23.99,0.054,8.37,2020-11-18,2459171.5,NASA/JPL CNEOS Sentry Data API
bK22A06Y,2022 AY6,(2022 AY6),2084-2121,3,4.5477e-08,-7.71,-7.79,0,26.26,0.019,22.9342271917673,2022-01-14,2459593.5,NASA/JPL CNEOS Sentry Data API
bK17Q01T,2017 QT1,(2017 QT1),2050-2093,10,5.855178e-07,-6.58,-6.72,0,26.80,0.015,20.2921442046681,2017-08-19,2457984.5,NASA/JPL CNEOS Sentry Data API
bK20G02V,2020 GV2,(2020 GV2),2077-2116,5,1.01867e-07,-7.82,-8.04,0,26.85,0.014,14.8826160483768,2020-04-21,2458960.5,NASA/JPL CNEOS Sentry Data API
bK11K15E,2011 KE15,(2011 KE15),2061-2061,1,6.433e-08,-8.09,-8.09,0,26.94,0.014,7.95,2011-06-04,2455716.5,NASA/JPL CNEOS Sentry Data API
bK20U02K,2020 UK2,(2020 UK2),2082-2121,13,2.07834028e-05,-5.90,-6.29,0,26.93,0.014,7.60665376816928,2020-10-24,2459146.5,NASA/JPL CNEOS Sentry Data API
bK05C37C,2005 CC37,(2005 CC37),2117-2117,1,1.880e-06,-4.98,-4.98,0,22.68,0.098,8.42,2005-03-08,2453437.5,NASA/JPL CNEOS Sentry Data API
bK14D00C,2014 DC,(2014 DC),2111-2111,1,1.090e-08,-9.14,-9.14,0,26.75,0.015,8.51,2014-02-28,2456716.5,NASA/JPL CNEOS Sentry Data API
bK21H02Y,2021 HY2,(2021 HY2),2051-2104,10,4.18383e-08,-9.26,-9.76,0,28.85,0.0058,7.68351199738039,2021-04-25,2459329.5,NASA/JPL CNEOS Sentry Data API
bK21V06W,2021 VW6,(2021 VW6),2084-2121,19,4.6317365e-06,-7.26,-7.74,0,28.95,0.0055,17.0682100525364,2021-11-10,2459528.5,NASA/JPL CNEOS Sentry Data API
bK15H01E,2015 HE1,(2015 HE1),2098-2117,4,3.0896e-07,-7.59,-7.79,0,27.01,0.013,14.6044397332988,2015-04-20,2457132.5,NASA/JPL CNEOS Sentry Data API
bK13A04C,2013 AC4,(2013 AC4),2085-2085,1,9.662e-10,-9.33,-9.33,0,25.97,0.022,19.70,2013-01-07,2456299.5,NASA/JPL CNEOS Sentry Data API
bK13G03M,2013 GM3,(2013 GM3),2028-2122,136,0.0001472515247,-4.42,-5.10,0,26.22,0.019,7.14386683456189,2013-04-13,2456395.5,NASA/JPL CNEOS Sentry Data API
bK06H02E,2006 HE2,(2006 HE2),2074-2121,28,2.1695082e-06,-6.73,-7.25,0,26.51,0.017,5.0270664180942,2006-04-22,2453847.5,NASA/JPL CNEOS Sentry Data API
bK06H06F,2006 HF6,(2006 HF6),2068-2112,25,9.957905e-06,-4.60,-5.08,0,24.47,0.043,16.3972543301026,2006-05-07,2453862.5,NASA/JPL CNEOS Sentry Data API
bK18L01E,2018 LE1,(2018 LE1),2102-2102,1,2.184e-07,-8.31,-8.31,0,27.69,0.0098,5.90,2018-06-21,2458290.5,NASA/JPL CNEOS Sentry Data API
bK18T06S,2018 TS6,(2018 TS6),2104-2115,2,1.64333e-06,-7.65,-7.66,0,28.19,0.0078,7.35069559978824,2018-10-05,2458396.5,NASA/JPL CNEOS Sentry Data API
bK16W55R,2016 WR55,(2016 WR55),2100-2115,11,2.467888e-06,-7.39,-7.66,0,28.33,0.0073,14.1285912812899,2016-11-25,2457717.5,NASA/JPL CNEOS Sentry Data API
bK19V00H,2019 VH,(2019 VH),2065-2118,30,2.06547555e-05,-6.03,-6.10,0,27.68,0.0099,8.22453542333145,2019-11-05,2458792.5,NASA/JPL CNEOS Sentry Data API
bK11U64C,2011 UC64,(2011 UC64),2084-2121,41,1.8125989e-05,-6.29,-6.97,0,27.92,0.0088,14.0475151744823,2011-10-24,2455858.5,NASA/JPL CNEOS Sentry Data API
bK11Y40C,2011 YC40,(2011 YC40),2028-2050,9,4.637038e-06,-6.50,-6.53,0,29.67,0.00393,10.9247462884712,2011-12-30,2455925.5,NASA/JPL CNEOS Sentry Data API
bK12U00E,2012 UE,(2012 UE),2040-2058,8,1.963613e-06,-7.04,-7.17,0,28.45,0.0069,13.235061460685,2012-10-17,2456217.5,NASA/JPL CNEOS Sentry Data API
bK12B13W,2012 BW13,(2012 BW13),2072-2120,21,2.5575678e-06,-6.85,-7.30,0,27.23,0.012,11.6773390429767,2012-01-24,2455950.5,NASA/JPL CNEOS Sentry Data API
bK08O01O,2008 OO1,(2008 OO1),2107-2107,1,2.648e-07,-6.56,-6.56,0,24.59,0.041,12.96,2008-08-27,2454705.5,NASA/JPL CNEOS Sentry Data API
bK10H20V,2010 HV20,(2010 HV20),2116-2116,3,8.78349e-08,-5.47,-5.48,0,21.89,0.14,24.7401522287838,2010-05-03,2455319.5,NASA/JPL CNEOS Sentry Data API
bK13P13S,2013 PS13,(2013 PS13),2096-2120,4,2.66009e-06,-6.68,-6.70,0,27.30,0.012,17.2591763060648,2013-08-09,2456513.5,NASA/JPL CNEOS Sentry Data API
bK14A51G,2014 AG51,(2014 AG51),2049-2120,45,6.86031674e-05,-6.36,-6.88,0,29.99,0.0034,14.8090336894561,2014-01-11,2456668.5,NASA/JPL CNEOS Sentry Data API
bK14C00E,2014 CE,(2014 CE),2108-2120,9,9.167435e-06,-6.25,-6.39,0,27.04,0.013,13.0356656960208,2014-02-28,2456716.5,NASA/JPL CNEOS Sentry Data API
bK18J00D,2018 JD,(2018 JD),2067-2114,19,0.000259985877,-4.42,-4.42,0,26.66,0.016,8.00999056987238,2018-05-08,2458246.5,NASA/JPL CNEOS Sentry Data API
bK09W52Q,2009 WQ52,(2009 WQ52),2037-2037,1,1.124e-07,-7.77,-7.77,0,28.18,0.0078,14.76,2009-11-25,2455160.5,NASA/JPL CNEOS Sentry Data API
bK01SS6D,2001 SD286,(2001 SD286),2080-2080,1,6.222e-08,-7.34,-7.34,0,25.24,0.03,12.56,2001-09-29,2452181.5,NASA/JPL CNEOS Sentry Data API
bK16U36Q,2016 UQ36,(2016 UQ36),2041-2050,3,1.534e-07,-7.72,-7.84,0,27.79,0.0094,11.3631942633638,2016-11-05,2457697.5,NASA/JPL CNEOS Sentry Data API
bK19B00Z,2019 BZ,(2019 BZ),2077-2122,37,2.97549714e-05,-6.01,-6.24,0,27.68,0.0098,8.61714745603822,2019-02-05,2458519.5,NASA/JPL CNEOS Sentry Data API
bK20T08D,2020 TD8,(2020 TD8),2062-2113,7,1.581607e-06,-6.90,-7.17,0,26.91,0.014,7.40133809473529,2020-10-27,2459149.5,NASA/JPL CNEOS Sentry Data API
bK21S01F,2021 SF1,(2021 SF1),2103-2121,9,2.98368e-06,-7.02,-7.25,0,27.18,0.012,2.8086204954955,2022-02-26,2459636.5,NASA/JPL CNEOS Sentry Data API
bK21G09X,2021 GX9,(2021 GX9),2032-2052,2,8.222347e-05,-3.18,-3.18,0,25.34,0.029,16.7901235073149,2021-04-17,2459321.5,NASA/JPL CNEOS Sentry Data API
bK07F03T,2007 FT3,(2007 FT3),2030-2119,87,7.744342e-07,-3.06,-3.46,0,19.97,0.341,17.0537895420941,2007-03-21,2454180.5,NASA/JPL CNEOS Sentry Data API
bK21E03L,2021 EL3,(2021 EL3),2088-2122,195,0.0006105587655,-5.42,-5.79,0,28.78,0.0059,5.38926030454967,2021-03-15,2459288.5,NASA/JPL CNEOS Sentry Data API
bK17K36C,2017 KC36,(2017 KC36),2061-2061,1,1.418e-06,-6.74,-6.74,0,27.18,0.012,11.85,2017-06-05,2457909.5,NASA/JPL CNEOS Sentry Data API
bK12K24P,2012 KP24,(2012 KP24),2032-2032,1,4.695e-07,-6.08,-6.08,0,26.45,0.017,12.74,2012-05-28,2456075.5,NASA/JPL CNEOS Sentry Data API
bK22J00K,2022 JK,(2022 JK),2077-2093,3,9.76861e-07,-6.60,-6.80,0,26.73,0.015,25.6704696676395,2022-05-09,2459708.5,NASA/JPL CNEOS Sentry Data API
bK18F29L,2018 FL29,(2018 FL29),2031-2118,22,5.09983403e-05,-6.74,-7.22,0,30.02,0.00334,11.9756309169928,2018-03-20,2458197.5,NASA/JPL CNEOS Sentry Data API
bK18R01R,2018 RR1,(2018 RR1),2086-2122,24,3.7155476e-05,-7.20,-7.29,0,29.93,0.0035,4.40817786697175,2018-09-16,2458377.5,NASA/JPL CNEOS Sentry Data API
bK21F02P,2021 FP2,(2021 FP2),2074-2122,46,6.94213815e-05,-6.94,-7.09,0,30.10,0.0032,8.76392752853816,2021-03-23,2459296.5,NASA/JPL CNEOS Sentry Data API
bK18P25A,2018 PA25,(2018 PA25),2027-2118,45,9.46106e-08,-6.44,-6.76,0,24.93,0.0351,14.9697569405542,2018-08-15,2458345.5,NASA/JPL CNEOS Sentry Data API
bK20A01O,2020 AO1,(2020 AO1),2049-2049,1,1.474e-07,-5.71,-5.71,0,23.68,0.062,17.02,2020-01-11,2458859.5,NASA/JPL CNEOS Sentry Data API
bK19Q00D,2019 QD,(2019 QD),2112-2112,1,1.211e-07,-8.86,-8.86,0,28.76,0.006,15.33,2019-08-21,2458716.5,NASA/JPL CNEOS Sentry Data API
bK12W03S,2012 WS3,(2012 WS3),2082-2122,55,3.51751686e-05,-5.23,-5.63,0,25.91,0.022,8.7912356613978,2012-12-13,2456274.5,NASA/JPL CNEOS Sentry Data API
bK16N56C,2016 NC56,(2016 NC56),2115-2115,1,2.686e-09,-9.76,-9.76,0,27.10,0.013,14.36,2016-07-13,2457582.5,NASA/JPL CNEOS Sentry Data API
bK19U14C,2019 UC14,(2019 UC14),2072-2097,2,1.7174e-08,-6.88,-7.17,0,23.35,0.072,17.7240433212996,2019-11-18,2458805.5,NASA/JPL CNEOS Sentry Data API
bK09F32P,2009 FP32,(2009 FP32),2073-2122,32,1.31947258e-05,-6.28,-6.99,0,27.75,0.00953,15.0580027922217,2009-03-30,2454920.5,NASA/JPL CNEOS Sentry Data API
bK18D01U,2018 DU1,(2018 DU1),2078-2118,4,1.45725e-06,-7.51,-7.73,0,27.71,0.0097,6.68634414136216,2018-02-27,2458176.5,NASA/JPL CNEOS Sentry Data API
bK18L05S,2018 LS5,(2018 LS5),2093-2104,2,3.229e-08,-8.57,-8.65,0,26.63,0.016,8.49396407556519,2018-06-25,2458294.5,NASA/JPL CNEOS Sentry Data API
bK06Y00E,2006 YE,(2006 YE),2089-2095,2,1.8732e-06,-7.14,-7.30,0,27.33,0.012,6.0271225710015,2006-12-17,2454086.5,NASA/JPL CNEOS Sentry Data API
bK20K03D,2020 KD3,(2020 KD3),2083-2104,21,0.000598845885,-4.10,-4.10,0,26.44,0.017,7.93020931437143,2020-11-12,2459165.5,NASA/JPL CNEOS Sentry Data API
bK20V05H,2020 VH5,(2020 VH5),2101-2101,4,9.42913e-06,-7.36,-7.39,0,29.20,0.0049,7.41004960160694,2020-11-15,2459168.5,NASA/JPL CNEOS Sentry Data API
bK20Y01A,2020 YA1,(2020 YA1),2093-2113,5,3.21356e-06,-6.79,-6.86,0,26.73,0.015,3.31883587049876,2021-01-02,2459216.5,NASA/JPL CNEOS Sentry Data API
bK21E02O,2021 EO2,(2021 EO2),2037-2121,203,0.0001969529649,-4.77,-4.82,0,27.83,0.0092,5.81262865460423,2021-07-11,2459406.5,NASA/JPL CNEOS Sentry Data API
bK21G01M,2021 GM1,(2021 GM1),2121-2122,2,2.6871e-05,-7.71,-7.90,0,30.41,0.0028,0.719343530199844,2021-05-05,2459339.5,NASA/JPL CNEOS Sentry Data API
bJ94X01M,1994 XM1,(1994 XM1),2117-2117,1,1.882e-07,-8.53,-8.53,0,28.16,0.0079,11.40,1994-12-09,2449695.5,NASA/JPL CNEOS Sentry Data API
bK19Q08R,2019 QR8,(2019 QR8),2086-2121,3,9.16032e-07,-7.74,-7.76,0,28.04,0.0084,12.9881667015999,2019-08-29,2458724.5,NASA/JPL CNEOS Sentry Data API
bK20G02Z,2020 GZ2,(2020 GZ2),2049-2108,8,0.0002217082153,-4.88,-4.88,0,28.09,0.0082,9.53995077879282,2020-04-19,2458958.5,NASA/JPL CNEOS Sentry Data API
bK04G02E,2004 GE2,(2004 GE2),2106-2109,2,1.57444e-07,-5.02,-5.04,0,21.37,0.18,20.5623231117096,2004-04-24,2453119.5,NASA/JPL CNEOS Sentry Data API
bK05S01O,2005 SO1,(2005 SO1),2110-2121,15,4.7437094e-06,-5.75,-6.23,0,25.41,0.028,12.0248816824656,2005-10-07,2453650.5,NASA/JPL CNEOS Sentry Data API
bK09B58F,2009 BF58,(2009 BF58),2060-2122,59,5.78065173e-05,-5.59,-6.02,0,27.24,0.012,6.6782172232853,2009-02-25,2454887.5,NASA/JPL CNEOS Sentry Data API
bK09W52R,2009 WR52,(2009 WR52),2031-2122,127,0.000104832594,-5.61,-5.88,0,28.32,0.0073,5.41305747248799,2009-12-09,2455174.5,NASA/JPL CNEOS Sentry Data API
bK11D09U,2011 DU9,(2011 DU9),2041-2059,6,0.00019014346,-4.23,-4.24,0,26.68,0.016,8.77006707672197,2011-03-11,2455631.5,NASA/JPL CNEOS Sentry Data API
bK20R07B,2020 RB7,(2020 RB7),2104-2117,7,4.6027e-07,-7.48,-8.01,0,27.29,0.012,19.0721843700437,2020-09-18,2459110.5,NASA/JPL CNEOS Sentry Data API
bK10U07R,2010 UR7,(2010 UR7),2079-2120,9,3.2058541e-06,-6.67,-7.03,0,27.38,0.011,13.3037886390401,2010-11-10,2455510.5,NASA/JPL CNEOS Sentry Data API
bK15E00O,2015 EO,(2015 EO),2050-2107,14,8.4638489e-06,-5.73,-6.01,0,26.65,0.016,14.2465237896674,2015-03-14,2457095.5,NASA/JPL CNEOS Sentry Data API
bK16G02M,2016 GM2,(2016 GM2),2121-2121,2,7.961e-08,-7.54,-7.76,0,25.14,0.032,8.88801532470795,2016-04-17,2457495.5,NASA/JPL CNEOS Sentry Data API
bK17B30K,2017 BK30,(2017 BK30),2085-2085,3,9.7683e-07,-7.20,-7.48,0,27.20,0.012,9.95151592395811,2017-02-04,2457788.5,NASA/JPL CNEOS Sentry Data API
bK10C19Q,2010 CQ19,(2010 CQ19),2114-2114,1,1.826e-08,-8.95,-8.95,0,27.07,0.013,13.01,2010-02-19,2455246.5,NASA/JPL CNEOS Sentry Data API
bK20H07M,2020 HM7,(2020 HM7),2088-2088,1,7.246e-09,-8.70,-8.70,0,25.88,0.023,10.63,2020-05-15,2458984.5,NASA/JPL CNEOS Sentry Data API
bK20P02T,2020 PT2,(2020 PT2),2085-2085,1,4.103e-08,-8.15,-8.15,0,26.18,0.02,8.25,2020-08-17,2459078.5,NASA/JPL CNEOS Sentry Data API
bK21H41E,2021 HE41,(2021 HE41),2070-2108,4,2.0161e-06,-7.54,-7.64,0,28.73,0.00609,9.31848469817965,2021-04-23,2459327.5,NASA/JPL CNEOS Sentry Data API
bK17K05H,2017 KH5,(2017 KH5),2067-2074,3,2.6237e-07,-7.67,-8.00,0,27.58,0.01,14.8089350916644,2017-05-25,2457898.5,NASA/JPL CNEOS Sentry Data API
bK18F04E,2018 FE4,(2018 FE4),2098-2106,4,1.49681e-06,-5.59,-5.85,0,24.69,0.039,20.6935232260608,2018-03-30,2458207.5,NASA/JPL CNEOS Sentry Data API
bK22N00K,2022 NK,(2022 NK),2053-2117,10,2.3850735e-06,-6.87,-6.97,0,27.25,0.012,12.5701893983561,2022-07-02,2459762.5,NASA/JPL CNEOS Sentry Data API
bK18R05F,2018 RF5,(2018 RF5),2103-2103,1,2.313e-06,-7.09,-7.09,0,27.38,0.011,8.33,2018-10-06,2458397.5,NASA/JPL CNEOS Sentry Data API
bK18U00L,2018 UL,(2018 UL),2097-2097,1,4.613e-07,-8.71,-8.71,0,29.21,0.0049,5.47,2018-11-10,2458432.5,NASA/JPL CNEOS Sentry Data API
bK16T00M,2016 TM,(2016 TM),2076-2120,5,5.22469e-07,-7.84,-8.07,0,27.50,0.011,4.28473306550245,2016-11-05,2457697.5,NASA/JPL CNEOS Sentry Data API
bK14H02V,2014 HV2,(2014 HV2),2095-2116,4,2.61663e-07,-7.26,-7.61,0,26.01,0.021,13.1427126494766,2014-04-28,2456775.5,NASA/JPL CNEOS Sentry Data API
bK04X45B,2004 XB45,(2004 XB45),2035-2085,4,4.539e-07,-6.18,-6.21,0,26.29,0.019,17.0105042961005,2004-12-16,2453355.5,NASA/JPL CNEOS Sentry Data API
bK05EM4D,2005 ED224,(2005 ED224),2030-2064,2,5.505e-07,-4.64,-4.72,0,23.90,0.0566,26.0100853769301,2005-03-16,2453445.5,NASA/JPL CNEOS Sentry Data API
bK05Q76K,2005 QK76,(2005 QK76),2030-2059,6,7.05452528e-05,-3.10,-3.18,0,25.18,0.031,19.6683268677719,2005-08-31,2453613.5,NASA/JPL CNEOS Sentry Data API
bK11X02C,2011 XC2,(2011 XC2),2056-2056,1,6.754e-07,-4.75,-4.75,0,23.00,0.085,20.75,2011-12-30,2455925.5,NASA/JPL CNEOS Sentry Data API
bK12XB2B,2012 XB112,(2012 XB112),2118-2121,2,1.0941e-06,-8.77,-8.88,0,29.83,0.0037,4.12448953477744,2012-12-14,2456275.5,NASA/JPL CNEOS Sentry Data API
bK11F06Q,2011 FQ6,(2011 FQ6),2053-2115,32,6.5756852e-05,-5.58,-5.72,0,27.73,0.0096,10.4975824235017,2011-03-30,2455650.5,NASA/JPL CNEOS Sentry Data API
bK19W00E,2019 WE,(2019 WE),2044-2080,9,7.4811598e-05,-4.80,-4.90,0,26.77,0.015,8.14694695894612,2019-11-21,2458808.5,NASA/JPL CNEOS Sentry Data API
bJ93U00A,1993 UA,(1993 UA),2111-2111,3,8.45533e-07,-6.60,-6.76,0,25.44,0.028,9.39599346211206,1993-10-24,2449284.5,NASA/JPL CNEOS Sentry Data API
bK20X00C,2020 XC,(2020 XC),2085-2121,3,8.0138e-07,-8.33,-8.36,0,29.00,0.0054,3.52073722828121,2020-12-14,2459197.5,NASA/JPL CNEOS Sentry Data API
bK20Y03A,2020 YA3,(2020 YA3),2070-2119,9,3.7285567e-05,-4.91,-4.93,0,26.04,0.021,12.2022893995416,2021-02-12,2459257.5,NASA/JPL CNEOS Sentry Data API
bK20U04C,2020 UC4,(2020 UC4),2084-2121,9,7.70318e-07,-6.93,-7.39,0,26.05,0.021,8.46635200008308,2020-10-27,2459149.5,NASA/JPL CNEOS Sentry Data API
bK19E00F,2019 EF,(2019 EF),2114-2119,3,2.7584e-08,-8.44,-8.51,0,26.63,0.016,17.7210520591647,2019-03-12,2458554.5,NASA/JPL CNEOS Sentry Data API
bK14O03X,2014 OX3,(2014 OX3),2108-2120,9,1.5243239e-05,-6.36,-6.37,0,27.73,0.0096,12.7901445178416,2014-08-06,2456875.5,NASA/JPL CNEOS Sentry Data API
bK15F36N,2015 FN36,(2015 FN36),2122-2122,1,4.196e-09,-7.87,-7.87,0,23.93,0.055,21.87,2015-04-23,2457135.5,NASA/JPL CNEOS Sentry Data API
bK20W00D,2020 WD,(2020 WD),2032-2124,19,9.60932415e-05,-5.91,-6.14,0,28.26,0.0076,5.68579945318006,2020-12-10,2459193.5,NASA/JPL CNEOS Sentry Data API
bK15XG9R,2015 XR169,(2015 XR169),2049-2122,360,7.09137982e-05,-6.15,-7.05,0,28.84,0.0058,9.5279368182538,2015-12-13,2457369.5,NASA/JPL CNEOS Sentry Data API
bK17V02L,2017 VL2,(2017 VL2),2087-2121,109,0.0001343562927,-4.69,-5.35,0,26.07,0.021,8.32777641556643,2017-11-26,2458083.5,NASA/JPL CNEOS Sentry Data API
bK17V12V,2017 VV12,(2017 VV12),2062-2121,18,3.779537e-06,-7.04,-7.22,0,27.98,0.0086,6.28589616664687,2017-11-17,2458074.5,NASA/JPL CNEOS Sentry Data API
bK18M07C,2018 MC7,(2018 MC7),2120-2120,2,1.2448e-06,-6.96,-7.17,0,26.21,0.019,5.14625562339332,2018-09-05,2458366.5,NASA/JPL CNEOS Sentry Data API
bK04X63O,2004 XO63,(2004 XO63),2065-2065,1,7.137e-08,-7.68,-7.68,0,26.08,0.021,8.16,2004-12-21,2453360.5,NASA/JPL CNEOS Sentry Data API
bK05X08A,2005 XA8,(2005 XA8),2069-2090,38,9.393304e-05,-4.34,-4.46,0,25.64,0.025,12.0831049644513,2005-12-24,2453728.5,NASA/JPL CNEOS Sentry Data API
bK20P04O,2020 PO4,(2020 PO4),2053-2122,109,6.72840822e-05,-5.41,-6.16,0,26.92,0.014,5.82076525563427,2020-08-16,2459077.5,NASA/JPL CNEOS Sentry Data API
bK22W06M,2022 WM6,(2022 WM6),2071-2082,2,9.122e-07,-7.07,-7.15,0,27.78,0.0094,21.8918932251699,2022-12-01,2459914.5,NASA/JPL CNEOS Sentry Data API
bK21G00T,2021 GT,(2021 GT),2057-2117,6,5.35153e-07,-6.86,-7.03,0,26.26,0.019,11.9018619721837,2021-04-08,2459312.5,NASA/JPL CNEOS Sentry Data API
bK21J00V,2021 JV,(2021 JV),2061-2061,1,4.238e-08,-8.43,-8.43,0,27.40,0.011,9.96,2021-05-04,2459338.5,NASA/JPL CNEOS Sentry Data API
bK21G06W,2021 GW6,(2021 GW6),2057-2057,1,2.776e-07,-7.57,-7.57,0,28.16,0.0079,22.65,2021-04-15,2459319.5,NASA/JPL CNEOS Sentry Data API
bK21G01W,2021 GW1,(2021 GW1),2082-2120,9,1.185428e-06,-7.31,-7.78,0,27.47,0.011,11.325425264124,2021-04-15,2459319.5,NASA/JPL CNEOS Sentry Data API
bK20T00W,2020 TW,(2020 TW),2101-2101,1,4.475e-09,-9.95,-9.95,0,27.55,0.01,5.26,2020-10-24,2459146.5,NASA/JPL CNEOS Sentry Data API
bK18E04L,2018 EL4,(2018 EL4),2120-2120,1,3.999e-08,-7.98,-7.98,0,25.25,0.03,5.60,2018-04-13,2458221.5,NASA/JPL CNEOS Sentry Data API
bK18D00Q,2018 DQ,(2018 DQ),2027-2121,104,0.0002150454646,-3.82,-3.83,0,29.07,0.0052,20.8515204836689,2018-02-23,2458172.5,NASA/JPL CNEOS Sentry Data API
bK18P21Z,2018 PZ21,(2018 PZ21),2045-2122,25,4.0253696e-05,-5.32,-5.39,0,26.67,0.016,6.30238204064541,2018-09-05,2458366.5,NASA/JPL CNEOS Sentry Data API
bK14F00E,2014 FE,(2014 FE),2054-2089,7,6.59228e-07,-7.11,-7.51,0,27.58,0.01,19.9460641083206,2014-03-24,2456740.5,NASA/JPL CNEOS Sentry Data API
bK14OK7M,2014 OM207,(2014 OM207),2089-2108,5,0.00024423915,-5.88,-5.89,0,29.11,0.0051,8.19957969473772,2014-07-31,2456869.5,NASA/JPL CNEOS Sentry Data API
bK19A12K,2019 AK12,(2019 AK12),2113-2121,6,1.341281e-06,-7.23,-7.63,0,27.47,0.011,15.1616341691264,2019-01-21,2458504.5,NASA/JPL CNEOS Sentry Data API
bK19C05M,2019 CM5,(2019 CM5),2046-2118,14,8.257007e-06,-6.68,-7.33,0,27.85,0.0091,5.39780891187327,2019-03-08,2458550.5,NASA/JPL CNEOS Sentry Data API
bK16W07N,2016 WN7,(2016 WN7),2095-2118,4,3.263104e-06,-7.20,-7.25,0,27.89,0.009,6.16143422949437,2016-12-01,2457723.5,NASA/JPL CNEOS Sentry Data API
bK18W03A,2018 WA3,(2018 WA3),2055-2055,1,6.267e-07,-7.22,-7.22,0,27.85,0.0091,16.37,2018-12-09,2458461.5,NASA/JPL CNEOS Sentry Data API
bK15PM8S,2015 PS228,(2015 PS228),2080-2115,4,8.51071e-07,-8.27,-8.31,0,28.94,0.0055,2.54646092981667,2015-09-15,2457280.5,NASA/JPL CNEOS Sentry Data API
bK16W00Y,2016 WY,(2016 WY),2091-2121,38,0.00013139042,-6.30,-6.50,0,29.18,0.0049,3.24007322672384,2016-11-29,2457721.5,NASA/JPL CNEOS Sentry Data API
bK12X16M,2012 XM16,(2012 XM16),2074-2118,12,2.7932705e-06,-5.99,-6.09,0,25.79,0.024,12.6804710123849,2012-12-13,2456274.5,NASA/JPL CNEOS Sentry Data API
bK16A02F,2016 AF2,(2016 AF2),2076-2121,6,2.31965e-07,-8.15,-8.20,0,27.76,0.0095,5.88701437716897,2016-01-13,2457400.5,NASA/JPL CNEOS Sentry Data API
bK15X00P,2015 XP,(2015 XP),2067-2067,1,4.849e-07,-6.72,-6.72,0,25.75,0.024,8.23,2015-12-05,2457361.5,NASA/JPL CNEOS Sentry Data API
bK22D02K,2022 DK2,(2022 DK2),2054-2054,1,4.442e-08,-8.06,-8.06,0,27.29,0.012,16.76,2022-02-28,2459638.5,NASA/JPL CNEOS Sentry Data API
bK12B01Y,2012 BY1,(2012 BY1),2043-2074,10,4.491797e-06,-5.24,-5.40,0,25.78,0.024,18.1878535517077,2012-01-24,2455950.5,NASA/JPL CNEOS Sentry Data API
bK19Q00F,2019 QF,(2019 QF),2069-2077,3,3.9245e-07,-7.82,-8.09,0,27.91,0.0089,11.1248171741623,2019-09-04,2458730.5,NASA/JPL CNEOS Sentry Data API
bK17F03D,2017 FD3,(2017 FD3),2044-2044,1,2.065e-08,-8.58,-8.58,0,27.75,0.0095,11.36,2017-04-01,2457844.5,NASA/JPL CNEOS Sentry Data API
bK16R01R,2016 RR1,(2016 RR1),2079-2120,45,0.000209849789,-5.36,-5.68,0,27.80,0.0093,6.75234254073993,2016-09-27,2457658.5,NASA/JPL CNEOS Sentry Data API
bK20V00K,2020 VK,(2020 VK),2064-2097,24,2.869613e-06,-6.72,-7.30,0,27.76,0.0095,20.4520360759447,2020-11-10,2459163.5,NASA/JPL CNEOS Sentry Data API
bK20V00V,2020 VV,(2020 VV),2044-2122,424,0.0023184416184,-3.81,-4.30,0,27.27,0.012,2.57514866472861,2020-12-17,2459200.5,NASA/JPL CNEOS Sentry Data API
bK20W05G,2020 WG5,(2020 WG5),2086-2121,28,0.000228643147,-5.27,-5.38,0,27.74,0.0096,5.95598424303528,2020-12-11,2459194.5,NASA/JPL CNEOS Sentry Data API
bK18R03J,2018 RJ3,(2018 RJ3),2070-2070,1,1.140e-06,-7.37,-7.37,0,27.83,0.0092,8.13,2018-09-17,2458378.5,NASA/JPL CNEOS Sentry Data API
bK20V03T,2020 VT3,(2020 VT3),2100-2100,2,6.849e-08,-9.30,-9.37,0,28.88,0.0057,8.95853847276975,2020-11-15,2459168.5,NASA/JPL CNEOS Sentry Data API
bK19V37B,2019 VB37,(2019 VB37),2049-2067,5,5.697875e-05,-3.59,-3.60,0,24.50,0.043,14.5489493451506,2019-11-03,2458790.5,NASA/JPL CNEOS Sentry Data API
bK25H04M,2025 HM4,(2025 HM4),2091-2124,46,3.97915713e-05,-4.98,-5.51,0,26.19,0.02,18.8147985216407,2025-04-30,2460795.5,NASA/JPL CNEOS Sentry Data API
bK11W04Q,2011 WQ4,(2011 WQ4),2081-2119,3,1.69525e-07,-8.27,-8.43,0,27.36,0.011,7.14977584427076,2011-11-24,2455889.5,NASA/JPL CNEOS Sentry Data API
bK12H31E,2012 HE31,(2012 HE31),2046-2117,20,8.217125e-07,-6.68,-7.45,0,25.98,0.022,10.6009073976604,2012-04-29,2456046.5,NASA/JPL CNEOS Sentry Data API
bK14W00A,2014 WA,(2014 WA),2049-2049,1,1.755e-05,-6.05,-6.05,0,28.20,0.0078,9.55,2014-11-16,2456977.5,NASA/JPL CNEOS Sentry Data API
bK13A69G,2013 AG69,(2013 AG69),2092-2122,6,7.3305587e-06,-6.33,-6.48,0,27.27,0.012,17.3470887746933,2013-01-17,2456309.5,NASA/JPL CNEOS Sentry Data API
bK13G38W,2013 GW38,(2013 GW38),2070-2121,11,3.042437e-06,-7.25,-7.40,0,28.44,0.0069,10.2692221334411,2013-04-10,2456392.5,NASA/JPL CNEOS Sentry Data API
bK16J29B,2016 JB29,(2016 JB29),2090-2117,3,1.48612e-06,-5.94,-6.01,0,24.71,0.039,8.57043388151697,2016-09-07,2457638.5,NASA/JPL CNEOS Sentry Data API
bK19S08M,2019 SM8,(2019 SM8),2061-2066,2,3.37494e-07,-8.28,-8.28,0,29.20,0.0049,14.05,2019-10-01,2458757.5,NASA/JPL CNEOS Sentry Data API
bK19S01Q,2019 SQ1,(2019 SQ1),2090-2090,1,1.423e-08,-9.40,-9.40,0,27.62,0.01,6.00,2019-10-03,2458759.5,NASA/JPL CNEOS Sentry Data API
bK20V00W,2020 VW,(2020 VW),2074-2079,12,0.0070262432,-3.81,-4.10,0,28.32,0.0073,9.69001491664849,2020-11-18,2459171.5,NASA/JPL CNEOS Sentry Data API
bK21V11P,2021 VP11,(2021 VP11),2028-2118,93,0.000201394271,-6.66,-7.08,0,31.77,0.0015,8.98935406578671,2021-11-09,2459527.5,NASA/JPL CNEOS Sentry Data API
bK20V06N,2020 VN6,(2020 VN6),2061-2118,7,4.034474e-06,-7.05,-7.25,0,27.76,0.0095,9.20578454589124,2020-11-21,2459174.5,NASA/JPL CNEOS Sentry Data API
bK20V01O,2020 VO1,(2020 VO1),2058-2121,66,0.0001393950052,-5.54,-5.83,0,28.00,0.0085,7.67664814241135,2020-11-21,2459174.5,NASA/JPL CNEOS Sentry Data API
bK12K42T,2012 KT42,(2012 KT42),2109-2109,1,1.313e-10,-11.81,-11.81,0,28.81,0.0059,15.91,2012-05-29,2456076.5,NASA/JPL CNEOS Sentry Data API
bK18F03E,2018 FE3,(2018 FE3),2118-2118,1,1.003e-05,-6.48,-6.48,0,27.17,0.012,6.05,2018-04-13,2458221.5,NASA/JPL CNEOS Sentry Data API
bK21N03U,2021 NU3,(2021 NU3),2093-2117,3,4.89328e-07,-8.19,-8.37,0,28.61,0.0064,11.7618322270542,2021-07-17,2459412.5,NASA/JPL CNEOS Sentry Data API
bK22T02W,2022 TW2,(2022 TW2),2070-2122,176,0.0001355911567,-5.91,-6.53,0,28.51,0.0067,3.98978839291073,2022-10-26,2459878.5,NASA/JPL CNEOS Sentry Data API
bK17Y06C,2017 YC6,(2017 YC6),2072-2072,1,6.383e-10,-9.48,-9.48,0,25.86,0.023,15.21,2017-12-28,2458115.5,NASA/JPL CNEOS Sentry Data API
bK17Y14M,2017 YM14,(2017 YM14),2071-2074,3,1.49189e-07,-7.93,-7.97,0,27.72,0.00969,18.3829103352124,2017-12-29,2458116.5,NASA/JPL CNEOS Sentry Data API
bK19Q98Z,2019 QZ98,(2019 QZ98),2057-2123,56,2.5169521e-05,-6.86,-7.38,0,28.87,0.0057,5.94725368706858,2019-08-30,2458725.5,NASA/JPL CNEOS Sentry Data API
bK20X04F,2020 XF4,(2020 XF4),2108-2119,7,2.98247e-06,-7.17,-7.39,0,27.55,0.01,6.69302500947201,2020-12-16,2459199.5,NASA/JPL CNEOS Sentry Data API
bK23L00C,2023 LC,(2023 LC),2099-2099,1,6.007e-08,-9.35,-9.35,0,28.62,0.0064,3.99,2023-07-08,2460133.5,NASA/JPL CNEOS Sentry Data API
bK21A04C,2021 AC4,(2021 AC4),2120-2120,1,6.062e-08,-9.48,-9.48,0,28.83,0.0058,7.16,2021-01-12,2459226.5,NASA/JPL CNEOS Sentry Data API
bK07D40X,2007 DX40,(2007 DX40),2035-2122,93,7.75654249e-05,-3.64,-4.03,0,24.62,0.0402,15.5239057384703,2007-03-02,2454161.5,NASA/JPL CNEOS Sentry Data API
bK07Y00M,2007 YM,(2007 YM),2052-2119,7,2.80983e-08,-7.99,-8.33,0,25.97,0.0216,10.6854573764249,2007-12-17,2454451.5,NASA/JPL CNEOS Sentry Data API
bK07E26E,2007 EE26,(2007 EE26),2086-2117,3,6.8923e-08,-7.99,-8.18,0,26.07,0.021,4.60126953266689,2007-03-13,2454172.5,NASA/JPL CNEOS Sentry Data API
bK07T16L,2007 TL16,(2007 TL16),2074-2092,15,6.6110904e-06,-5.86,-6.13,0,26.21,0.019,11.4195066683705,2007-10-19,2454392.5,NASA/JPL CNEOS Sentry Data API
bK02V17U,2002 VU17,(2002 VU17),2084-2099,5,1.19727e-05,-4.89,-5.33,0,24.76,0.038,13.6884290928529,2002-12-05,2452613.5,NASA/JPL CNEOS Sentry Data API
bK12C00U,2012 CU,(2012 CU),2040-2100,3,9.751e-07,-6.48,-6.82,0,26.00,0.021,10.9311127063891,2012-02-21,2455978.5,NASA/JPL CNEOS Sentry Data API
bK02E07M,2002 EM7,(2002 EM7),2117-2117,1,1.819e-09,-8.76,-8.76,0,24.39,0.045,10.28,2002-04-06,2452370.5,NASA/JPL CNEOS Sentry Data API
bK17F01N,2017 FN1,(2017 FN1),2033-2072,9,0.000173952744,-5.56,-5.63,0,30.57,0.0026,17.924000779775,2017-03-20,2457832.5,NASA/JPL CNEOS Sentry Data API
bK17K32J,2017 KJ32,(2017 KJ32),2073-2105,5,5.47038e-08,-9.50,-9.95,0,28.87,0.0057,2.47025069556411,2017-06-02,2457906.5,NASA/JPL CNEOS Sentry Data API
bK07E88N,2007 EN88,(2007 EN88),2094-2119,7,1.0537997e-06,-6.88,-7.14,0,26.44,0.017,12.1274612196227,2007-03-16,2454175.5,NASA/JPL CNEOS Sentry Data API
bK19G19S,2019 GS19,(2019 GS19),2069-2102,3,1.57823e-07,-7.17,-7.32,0,25.64,0.025,13.8966324933628,2019-05-10,2458613.5,NASA/JPL CNEOS Sentry Data API
bK21G02N,2021 GN2,(2021 GN2),2084-2121,12,3.0827681e-06,-7.36,-7.67,0,28.27,0.0075,8.08712221688034,2021-05-17,2459351.5,NASA/JPL CNEOS Sentry Data API
bK21O01E,2021 OE1,(2021 OE1),2091-2109,6,1.12587e-06,-6.80,-7.14,0,26.22,0.019,9.89984962739925,2021-08-08,2459434.5,NASA/JPL CNEOS Sentry Data API
bK03D10W,2003 DW10,(2003 DW10),2046-2058,2,1.039e-07,-7.31,-7.45,0,26.10,0.02,7.82626371511068,2003-08-06,2452857.5,NASA/JPL CNEOS Sentry Data API
bK03WF3T,2003 WT153,(2003 WT153),2042-2121,133,3.10332749e-05,-6.19,-6.87,0,28.05,0.0083,4.33795756770098,2003-12-01,2452974.5,NASA/JPL CNEOS Sentry Data API
bK15D54D,2015 DD54,(2015 DD54),2113-2116,2,3.11222e-06,-6.13,-6.13,0,25.44,0.028,6.71985328800663,2015-03-30,2457111.5,NASA/JPL CNEOS Sentry Data API
bK15FY5A,2015 FA345,(2015 FA345),2056-2095,4,7.329e-08,-6.76,-7.25,0,24.02,0.0533,9.7943716741711,2015-03-23,2457104.5,NASA/JPL CNEOS Sentry Data API
bK19E02S,2019 ES2,(2019 ES2),2105-2105,1,2.796e-10,-10.32,-10.32,0,25.81,0.023,5.96,2019-03-17,2458559.5,NASA/JPL CNEOS Sentry Data API
bK20B03K,2020 BK3,(2020 BK3),2091-2105,5,6.222419e-05,-5.29,-5.30,0,26.92,0.014,10.3802289624019,2020-02-19,2458898.5,NASA/JPL CNEOS Sentry Data API
bK20P05X,2020 PX5,(2020 PX5),2084-2118,12,1.8032116e-05,-7.26,-7.45,0,29.57,0.0041,10.0580926237387,2020-08-18,2459079.5,NASA/JPL CNEOS Sentry Data API
bK20S04K,2020 SK4,(2020 SK4),2072-2122,93,1.83777944e-05,-7.67,-8.53,0,30.33,0.0029,5.51818699430003,2020-09-24,2459116.5,NASA/JPL CNEOS Sentry Data API
bK20S05W,2020 SW5,(2020 SW5),2110-2122,6,6.7923452e-06,-5.66,-5.92,0,25.80,0.023,15.7899717897141,2020-10-24,2459146.5,NASA/JPL CNEOS Sentry Data API
bK19T00A,2019 TA,(2019 TA),2116-2121,2,1.8762e-07,-9.32,-9.60,0,29.46,0.0043,6.04939878477774,2019-10-05,2458761.5,NASA/JPL CNEOS Sentry Data API
bK16H03F,2016 HF3,(2016 HF3),2078-2078,1,9.568e-06,-5.06,-5.06,0,24.78,0.037,7.93,2016-06-08,2457547.5,NASA/JPL CNEOS Sentry Data API
bK16C18G,2016 CG18,(2016 CG18),2062-2122,102,0.000161677144,-5.81,-6.25,0,28.50,0.0068,4.25636417835288,2016-02-06,2457424.5,NASA/JPL CNEOS Sentry Data API
bK19L04W,2019 LW4,(2019 LW4),2083-2117,36,0.00101259782,-4.25,-4.29,0,27.28,0.012,8.62055500306134,2019-06-08,2458642.5,NASA/JPL CNEOS Sentry Data API
bK19U00L,2019 UL,(2019 UL),2082-2121,41,0.000112962664,-6.11,-6.33,0,28.74,0.0061,4.24561069877035,2019-10-26,2458782.5,NASA/JPL CNEOS Sentry Data API
bK18B11L,2018 BL11,(2018 BL11),2102-2122,27,0.0001071287977,-5.78,-6.08,0,28.24,0.0076,11.2845129606826,2018-01-25,2458143.5,NASA/JPL CNEOS Sentry Data API
bK13N13R,2013 NR13,(2013 NR13),2114-2114,1,1.885e-08,-8.35,-8.35,0,25.75,0.024,11.31,2013-07-16,2456489.5,NASA/JPL CNEOS Sentry Data API
bK14HH7B,2014 HB177,(2014 HB177),2059-2100,7,2.11164e-06,-7.45,-7.65,0,28.28,0.0075,6.08636562103389,2014-05-05,2456782.5,NASA/JPL CNEOS Sentry Data API
bK15Q08S,2015 QS8,(2015 QS8),2116-2116,1,5.228e-06,-6.40,-6.40,0,26.54,0.017,8.04,2015-08-26,2457260.5,NASA/JPL CNEOS Sentry Data API
bK16W00U,2016 WU,(2016 WU),2109-2109,1,1.837e-06,-7.21,-7.21,0,27.30,0.012,7.05,2016-12-02,2457724.5,NASA/JPL CNEOS Sentry Data API
bK10N00H,2010 NH,(2010 NH),2092-2101,2,5.69492e-07,-6.75,-6.75,0,25.68,0.025,10.29,2010-07-19,2455396.5,NASA/JPL CNEOS Sentry Data API
bK20F01A,2020 FA1,(2020 FA1),2119-2119,1,2.120e-06,-6.85,-6.85,0,26.35,0.018,2.23,2020-11-20,2459173.5,NASA/JPL CNEOS Sentry Data API
bK14U57D,2014 UD57,(2014 UD57),2076-2121,28,3.4586483e-05,-5.07,-5.14,0,25.82,0.023,8.72327783429151,2014-11-25,2456986.5,NASA/JPL CNEOS Sentry Data API
bK15T01B,2015 TB1,(2015 TB1),2100-2100,1,5.265e-08,-8.21,-8.21,0,26.35,0.018,8.33,2015-10-15,2457310.5,NASA/JPL CNEOS Sentry Data API
bK20X00G,2020 XG,(2020 XG),2081-2121,113,8.84649852e-05,-5.80,-6.46,0,28.10,0.0081,11.1113422025645,2020-12-09,2459192.5,NASA/JPL CNEOS Sentry Data API
bK21E03P,2021 EP3,(2021 EP3),2105-2121,6,9.96448e-07,-6.82,-7.15,0,26.69,0.016,19.9371093323485,2021-03-11,2459284.5,NASA/JPL CNEOS Sentry Data API
bK21U07L,2021 UL7,(2021 UL7),2117-2121,2,5.3772e-07,-7.18,-7.25,0,25.79,0.024,2.45417391951201,2022-06-04,2459734.5,NASA/JPL CNEOS Sentry Data API
bK22L01L,2022 LL1,(2022 LL1),2118-2118,4,2.24438e-06,-5.84,-5.99,0,25.54,0.026,24.2994578458193,2022-06-10,2459740.5,NASA/JPL CNEOS Sentry Data API
bK22G00B,2022 GB,(2022 GB),2121-2122,2,1.7813e-06,-8.24,-8.33,0,29.36,0.0045,8.08619042272498,2022-04-03,2459672.5,NASA/JPL CNEOS Sentry Data API
bK20C00A,2020 CA,(2020 CA),2116-2116,2,1.13726e-06,-8.36,-8.38,0,29.59,0.0041,13.1691490072631,2020-02-01,2458880.5,NASA/JPL CNEOS Sentry Data API
bK17H00J,2017 HJ,(2017 HJ),2073-2121,32,3.8747486e-06,-6.67,-7.53,0,27.46,0.011,14.8291356987651,2017-04-25,2457868.5,NASA/JPL CNEOS Sentry Data API
bK17U07Q,2017 UQ7,(2017 UQ7),2122-2122,1,4.917e-09,-8.61,-8.61,0,25.16,0.031,14.05,2017-11-23,2458080.5,NASA/JPL CNEOS Sentry Data API
bK20X04U,2020 XU4,(2020 XU4),2112-2112,1,1.012e-06,-7.76,-7.76,0,27.84,0.0091,6.68,2020-12-16,2459199.5,NASA/JPL CNEOS Sentry Data API
bK24C00U,2024 CU,(2024 CU),2067-2123,66,0.000154072261,-4.82,-5.59,0,26.35,0.018,7.38382512488734,2024-05-14,2460444.5,NASA/JPL CNEOS Sentry Data API
bK16J11X,2016 JX11,(2016 JX11),2092-2092,1,4.397e-09,-8.25,-8.25,0,24.87,0.036,17.62,2016-05-08,2457516.5,NASA/JPL CNEOS Sentry Data API
bK25D06N,2025 DN6,(2025 DN6),2070-2125,279,0.0002217240446,-6.41,-7.32,0,30.14,0.0032,5.7348916770121,2025-02-26,2460732.5,NASA/JPL CNEOS Sentry Data API
bK25C03J,2025 CJ3,(2025 CJ3),2119-2119,1,6.433e-06,-6.02,-6.02,0,25.94,0.022,8.44,2025-02-11,2460717.5,NASA/JPL CNEOS Sentry Data API
bK22Q06N,2022 QN6,(2022 QN6),2066-2117,16,2.018176e-06,-6.59,-6.83,0,26.45,0.017,6.06437937028287,2022-10-01,2459853.5,NASA/JPL CNEOS Sentry Data API
bK17U05L,2017 UL5,(2017 UL5),2089-2116,4,3.56165e-07,-7.42,-7.57,0,26.36,0.018,8.11895259219744,2017-10-31,2458057.5,NASA/JPL CNEOS Sentry Data API
bK21B02R,2021 BR2,(2021 BR2),2103-2122,5,4.2747e-07,-9.53,-9.93,0,30.82,0.0023,7.38343977355136,2021-01-20,2459234.5,NASA/JPL CNEOS Sentry Data API
bK23T01A,2023 TA1,(2023 TA1),2101-2101,1,1.905e-08,-8.74,-8.74,0,26.46,0.017,7.54,2023-10-15,2460232.5,NASA/JPL CNEOS Sentry Data API
bK21C06A,2021 CA6,(2021 CA6),2071-2122,38,1.4561572e-05,-6.87,-7.49,0,28.54,0.0066,6.38228676409388,2021-02-13,2459258.5,NASA/JPL CNEOS Sentry Data API
bK21C07C,2021 CC7,(2021 CC7),2100-2118,13,0.00036401307,-6.10,-6.10,0,29.72,0.0039,3.98997731812212,2021-02-14,2459259.5,NASA/JPL CNEOS Sentry Data API
bK21C00D,2021 CD,(2021 CD),2115-2122,16,1.128276e-06,-7.34,-7.97,0,27.19,0.012,9.62405561227927,2021-02-19,2459264.5,NASA/JPL CNEOS Sentry Data API
bK21D00R,2021 DR,(2021 DR),2046-2122,240,0.0003291516814,-5.08,-5.58,0,27.75,0.0095,3.43811851677814,2021-03-06,2459279.5,NASA/JPL CNEOS Sentry Data API
bK12E10S,2012 ES10,(2012 ES10),2056-2064,6,1.20069e-06,-4.79,-5.07,0,23.74,0.061,24.3580462067644,2012-03-28,2456014.5,NASA/JPL CNEOS Sentry Data API
bK12F71B,2012 FB71,(2012 FB71),2086-2095,2,3.45e-08,-7.06,-7.21,0,24.21,0.0487,17.1848405797101,2012-04-13,2456030.5,NASA/JPL CNEOS Sentry Data API
bK19Q01B,2019 QB1,(2019 QB1),2053-2053,1,6.932e-08,-8.12,-8.12,0,27.49,0.011,11.51,2019-09-04,2458730.5,NASA/JPL CNEOS Sentry Data API
bK20Y03K,2020 YK3,(2020 YK3),2064-2116,9,8.919701e-06,-6.24,-6.38,0,27.13,0.013,4.07324538681285,2021-01-07,2459221.5,NASA/JPL CNEOS Sentry Data API
bK23TG7D,2023 TD167,(2023 TD167),2048-2123,107,6.3616568e-05,-6.54,-7.24,0,29.20,0.0049,3.32122348231674,2023-10-18,2460235.5,NASA/JPL CNEOS Sentry Data API
bK21C37H,2021 CH37,(2021 CH37),2114-2120,5,1.207153e-05,-6.75,-6.99,0,27.94,0.00876,7.32559675534087,2021-02-13,2459258.5,NASA/JPL CNEOS Sentry Data API
bK21C01U,2021 CU1,(2021 CU1),2059-2122,43,5.72482759e-05,-6.25,-6.55,0,28.58,0.0065,8.34190525234665,2021-02-10,2459255.5,NASA/JPL CNEOS Sentry Data API
bK21R02P,2021 RP2,(2021 RP2),2050-2122,427,0.000799635441300001,-5.81,-6.28,0,30.24,0.003,4.4514142368942,2021-09-07,2459464.5,NASA/JPL CNEOS Sentry Data API
bK20W04T,2020 WT4,(2020 WT4),2062-2121,35,5.0237008e-06,-6.92,-7.53,0,27.76,0.00952,3.81966151208687,2020-12-09,2459192.5,NASA/JPL CNEOS Sentry Data API
bK20V03B,2020 VB3,(2020 VB3),2082-2120,14,1.376145e-06,-8.48,-8.87,0,29.63,0.004,5.36803301977626,2020-11-14,2459167.5,NASA/JPL CNEOS Sentry Data API
bK20V05B,2020 VB5,(2020 VB5),2037-2037,1,3.240e-05,-5.00,-5.00,0,27.67,0.0099,16.92,2020-11-15,2459168.5,NASA/JPL CNEOS Sentry Data API
bK20V01N,2020 VN1,(2020 VN1),2115-2122,2,0.001706598,-4.66,-4.66,0,27.90,0.0089,2.96000936365799,2022-03-23,2459661.5,NASA/JPL CNEOS Sentry Data API
a0443104,443104,443104 (2013 XK22),2101-2101,1,4.456e-06,-5.29,-5.29,0,24.16,0.05,6.90,2016-07-30,2457599.5,NASA/JPL CNEOS Sentry Data API
bK16S02K,2016 SK2,(2016 SK2),2075-2082,3,2.32401e-06,-5.77,-5.79,0,25.30,0.03,13.6397359735974,2016-10-27,2457688.5,NASA/JPL CNEOS Sentry Data API
bK20K01D,2020 KD1,(2020 KD1),2042-2061,2,4.4216e-08,-8.37,-8.38,0,27.92,0.0088,8.72136783064954,2020-05-22,2458991.5,NASA/JPL CNEOS Sentry Data API
bK20U00X,2020 UX,(2020 UX),2087-2109,4,9.12352e-06,-8.19,-8.28,0,31.11,0.002,8.36905137490793,2020-10-18,2459140.5,NASA/JPL CNEOS Sentry Data API
bK20V06K,2020 VK6,(2020 VK6),2090-2090,1,1.369e-07,-7.32,-7.32,0,25.57,0.026,9.57,2021-03-11,2459284.5,NASA/JPL CNEOS Sentry Data API
bK20X00E,2020 XE,(2020 XE),2040-2040,1,3.183e-06,-5.21,-5.21,0,26.25,0.019,24.11,2020-12-10,2459193.5,NASA/JPL CNEOS Sentry Data API
bK17M03A,2017 MA3,(2017 MA3),2110-2110,1,6.034e-09,-9.37,-9.37,0,26.73,0.015,9.02,2017-06-27,2457931.5,NASA/JPL CNEOS Sentry Data API
bK17R15Z,2017 RZ15,(2017 RZ15),2070-2122,29,6.5016974e-05,-5.53,-5.93,0,27.15,0.0129,7.85869635858476,2017-09-18,2458014.5,NASA/JPL CNEOS Sentry Data API
bK17T03T,2017 TT3,(2017 TT3),2108-2115,5,2.557955e-07,-7.22,-7.50,0,25.62,0.025,8.66043941351588,2017-10-30,2458056.5,NASA/JPL CNEOS Sentry Data API
bK20Y01B,2020 YB1,(2020 YB1),2073-2120,36,1.24802916e-05,-5.91,-6.25,0,26.82,0.015,11.7865190911885,2020-12-22,2459205.5,NASA/JPL CNEOS Sentry Data API
bK21C08D,2021 CD8,(2021 CD8),2099-2122,15,1.055102e-05,-7.16,-7.59,0,28.54,0.0066,2.16625711068693,2021-03-15,2459288.5,NASA/JPL CNEOS Sentry Data API
bJ96T01C,1996 TC1,(1996 TC1),2064-2072,4,1.328002e-06,-4.96,-4.98,0,23.93,0.055,23.9996520487168,1996-10-11,2450367.5,NASA/JPL CNEOS Sentry Data API
bJ97U11A,1997 UA11,(1997 UA11),2073-2073,2,3.1061e-07,-6.55,-6.61,0,25.12,0.032,11.9574624126718,1997-11-08,2450760.5,NASA/JPL CNEOS Sentry Data API
bK20X03P,2020 XP3,(2020 XP3),2119-2119,1,3.877e-09,-8.25,-8.25,0,24.76,0.038,23.42,2020-12-12,2459195.5,NASA/JPL CNEOS Sentry Data API
bK20Y00N,2020 YN,(2020 YN),2046-2060,6,9.0882395e-05,-4.83,-4.83,0,27.68,0.0098,16.1892930946637,2020-12-22,2459205.5,NASA/JPL CNEOS Sentry Data API
bK20Y04E,2020 YE4,(2020 YE4),2107-2107,1,1.762e-08,-8.57,-8.57,0,26.19,0.02,10.87,2020-12-26,2459209.5,NASA/JPL CNEOS Sentry Data API
bK01SH0B,2001 SB170,(2001 SB170),2095-2095,1,1.736e-08,-6.38,-6.38,0,22.44,0.11,22.48,2001-10-13,2452195.5,NASA/JPL CNEOS Sentry Data API
bK01Y02N,2001 YN2,(2001 YN2),2067-2113,4,2.4118e-08,-7.42,-7.70,0,24.93,0.035,18.6995057633303,2002-01-08,2452282.5,NASA/JPL CNEOS Sentry Data API
bK20X03X,2020 XX3,(2020 XX3),2086-2094,2,2.40664e-08,-9.64,-9.64,0,28.47,0.0068,4.60017152544627,2020-12-18,2459201.5,NASA/JPL CNEOS Sentry Data API
bK20Y02S,2020 YS2,(2020 YS2),2092-2119,7,1.743184e-06,-9.06,-9.26,0,31.00,0.0021,2.63018462766983,2021-01-07,2459221.5,NASA/JPL CNEOS Sentry Data API
bK20Q01F,2020 QF1,(2020 QF1),2102-2122,4,4.280808e-05,-6.26,-6.26,0,28.58,0.0065,12.4083952422066,2020-08-19,2459080.5,NASA/JPL CNEOS Sentry Data API
bK21E01W,2021 EW1,(2021 EW1),2103-2103,1,2.663e-05,-6.42,-6.42,0,28.24,0.0076,8.82,2021-03-15,2459288.5,NASA/JPL CNEOS Sentry Data API
bK21R14L,2021 RL14,(2021 RL14),2098-2121,15,4.40204771e-05,-5.84,-5.95,0,27.45,0.011,9.67672145209439,2021-10-01,2459488.5,NASA/JPL CNEOS Sentry Data API
bK10N00N,2010 NN,(2010 NN),2060-2121,37,5.84362935e-05,-6.05,-6.41,0,28.41,0.00708,7.72794882538195,2010-07-07,2455384.5,NASA/JPL CNEOS Sentry Data API
bK10Q02G,2010 QG2,(2010 QG2),2051-2066,7,9.493007e-06,-4.43,-4.44,0,24.41,0.044,12.8889938193451,2010-09-03,2455442.5,NASA/JPL CNEOS Sentry Data API
bK19B05B,2019 BB5,(2019 BB5),2109-2119,2,7.612e-09,-9.30,-9.40,0,26.68,0.016,7.23213215974777,2019-02-07,2458521.5,NASA/JPL CNEOS Sentry Data API
bK10U07C,2010 UC7,(2010 UC7),2104-2118,11,1.307509e-06,-5.96,-6.51,0,24.68,0.039,13.4004250754679,2010-11-03,2455503.5,NASA/JPL CNEOS Sentry Data API
bK10V01N,2010 VN1,(2010 VN1),2046-2066,7,1.95253e-06,-7.10,-7.34,0,28.31,0.00738,10.9857208852105,2010-11-09,2455509.5,NASA/JPL CNEOS Sentry Data API
bK11E74B,2011 EB74,(2011 EB74),2032-2121,196,0.0003973797977,-4.32,-5.18,0,26.93,0.0138,7.53206027964869,2011-03-15,2455635.5,NASA/JPL CNEOS Sentry Data API
bK21C03K,2021 CK3,(2021 CK3),2056-2119,42,1.40571885e-05,-7.25,-7.99,0,29.87,0.0036,13.6384999912322,2021-02-09,2459254.5,NASA/JPL CNEOS Sentry Data API
bK22G00P,2022 GP,(2022 GP),2076-2120,12,5.13128e-07,-6.93,-7.11,0,26.33,0.018,17.3746692832977,2022-04-07,2459676.5,NASA/JPL CNEOS Sentry Data API
bK21F01O,2021 FO1,(2021 FO1),2075-2121,52,0.00011273735,-6.40,-6.62,0,29.47,0.0043,7.2179996907857,2021-03-21,2459294.5,NASA/JPL CNEOS Sentry Data API
bJ97T25C,1997 TC25,(1997 TC25),2047-2112,10,6.066415e-07,-6.09,-6.54,0,24.71,0.039,9.06720049650411,1997-10-23,2450744.5,NASA/JPL CNEOS Sentry Data API
bK21C01F,2021 CF1,(2021 CF1),2077-2077,1,2.633e-07,-7.00,-7.00,0,26.00,0.021,14.17,2021-02-07,2459252.5,NASA/JPL CNEOS Sentry Data API
bK21C03J,2021 CJ3,(2021 CJ3),2062-2081,6,8.61783e-06,-6.24,-6.40,0,27.50,0.011,11.3720534519711,2021-02-17,2459262.5,NASA/JPL CNEOS Sentry Data API
bK20X06A,2020 XA6,(2020 XA6),2062-2073,6,1.85725e-06,-4.97,-5.37,0,24.07,0.052,20.6933383766321,2020-12-22,2459205.5,NASA/JPL CNEOS Sentry Data API
bK20Y02G,2020 YG2,(2020 YG2),2097-2109,2,1.05035e-07,-7.08,-7.09,0,24.71,0.039,9.31979673442186,2021-01-12,2459226.5,NASA/JPL CNEOS Sentry Data API
bK02V91Y,2002 VY91,(2002 VY91),2112-2119,5,1.6521331e-06,-6.63,-6.74,0,26.02,0.021,9.18781036164701,2002-12-04,2452612.5,NASA/JPL CNEOS Sentry Data API
bK22J02K,2022 JK2,(2022 JK2),2062-2121,12,2.583671e-06,-7.22,-7.38,0,28.00,0.00851,7.7585042213192,2022-05-13,2459712.5,NASA/JPL CNEOS Sentry Data API
bK14Y00N,2014 YN,(2014 YN),2093-2121,52,0.00014794657,-4.64,-5.19,0,25.71,0.024,3.27701357997012,2015-01-23,2457045.5,NASA/JPL CNEOS Sentry Data API
bK21E03F,2021 EF3,(2021 EF3),2108-2122,16,0.00026202487,-6.14,-6.67,0,29.32,0.0046,3.40462793970664,2021-04-15,2459319.5,NASA/JPL CNEOS Sentry Data API
bK20Y00L,2020 YL,(2020 YL),2097-2109,2,3.862e-07,-7.65,-7.70,0,26.99,0.014,8.19547384774728,2020-12-24,2459207.5,NASA/JPL CNEOS Sentry Data API
bK21E03N,2021 EN3,(2021 EN3),2093-2093,1,4.051e-08,-8.71,-8.71,0,27.40,0.011,10.86,2021-03-14,2459287.5,NASA/JPL CNEOS Sentry Data API
bK21K02Q,2021 KQ2,(2021 KQ2),2102-2116,4,8.1896e-07,-8.93,-9.05,0,29.92,0.0035,2.32796009573117,2021-06-02,2459367.5,NASA/JPL CNEOS Sentry Data API
bK21K02T,2021 KT2,(2021 KT2),2057-2120,16,6.2809687e-05,-5.87,-6.20,0,28.45,0.0069,8.27311730848141,2021-06-01,2459366.5,NASA/JPL CNEOS Sentry Data API
bK02T59Y,2002 TY59,(2002 TY59),2084-2118,7,1.557916e-05,-5.36,-5.53,0,25.43,0.028,8.22428471111408,2002-10-30,2452577.5,NASA/JPL CNEOS Sentry Data API
bK17R00C,2017 RC,(2017 RC),2084-2124,58,6.5607998e-05,-5.89,-6.43,0,27.88,0.009,9.85284940549474,2017-09-15,2458011.5,NASA/JPL CNEOS Sentry Data API
bK24S01O,2024 SO1,(2024 SO1),2074-2123,22,3.4095819e-05,-6.52,-6.78,0,28.84,0.0058,11.5535425601596,2024-09-28,2460581.5,NASA/JPL CNEOS Sentry Data API
bK22Q08D,2022 QD8,(2022 QD8),2102-2102,1,3.707e-08,-7.84,-7.84,0,25.77,0.024,16.98,2022-09-17,2459839.5,NASA/JPL CNEOS Sentry Data API
bK21G08C,2021 GC8,(2021 GC8),2037-2119,34,2.3609671e-05,-7.24,-7.75,0,30.59,0.0026,6.55873334744901,2021-04-13,2459317.5,NASA/JPL CNEOS Sentry Data API
bK21G06E,2021 GE6,(2021 GE6),2056-2117,15,3.2784877e-06,-7.52,-7.90,0,28.75,0.006,3.22751605900489,2021-04-11,2459315.5,NASA/JPL CNEOS Sentry Data API
bK22U08N,2022 UN8,(2022 UN8),2104-2104,1,1.614e-08,-8.80,-8.80,0,26.64,0.016,11.29,2022-10-29,2459881.5,NASA/JPL CNEOS Sentry Data API
bK21P04K,2021 PK4,(2021 PK4),2060-2076,11,1.4814369e-05,-6.27,-6.34,0,28.14,0.008,12.0003378847928,2021-08-10,2459436.5,NASA/JPL CNEOS Sentry Data API
bK21T11K,2021 TK11,(2021 TK11),2073-2073,1,1.052e-09,-10.77,-10.77,0,28.66,0.0063,10.22,2021-10-15,2459502.5,NASA/JPL CNEOS Sentry Data API
bK21Q03Y,2021 QY3,(2021 QY3),2085-2119,81,0.0001029562101,-4.59,-5.12,0,25.77,0.024,12.0813035261969,2021-09-06,2459463.5,NASA/JPL CNEOS Sentry Data API
bK21R00N,2021 RN,(2021 RN),2097-2115,10,6.42682e-07,-7.06,-7.33,0,26.72,0.015,17.5679983880053,2021-09-15,2459472.5,NASA/JPL CNEOS Sentry Data API
bK21R16O,2021 RO16,(2021 RO16),2095-2119,6,4.43584e-08,-8.45,-8.69,0,26.57,0.016,7.57913432405136,2021-10-14,2459501.5,NASA/JPL CNEOS Sentry Data API
bK22H02B,2022 HB2,(2022 HB2),2079-2123,12,2.1110561e-05,-5.97,-6.17,0,27.25,0.012,7.97425461312941,2022-05-07,2459706.5,NASA/JPL CNEOS Sentry Data API
bK23H04T,2023 HT4,(2023 HT4),2110-2119,5,4.6156e-07,-5.83,-6.28,0,23.26,0.076,9.28705433746425,2023-06-15,2460110.5,NASA/JPL CNEOS Sentry Data API
bK21R02Q,2021 RQ2,(2021 RQ2),2074-2119,20,2.9410381e-05,-7.10,-7.56,0,29.51,0.0042,3.21773541186019,2021-09-07,2459464.5,NASA/JPL CNEOS Sentry Data API
bK21S00Q,2021 SQ,(2021 SQ),2062-2071,5,0.00025352797,-5.16,-5.19,0,28.44,0.0069,10.5613555589153,2021-09-25,2459482.5,NASA/JPL CNEOS Sentry Data API
bK22W03N,2022 WN3,(2022 WN3),2082-2096,6,4.22107e-06,-6.04,-6.11,0,26.70,0.0159,19.5161305782657,2022-11-27,2459910.5,NASA/JPL CNEOS Sentry Data API
bK22U61E,2022 UE61,(2022 UE61),2111-2120,8,9.730436e-07,-7.80,-8.24,0,27.92,0.00883,8.08438166593974,2022-10-18,2459870.5,NASA/JPL CNEOS Sentry Data API
bK21T13H,2021 TH13,(2021 TH13),2096-2116,5,4.40499e-06,-7.19,-7.35,0,28.14,0.008,8.64525299716912,2021-10-14,2459501.5,NASA/JPL CNEOS Sentry Data API
bK21W03C,2021 WC3,(2021 WC3),2070-2121,37,3.1834207e-05,-6.39,-7.08,0,28.55,0.0066,12.8956321506611,2021-12-02,2459550.5,NASA/JPL CNEOS Sentry Data API
bK21T00T,2021 TT,(2021 TT),2060-2060,1,6.429e-08,-8.30,-8.30,0,27.87,0.009,15.76,2021-10-09,2459496.5,NASA/JPL CNEOS Sentry Data API
bK21T01T,2021 TT1,(2021 TT1),2048-2048,1,3.905e-05,-4.51,-4.51,0,26.23,0.019,17.12,2021-10-09,2459496.5,NASA/JPL CNEOS Sentry Data API
bK21T02X,2021 TX2,(2021 TX2),2115-2118,2,1.7944e-07,-7.13,-7.16,0,25.21,0.031,11.3207935800268,2021-10-16,2459503.5,NASA/JPL CNEOS Sentry Data API
bK21U00N,2021 UN,(2021 UN),2050-2089,13,2.417284e-05,-6.25,-6.46,0,28.79,0.0059,13.0479646702663,2021-10-17,2459504.5,NASA/JPL CNEOS Sentry Data API
bK21U01S,2021 US1,(2021 US1),2087-2121,11,3.02881e-05,-6.24,-6.49,0,27.70,0.0097,2.86937586048646,2022-01-08,2459587.5,NASA/JPL CNEOS Sentry Data API
bK22B39Y,2022 BY39,(2022 BY39),2107-2118,2,0.0003177846,-6.31,-6.31,0,29.91,0.0035,2.52002686725537,2022-01-31,2459610.5,NASA/JPL CNEOS Sentry Data API
bK21W04U,2021 WU4,(2021 WU4),2056-2118,5,8.67015e-08,-6.78,-6.92,0,24.84,0.0361,20.4369591068205,2021-12-03,2459551.5,NASA/JPL CNEOS Sentry Data API
bK21V09A,2021 VA9,(2021 VA9),2065-2120,15,5.3649935e-05,-5.36,-5.38,0,26.64,0.016,6.87082961759413,2021-11-28,2459546.5,NASA/JPL CNEOS Sentry Data API
bK21U01V,2021 UV1,(2021 UV1),2111-2117,3,6.4501e-06,-6.63,-6.74,0,27.37,0.011,10.5869319855506,2021-11-12,2459530.5,NASA/JPL CNEOS Sentry Data API
bK21V01M,2021 VM1,(2021 VM1),2081-2102,18,8.3191398e-05,-4.53,-4.62,0,25.76,0.024,14.5639311194169,2021-11-12,2459530.5,NASA/JPL CNEOS Sentry Data API
bK21U01W,2021 UW1,(2021 UW1),2092-2120,12,1.793896e-05,-5.45,-5.56,0,26.16,0.02,13.7738223007354,2021-10-30,2459517.5,NASA/JPL CNEOS Sentry Data API
bK21V02B,2021 VB2,(2021 VB2),2072-2083,3,8.993979e-05,-5.73,-5.73,0,28.31,0.0074,8.26,2021-11-07,2459525.5,NASA/JPL CNEOS Sentry Data API
bK21V22M,2021 VM22,(2021 VM22),2090-2109,4,3.41062e-05,-5.84,-5.86,0,27.38,0.011,9.10600612205406,2021-11-16,2459534.5,NASA/JPL CNEOS Sentry Data API
bK21V08D,2021 VD8,(2021 VD8),2084-2096,2,1.1498e-07,-9.57,-9.61,0,30.30,0.0029,11.6511549834754,2021-11-12,2459530.5,NASA/JPL CNEOS Sentry Data API
bK21U06Z,2021 UZ6,(2021 UZ6),2106-2118,2,1.3797e-06,-6.31,-6.51,0,25.25,0.03,8.69402913676886,2022-01-07,2459586.5,NASA/JPL CNEOS Sentry Data API
bK21V01G,2021 VG1,(2021 VG1),2077-2077,1,1.513e-07,-7.43,-7.43,0,26.23,0.019,12.03,2021-11-12,2459530.5,NASA/JPL CNEOS Sentry Data API
bK21V08P,2021 VP8,(2021 VP8),2073-2117,16,6.703667e-05,-5.14,-5.22,0,26.22,0.019,6.58069620999969,2021-11-26,2459544.5,NASA/JPL CNEOS Sentry Data API
bK21W04M,2021 WM4,(2021 WM4),2076-2090,9,1.70361e-06,-6.98,-7.54,0,27.68,0.00987,16.0935752314203,2021-12-02,2459550.5,NASA/JPL CNEOS Sentry Data API
bK21W04R,2021 WR4,(2021 WR4),2064-2120,17,9.63395e-07,-9.01,-9.44,0,30.41,0.0028,4.31434330674334,2021-12-02,2459550.5,NASA/JPL CNEOS Sentry Data API
bK21X02P,2021 XP2,(2021 XP2),2071-2121,6,3.44523e-07,-6.98,-7.44,0,25.52,0.027,7.4924590520807,2022-02-04,2459614.5,NASA/JPL CNEOS Sentry Data API
bK21V07Y,2021 VY7,(2021 VY7),2044-2121,16,3.69415e-06,-7.35,-7.67,0,29.34,0.0046,12.2212177090806,2021-11-11,2459529.5,NASA/JPL CNEOS Sentry Data API
bK21V10N,2021 VN10,(2021 VN10),2069-2106,6,9.644743e-07,-7.58,-7.91,0,28.12,0.00805,10.7897324708393,2021-11-14,2459532.5,NASA/JPL CNEOS Sentry Data API
bK21X02C,2021 XC2,(2021 XC2),2069-2102,18,5.630941e-06,-7.70,-8.02,0,29.75,0.0038,9.35378498194174,2021-12-04,2459552.5,NASA/JPL CNEOS Sentry Data API
bK21V08O,2021 VO8,(2021 VO8),2114-2114,1,3.061e-09,-9.89,-9.89,0,27.04,0.013,7.11,2021-11-15,2459533.5,NASA/JPL CNEOS Sentry Data API
bK22C05E,2022 CE5,(2022 CE5),2103-2116,5,3.30185e-08,-6.27,-6.50,0,23.18,0.078,35.5676791495677,2022-02-12,2459622.5,NASA/JPL CNEOS Sentry Data API
bK21V04T,2021 VT4,(2021 VT4),2058-2108,3,2.6497e-06,-6.21,-6.24,0,27.08,0.013,19.8880454391063,2021-11-11,2459529.5,NASA/JPL CNEOS Sentry Data API
bK21W01C,2021 WC1,(2021 WC1),2063-2079,8,2.628021e-06,-7.27,-7.71,0,28.48,0.0068,11.5152685233489,2021-11-27,2459545.5,NASA/JPL CNEOS Sentry Data API
bK21X01K,2021 XK1,(2021 XK1),2089-2121,5,3.333941e-06,-6.41,-6.65,0,26.29,0.019,9.09635566436239,2022-01-09,2459588.5,NASA/JPL CNEOS Sentry Data API
bK21X03Y,2021 XY3,(2021 XY3),2067-2074,4,5.66675e-06,-5.89,-6.05,0,26.69,0.016,16.9028371641593,2021-12-13,2459561.5,NASA/JPL CNEOS Sentry Data API
bK21X01F,2021 XF1,(2021 XF1),2073-2095,6,6.28964e-06,-7.51,-7.73,0,29.52,0.0042,7.68837434256969,2021-12-03,2459551.5,NASA/JPL CNEOS Sentry Data API
bK21V01R,2021 VR1,(2021 VR1),2117-2117,1,3.052e-07,-9.23,-9.23,0,29.62,0.004,3.42,2021-11-09,2459527.5,NASA/JPL CNEOS Sentry Data API
bK21W01A,2021 WA1,(2021 WA1),2116-2117,2,0.00035317,-4.88,-4.94,0,27.55,0.01,13.8825013449614,2021-12-04,2459552.5,NASA/JPL CNEOS Sentry Data API
a0101955,101955,101955 Bennu (1999 RQ36),2178-2290,157,0.000571699999999996,-1.40,-1.58,,20.63,0.49,5.9916984432395,2020-10-3.80160,2459126.3016,NASA/JPL CNEOS Sentry Data API
bK22K03C,2022 KC3,(2022 KC3),2101-2118,6,1.05236e-06,-7.19,-7.61,0,26.61,0.016,4.81879204834847,2022-10-25,2459877.5,NASA/JPL CNEOS Sentry Data API
bK22K06F,2022 KF6,(2022 KF6),2068-2107,3,2.127e-06,-6.21,-6.47,0,25.84,0.023,10.0208251057828,2022-06-03,2459733.5,NASA/JPL CNEOS Sentry Data API
bK17S20A,2017 SA20,(2017 SA20),2027-2122,1244,0.0004467688543,-5.15,-6.34,0,28.35,0.0072,5.86807788282525,2017-10-15,2458041.5,NASA/JPL CNEOS Sentry Data API
bK19L01U,2019 LU1,(2019 LU1),2056-2070,7,5.229931e-06,-4.20,-4.22,0,24.24,0.048,31.8004502200889,2019-06-08,2458642.5,NASA/JPL CNEOS Sentry Data API
bK22N01X,2022 NX1,(2022 NX1),2075-2121,50,0.00317246615,-4.23,-4.28,0,28.03,0.0084,NaN,2022-11-21,2459904.5,NASA/JPL CNEOS Sentry Data API
bK22W06T,2022 WT6,(2022 WT6),2106-2115,2,1.268207e-07,-7.39,-7.40,0,26.09,0.021,20.010563937906,2022-12-01,2459914.5,NASA/JPL CNEOS Sentry Data API
bK22W11W,2022 WW11,(2022 WW11),2050-2065,6,8.98738476e-05,-4.57,-4.58,0,26.82,0.015,13.4198877631228,2022-11-28,2459911.5,NASA/JPL CNEOS Sentry Data API
bK22S09J,2022 SJ9,(2022 SJ9),2070-2097,2,3.3438e-08,-8.66,-8.76,0,27.30,0.012,9.62885340032299,2022-09-29,2459851.5,NASA/JPL CNEOS Sentry Data API
bK22S55X,2022 SX55,(2022 SX55),2035-2058,5,0.00403232519,-4.21,-4.21,0,30.23,0.003,12.0500021687239,2022-09-19,2459841.5,NASA/JPL CNEOS Sentry Data API
bK22R00L,2022 RL,(2022 RL),2071-2114,8,8.6552134e-06,-6.97,-7.02,0,28.59,0.0065,7.93225331081958,2022-09-02,2459824.5,NASA/JPL CNEOS Sentry Data API
bK22S28J,2022 SJ28,(2022 SJ28),2116-2116,1,1.493e-06,-6.78,-6.78,0,26.30,0.019,9.69,2022-10-25,2459877.5,NASA/JPL CNEOS Sentry Data API
bK22S02K,2022 SK2,(2022 SK2),2079-2082,3,1.61049e-06,-6.25,-6.27,0,26.48,0.017,22.92,2022-10-20,2459872.5,NASA/JPL CNEOS Sentry Data API
bK22U05A,2022 UA5,(2022 UA5),2072-2109,4,1.64996e-06,-8.39,-8.51,0,29.91,0.0035,3.97057583214138,2022-10-27,2459879.5,NASA/JPL CNEOS Sentry Data API
bK22U01M,2022 UM1,(2022 UM1),2095-2118,5,3.44652e-06,-6.81,-7.01,0,27.21,0.012,8.09847492543203,2022-10-29,2459881.5,NASA/JPL CNEOS Sentry Data API
bK22S09Z,2022 SZ9,(2022 SZ9),2090-2090,1,9.613e-08,-8.83,-8.83,0,28.27,0.0075,7.73,2022-10-01,2459853.5,NASA/JPL CNEOS Sentry Data API
bK24E02N,2024 EN2,(2024 EN2),2043-2081,2,2.5666e-08,-8.11,-8.25,0,26.54,0.017,17.7498340216629,2024-03-11,2460380.5,NASA/JPL CNEOS Sentry Data API
bK22S06E,2022 SE6,(2022 SE6),2120-2120,2,3.046e-06,-6.40,-6.43,0,25.78,0.024,3.93064674983585,2022-10-18,2459870.5,NASA/JPL CNEOS Sentry Data API
bK22O02H,2022 OH2,(2022 OH2),2087-2122,137,0.00109506413,-4.45,-4.71,0,27.37,0.011,3.61887936576829,2022-08-07,2459798.5,NASA/JPL CNEOS Sentry Data API
bK22O00K,2022 OK,(2022 OK),2107-2121,7,2.34933e-06,-7.70,-8.04,0,28.32,0.0073,5.01128560057548,2022-07-31,2459791.5,NASA/JPL CNEOS Sentry Data API
bK22O05K,2022 OK5,(2022 OK5),2115-2120,2,2.789e-07,-5.79,-5.82,0,23.22,0.077,18.3638006453926,2022-08-03,2459794.5,NASA/JPL CNEOS Sentry Data API
bK22S28L,2022 SL28,(2022 SL28),2079-2122,50,1.57444822e-05,-6.21,-6.64,0,27.52,0.011,13.1009579018737,2022-10-02,2459854.5,NASA/JPL CNEOS Sentry Data API
bK22S05G,2022 SG5,(2022 SG5),2090-2116,9,4.456399e-06,-5.71,-5.94,0,25.96,0.022,24.1180193492549,2022-10-01,2459853.5,NASA/JPL CNEOS Sentry Data API
bK22S11O,2022 SO11,(2022 SO11),2084-2095,6,4.12585e-07,-7.41,-7.91,0,26.92,0.014,12.2077179247913,2022-10-03,2459855.5,NASA/JPL CNEOS Sentry Data API
bK22S11A,2022 SA11,(2022 SA11),2076-2121,35,0.0003508453141,-5.55,-5.58,0,28.68,0.0062,6.54849164761868,2022-10-01,2459853.5,NASA/JPL CNEOS Sentry Data API
bJ94G00V,1994 GV,(1994 GV),2036-2122,95,0.0001763512875,-5.04,-5.64,0,27.47,0.011,8.0873507246722,1994-04-15,2449457.5,NASA/JPL CNEOS Sentry Data API
bK22O05Z,2022 OZ5,(2022 OZ5),2110-2121,4,2.7474e-07,-6.78,-7.10,0,24.94,0.035,11.8220641333625,2022-08-21,2459812.5,NASA/JPL CNEOS Sentry Data API
bK24C08N,2024 CN8,(2024 CN8),2040-2123,128,3.28001597e-05,-6.54,-7.46,0,28.95,0.0055,2.93458663931444,2024-02-20,2460360.5,NASA/JPL CNEOS Sentry Data API
bK24D01B,2024 DB1,(2024 DB1),2078-2090,3,4.5529e-07,-5.31,-5.41,0,23.32,0.0741,23.1751323332382,2024-03-01,2460370.5,NASA/JPL CNEOS Sentry Data API
bK23X03E,2023 XE3,(2023 XE3),2053-2122,99,0.000513641953,-4.56,-4.63,0,27.51,0.011,2.00879764260611,2024-02-05,2460345.5,NASA/JPL CNEOS Sentry Data API
bK24E03T,2024 ET3,(2024 ET3),2121-2124,2,8.173e-09,-10.11,-10.28,0,28.35,0.00727,7.87997063501774,2024-03-16,2460385.5,NASA/JPL CNEOS Sentry Data API
bK22W05E,2022 WE5,(2022 WE5),2084-2120,13,0.000169544339,-5.23,-5.28,0,27.55,0.01,8.11202270457405,2022-11-30,2459913.5,NASA/JPL CNEOS Sentry Data API
bK22S09D,2022 SD9,(2022 SD9),2100-2122,22,0.000390246839,-5.24,-5.28,0,28.41,0.0071,13.4228003014523,2022-10-01,2459853.5,NASA/JPL CNEOS Sentry Data API
bK22Q01C,2022 QC1,(2022 QC1),2103-2111,2,3.0091e-06,-5.78,-5.87,0,25.29,0.03,15.5781752018876,2022-09-15,2459837.5,NASA/JPL CNEOS Sentry Data API
bK22P01X,2022 PX1,(2022 PX1),2040-2040,1,3.231e-06,-3.10,-3.10,0,22.28,0.12,35.11,2022-08-12,2459803.5,NASA/JPL CNEOS Sentry Data API
bK22Q00O,2022 QO,(2022 QO),2104-2108,3,1.1863e-06,-6.93,-7.21,0,26.48,0.017,9.32238303970328,2022-09-02,2459824.5,NASA/JPL CNEOS Sentry Data API
bK22Q02O,2022 QO2,(2022 QO2),2070-2090,2,1.8207e-05,-5.84,-5.86,0,27.75,0.0096,17.9345921898171,2022-08-24,2459815.5,NASA/JPL CNEOS Sentry Data API
bK22R02J,2022 RJ2,(2022 RJ2),2075-2092,4,6.6995e-07,-7.03,-7.39,0,26.94,0.014,16.0182730054482,2022-09-11,2459833.5,NASA/JPL CNEOS Sentry Data API
bK22S10H,2022 SH10,(2022 SH10),2120-2120,1,6.712e-08,-7.70,-7.70,0,26.10,0.02,22.05,2022-09-25,2459847.5,NASA/JPL CNEOS Sentry Data API
bK22S04L,2022 SL4,(2022 SL4),2118-2118,2,1.5128e-06,-6.44,-6.69,0,25.93,0.022,15.2955737704918,2022-10-01,2459853.5,NASA/JPL CNEOS Sentry Data API
bK22S07U,2022 SU7,(2022 SU7),2111-2121,7,1.037084e-06,-8.06,-8.21,0,28.33,0.0073,4.90864709126744,2022-09-28,2459850.5,NASA/JPL CNEOS Sentry Data API
bK22S24W,2022 SW24,(2022 SW24),2077-2114,7,7.740638e-06,-6.78,-6.91,0,28.35,0.00729,11.1412636193554,2022-09-29,2459851.5,NASA/JPL CNEOS Sentry Data API
bK22T01G,2022 TG1,(2022 TG1),2101-2122,8,1.860746e-05,-5.42,-5.60,0,25.62,0.025,5.81084046398595,2022-11-05,2459888.5,NASA/JPL CNEOS Sentry Data API
bK23H03F,2023 HF3,(2023 HF3),2057-2123,5,2.01095e-07,-8.96,-9.35,0,29.12,0.0051,10.967970859544,2023-04-25,2460059.5,NASA/JPL CNEOS Sentry Data API
bK22U00F,2022 UF,(2022 UF),2101-2101,1,2.212e-06,-6.91,-6.91,0,27.16,0.013,10.72,2022-10-23,2459875.5,NASA/JPL CNEOS Sentry Data API
bK22U00G,2022 UG,(2022 UG),2071-2121,4,8.3608e-08,-7.75,-7.78,0,26.25,0.019,9.23325136350589,2022-10-17,2459869.5,NASA/JPL CNEOS Sentry Data API
bK22U12Y,2022 UY12,(2022 UY12),2100-2108,3,1.6273235e-06,-7.53,-7.53,0,28.55,0.0066,16.4698523342163,2022-10-29,2459881.5,NASA/JPL CNEOS Sentry Data API
bK22U14Y,2022 UY14,(2022 UY14),2043-2043,1,2.085e-05,-4.03,-4.03,0,25.12,0.032,20.36,2022-11-05,2459888.5,NASA/JPL CNEOS Sentry Data API
bK22V00D,2022 VD,(2022 VD),2110-2122,16,4.452116e-06,-7.60,-8.04,0,28.90,0.0056,8.21835513270544,2022-11-02,2459885.5,NASA/JPL CNEOS Sentry Data API
bK22V00F,2022 VF,(2022 VF),2090-2121,22,8.19871e-06,-6.81,-7.16,0,27.86,0.0091,6.3640394769421,2022-11-20,2459903.5,NASA/JPL CNEOS Sentry Data API
bK25S22K,2025 SK22,(2025 SK22),2076-2125,24,0.000311153008,-4.25,-4.30,0,26.32,0.018,8.77712900753959,2025-10-18,2460966.5,NASA/JPL CNEOS Sentry Data API
bK25V02P,2025 VP2,(2025 VP2),2048-2048,1,3.022e-09,-7.95,-7.95,0,24.33,0.046,9.03,2025-11-23,2461002.5,NASA/JPL CNEOS Sentry Data API
bK00L06G,2000 LG6,(2000 LG6),2081-2122,116,0.0021306256026,-4.99,-5.39,0,29.02,0.0053,2.11449241082259,2000-06-07,2451702.5,NASA/JPL CNEOS Sentry Data API
bK16R34D,2016 RD34,(2016 RD34),2051-2117,116,0.000547192211,-4.45,-4.77,0,27.42,0.011,1.12717610995015,2017-01-04,2457757.5,NASA/JPL CNEOS Sentry Data API
bK16S02A,2016 SA2,(2016 SA2),2110-2122,33,0.0007045789864,-5.13,-5.46,0,28.14,0.008,5.20313079447809,2016-10-09,2457670.5,NASA/JPL CNEOS Sentry Data API
bK16T94G,2016 TG94,(2016 TG94),2096-2121,26,8.014752e-06,-7.67,-8.22,0,29.65,0.004,8.76958735965879,2016-10-10,2457671.5,NASA/JPL CNEOS Sentry Data API
bK16T00H,2016 TH,(2016 TH),2072-2118,32,1.06031952e-05,-7.31,-7.54,0,29.44,0.0044,7.41447492214423,2016-10-03,2457664.5,NASA/JPL CNEOS Sentry Data API
bK16V17Z,2016 VZ17,(2016 VZ17),2055-2111,10,4.84509e-08,-8.58,-9.26,0,27.38,0.011,9.37241205013735,2016-11-05,2457697.5,NASA/JPL CNEOS Sentry Data API
bK22B03M,2022 BM3,(2022 BM3),2097-2122,9,5.08e-07,-8.78,-9.29,0,29.45,0.00436,7.40829586614173,2022-02-04,2459614.5,NASA/JPL CNEOS Sentry Data API
bK22G03O,2022 GO3,(2022 GO3),2119-2119,1,1.313e-07,-8.10,-8.10,0,26.87,0.014,10.42,2022-04-10,2459679.5,NASA/JPL CNEOS Sentry Data API
bK22G00L,2022 GL,(2022 GL),2070-2121,4,1.8668e-06,-7.98,-7.99,0,29.46,0.0043,7.0199605742447,2022-04-09,2459678.5,NASA/JPL CNEOS Sentry Data API
bK18B00D,2018 BD,(2018 BD),2032-2092,7,5.967644e-05,-5.91,-5.91,0,30.20,0.0031,8.89001349946478,2018-01-18,2458136.5,NASA/JPL CNEOS Sentry Data API
bK18N00W,2018 NW,(2018 NW),2046-2122,112,0.0004916195738,-4.62,-5.26,0,27.83,0.0092,21.1382947763623,2018-07-10,2458309.5,NASA/JPL CNEOS Sentry Data API
bK19N01K,2019 NK1,(2019 NK1),2089-2121,75,6.49314752e-05,-6.90,-7.34,0,29.92,0.0035,8.05283144144552,2019-07-08,2458672.5,NASA/JPL CNEOS Sentry Data API
bK19N05P,2019 NP5,(2019 NP5),2106-2121,9,9.4614833e-05,-5.74,-5.91,0,27.59,0.01,5.09267032136494,2019-07-14,2458678.5,NASA/JPL CNEOS Sentry Data API
bK20K00U,2020 KU,(2020 KU),2070-2108,34,0.000140998445,-5.78,-6.06,0,28.51,0.0067,6.92072288463891,2020-05-23,2458992.5,NASA/JPL CNEOS Sentry Data API
bK20U00E,2020 UE,(2020 UE),2042-2120,37,3.1842272e-05,-4.63,-5.08,0,25.53,0.027,14.5797888944608,2020-11-18,2459171.5,NASA/JPL CNEOS Sentry Data API
bK20U07S,2020 US7,(2020 US7),2028-2121,134,1.66967665e-05,-4.75,-5.04,0,25.78,0.0237,7.35902077291433,2020-10-24,2459146.5,NASA/JPL CNEOS Sentry Data API
bK20U04T,2020 UT4,(2020 UT4),2045-2121,36,4.31595453e-05,-5.61,-6.04,0,28.18,0.0078,17.9244684346802,2020-10-24,2459146.5,NASA/JPL CNEOS Sentry Data API
bK20W05N,2020 WN5,(2020 WN5),2068-2122,209,6.53622491e-05,-5.80,-6.38,0,27.97,0.00865,11.5952926243017,2020-11-18,2459171.5,NASA/JPL CNEOS Sentry Data API
bK20W03Z,2020 WZ3,(2020 WZ3),2107-2121,4,4.6542e-06,-6.33,-6.43,0,26.19,0.02,6.3137359804048,2021-02-06,2459251.5,NASA/JPL CNEOS Sentry Data API
bK20Y02A,2020 YA2,(2020 YA2),2104-2121,5,1.005348e-06,-7.94,-8.05,0,28.16,0.0079,4.95167265464297,2020-12-21,2459204.5,NASA/JPL CNEOS Sentry Data API
bK22B00T,2022 BT,(2022 BT),2080-2122,302,0.000556321595,-5.90,-6.18,0,29.78,0.0038,3.8147948635537,2022-02-04,2459614.5,NASA/JPL CNEOS Sentry Data API
bK20C03D,2020 CD3,(2020 CD3),2082-2118,115,0.0252338159446,-5.17,-5.64,0,31.75,0.0015,NaN,2020-05-20,2458989.5,NASA/JPL CNEOS Sentry Data API
bK21R12F,2021 RF12,(2021 RF12),2055-2083,6,3.953734e-05,-5.69,-5.96,0,27.96,0.0087,12.2630788818873,2021-10-03,2459490.5,NASA/JPL CNEOS Sentry Data API
bK21R05N,2021 RN5,(2021 RN5),2051-2051,1,7.939e-08,-7.99,-7.99,0,27.57,0.01,14.07,2021-09-15,2459472.5,NASA/JPL CNEOS Sentry Data API
bK21R14S,2021 RS14,(2021 RS14),2111-2117,2,2.747e-07,-8.36,-8.53,0,28.15,0.008,10.6065744448489,2021-09-15,2459472.5,NASA/JPL CNEOS Sentry Data API
bK21R04T,2021 RT4,(2021 RT4),2082-2120,8,4.99735e-07,-8.06,-8.37,0,28.15,0.0079,9.49018135611874,2021-09-15,2459472.5,NASA/JPL CNEOS Sentry Data API
bK21T14G,2021 TG14,(2021 TG14),2078-2121,28,1.69894e-06,-7.48,-7.92,0,28.20,0.0078,11.2539205092587,2021-10-17,2459504.5,NASA/JPL CNEOS Sentry Data API
bK21U07A,2021 UA7,(2021 UA7),2046-2059,3,2.5382265e-06,-6.61,-6.61,0,28.74,0.0061,27.3012273628851,2021-10-28,2459515.5,NASA/JPL CNEOS Sentry Data API
bK21U01A,2021 UA1,(2021 UA1),2071-2122,19,6.7098734e-06,-8.56,-8.99,0,31.79,0.0015,12.9104926978205,2021-10-26,2459513.5,NASA/JPL CNEOS Sentry Data API
bK21U01H,2021 UH1,(2021 UH1),2083-2083,1,4.310e-09,-11.81,-11.81,0,31.62,0.0016,5.17,2021-10-26,2459513.5,NASA/JPL CNEOS Sentry Data API
bK21U01O,2021 UO1,(2021 UO1),2038-2112,24,1.3314204e-05,-5.75,-5.93,0,27.98,0.0086,18.5062477629155,2021-10-29,2459516.5,NASA/JPL CNEOS Sentry Data API
bK21V22X,2021 VX22,(2021 VX22),2100-2121,22,2.043719e-05,-7.70,-8.05,0,30.23,0.003,2.20996892870302,2021-11-16,2459534.5,NASA/JPL CNEOS Sentry Data API
bK21T10V,2021 TV10,(2021 TV10),2068-2078,15,7.377754e-06,-6.49,-6.71,0,27.79,0.0094,11.6669336196355,2021-10-13,2459500.5,NASA/JPL CNEOS Sentry Data API
bK24X00A,2024 XA,(2024 XA),2043-2043,1,4.034e-07,-9.21,-9.21,0,31.61,0.0016,8.98,2024-12-01,2460645.5,NASA/JPL CNEOS Sentry Data API
bK21T01V,2021 TV1,(2021 TV1),2072-2104,4,3.08228e-06,-7.10,-7.12,0,28.21,0.0077,9.94541595831657,2021-10-14,2459501.5,NASA/JPL CNEOS Sentry Data API
bK21S01O,2021 SO1,(2021 SO1),2103-2119,5,9.4859e-06,-6.32,-6.45,0,26.97,0.014,8.59764323891249,2021-10-20,2459507.5,NASA/JPL CNEOS Sentry Data API
bK21S00T,2021 ST,(2021 ST),2068-2112,8,2.64407e-06,-6.32,-6.85,0,25.98,0.022,8.60545760891353,2021-10-07,2459494.5,NASA/JPL CNEOS Sentry Data API
bK21W00U,2021 WU,(2021 WU),2106-2106,1,7.589e-08,-7.74,-7.74,0,26.12,0.02,16.15,2021-12-05,2459553.5,NASA/JPL CNEOS Sentry Data API
bK21X00V,2021 XV,(2021 XV),2045-2071,14,0.000480588617,-5.40,-5.40,0,30.08,0.0033,10.7596491731097,2021-12-03,2459551.5,NASA/JPL CNEOS Sentry Data API
bK21T10S,2021 TS10,(2021 TS10),2109-2122,5,1.50421e-07,-7.46,-7.64,0,25.53,0.027,8.51546599211546,2021-10-18,2459505.5,NASA/JPL CNEOS Sentry Data API
bK21W03E,2021 WE3,(2021 WE3),2117-2117,1,9.075e-08,-7.37,-7.37,0,25.18,0.031,12.90,2021-12-09,2459557.5,NASA/JPL CNEOS Sentry Data API
bK21T10G,2021 TG10,(2021 TG10),2058-2101,3,3.11794e-06,-6.84,-6.89,0,27.71,0.00971,12.4337031501568,2021-10-17,2459504.5,NASA/JPL CNEOS Sentry Data API
bK20U00Y,2020 UY,(2020 UY),2068-2118,12,1.8801984e-06,-7.88,-8.44,0,28.95,0.0055,6.85060452450124,2020-10-19,2459141.5,NASA/JPL CNEOS Sentry Data API
bK22U28O,2022 UO28,(2022 UO28),2081-2096,25,0.0002270958534,-5.21,-5.35,0,28.04,0.0084,12.1823129902204,2022-11-01,2459884.5,NASA/JPL CNEOS Sentry Data API
bK17A20T,2017 AT20,(2017 AT20),2028-2122,153,1.39858276e-05,-5.67,-6.14,0,27.11,0.013,7.56616039268209,2017-01-04,2457757.5,NASA/JPL CNEOS Sentry Data API
bK17D16G,2017 DG16,(2017 DG16),2077-2115,27,0.0001234440396,-6.27,-6.33,0,29.44,0.0044,6.4809966572335,2017-02-23,2457807.5,NASA/JPL CNEOS Sentry Data API
bK17DB9W,2017 DW119,(2017 DW119),2046-2090,10,9.38297e-07,-6.82,-7.26,0,26.62,0.016,8.65291157277493,2017-02-24,2457808.5,NASA/JPL CNEOS Sentry Data API
bK17H61J,2017 HJ61,(2017 HJ61),2029-2029,1,1.266e-06,-6.48,-6.48,0,28.86,0.0057,13.59,2017-05-04,2457877.5,NASA/JPL CNEOS Sentry Data API
bK22J00V,2022 JV,(2022 JV),2092-2122,75,2.46628934e-05,-7.10,-7.80,0,29.58,0.0041,9.45928685642375,2022-05-08,2459707.5,NASA/JPL CNEOS Sentry Data API
bK21W06E,2021 WE6,(2021 WE6),2076-2119,4,7.50364e-06,-5.69,-6.01,0,25.80,0.023,11.4112887878416,2021-12-06,2459554.5,NASA/JPL CNEOS Sentry Data API
bK21L06D,2021 LD6,(2021 LD6),2106-2121,8,0.0001774195,-5.25,-5.67,0,27.17,0.012,2.89754274473776,2021-07-09,2459404.5,NASA/JPL CNEOS Sentry Data API
bK22A04B,2022 AB4,(2022 AB4),2113-2122,12,6.893802e-07,-7.36,-7.96,0,26.82,0.015,9.83604737124739,2022-01-10,2459589.5,NASA/JPL CNEOS Sentry Data API
bK21H02C,2021 HC2,(2021 HC2),2083-2122,21,1.1732657e-05,-7.16,-7.84,0,28.81,0.0059,5.27705778750713,2021-05-05,2459339.5,NASA/JPL CNEOS Sentry Data API
bK23B05H,2023 BH5,(2023 BH5),2123-2123,2,3.656e-07,-7.84,-8.10,0,27.07,0.013,7.86899343544858,2023-01-28,2459972.5,NASA/JPL CNEOS Sentry Data API
bK21PD2L,2021 PL132,(2021 PL132),2086-2122,6,1.8066794e-05,-6.52,-6.54,0,28.54,0.0066,12.6305712612874,2021-08-02,2459428.5,NASA/JPL CNEOS Sentry Data API
bK21M00U,2021 MU,(2021 MU),2100-2121,8,5.02805e-06,-6.85,-7.09,0,27.32,0.012,4.15812205526993,2021-07-17,2459412.5,NASA/JPL CNEOS Sentry Data API
bK17H04Z,2017 HZ4,(2017 HZ4),2091-2118,3,6.5708e-07,-6.95,-7.13,0,25.85,0.023,5.91806568454374,2017-06-18,2457922.5,NASA/JPL CNEOS Sentry Data API
bK22B01O,2022 BO1,(2022 BO1),2122-2122,2,1.7094e-08,-9.19,-9.31,0,27.45,0.011,13.25478998479,2022-02-04,2459614.5,NASA/JPL CNEOS Sentry Data API
bK21U00U,2021 UU,(2021 UU),2091-2119,2,1.4455e-08,-8.87,-9.09,0,26.62,0.016,10.8376416464891,2021-11-11,2459529.5,NASA/JPL CNEOS Sentry Data API
bK21X03K,2021 XK3,(2021 XK3),2046-2062,4,1.31964e-06,-6.81,-7.09,0,27.21,0.012,10.7965772483405,2021-12-12,2459560.5,NASA/JPL CNEOS Sentry Data API
bK21X04V,2021 XV4,(2021 XV4),2090-2103,6,5.061e-07,-7.94,-8.43,0,28.55,0.00659,20.1505714285714,2021-12-09,2459557.5,NASA/JPL CNEOS Sentry Data API
bK21U06J,2021 UJ6,(2021 UJ6),2055-2110,6,0.00021469692,-4.85,-4.89,0,28.29,0.0075,17.5106515277443,2021-11-08,2459526.5,NASA/JPL CNEOS Sentry Data API
bK21U02K,2021 UK2,(2021 UK2),2088-2119,18,4.976132e-07,-7.36,-7.99,0,26.79,0.015,12.0675223044726,2021-11-07,2459525.5,NASA/JPL CNEOS Sentry Data API
bK17O01O,2017 OO1,(2017 OO1),2118-2118,1,9.214e-09,-8.13,-8.13,0,24.51,0.042,10.04,2017-07-31,2457965.5,NASA/JPL CNEOS Sentry Data API
bK00U11K,2000 UK11,(2000 UK11),2122-2122,2,0.00011895,-4.39,-4.47,0,25.00,0.034,6.29,2015-09-12,2457277.5,NASA/JPL CNEOS Sentry Data API
bK22K04M,2022 KM4,(2022 KM4),2075-2075,2,2.2638e-07,-4.33,-4.55,0,20.95,0.22,24.97,2022-06-08,2459738.5,NASA/JPL CNEOS Sentry Data API
bK22M00H,2022 MH,(2022 MH),2118-2118,3,7.774991e-06,-6.56,-6.79,0,27.40,0.011,11.0640848574616,2022-06-21,2459751.5,NASA/JPL CNEOS Sentry Data API
bK22K06V,2022 KV6,(2022 KV6),2070-2070,2,4.395e-07,-5.44,-5.68,0,23.96,0.055,25.27,2022-06-05,2459735.5,NASA/JPL CNEOS Sentry Data API
bK22K03O,2022 KO3,(2022 KO3),2098-2116,2,2.6407e-07,-8.33,-8.45,0,28.04,0.0083,10.1357995985913,2022-05-30,2459729.5,NASA/JPL CNEOS Sentry Data API
bK22UC3Y,2022 UY123,(2022 UY123),2086-2086,1,2.193e-08,-10.51,-10.51,0,30.54,0.0026,8.59,2022-10-16,2459868.5,NASA/JPL CNEOS Sentry Data API
bK21T02W,2021 TW2,(2021 TW2),2079-2121,43,4.76118539e-05,-5.09,-5.24,0,25.69,0.025,3.80862851234197,2022-01-09,2459588.5,NASA/JPL CNEOS Sentry Data API
bK21X06D,2021 XD6,(2021 XD6),2111-2118,2,2.2062e-06,-7.78,-7.83,0,28.43,0.007,4.81342942616263,2022-01-08,2459587.5,NASA/JPL CNEOS Sentry Data API
bK22D03A,2022 DA3,(2022 DA3),2077-2122,6,1.264293e-06,-7.38,-7.65,0,27.81,0.0093,10.1670227866483,2022-03-01,2459639.5,NASA/JPL CNEOS Sentry Data API
bK21X04X,2021 XX4,(2021 XX4),2105-2120,7,2.22468e-06,-7.59,-8.01,0,28.55,0.0066,13.3069624395419,2021-12-10,2459558.5,NASA/JPL CNEOS Sentry Data API
bK21U00T,2021 UT,(2021 UT),2053-2119,12,4.796914e-06,-7.24,-7.34,0,29.28,0.0047,11.000538554579,2021-11-09,2459527.5,NASA/JPL CNEOS Sentry Data API
bK21U05T,2021 UT5,(2021 UT5),2075-2096,6,0.000228888779,-5.38,-5.55,0,28.36,0.0072,12.0962479532472,2021-11-09,2459527.5,NASA/JPL CNEOS Sentry Data API
bK22U00D,2022 UD,(2022 UD),2072-2118,88,9.3867334e-05,-5.24,-5.88,0,27.17,0.012,11.1012522937958,2022-10-25,2459877.5,NASA/JPL CNEOS Sentry Data API
bK23G00X,2023 GX,(2023 GX),2104-2122,10,1.475194e-05,-6.05,-6.52,0,26.69,0.016,6.79378298718677,2023-04-28,2460062.5,NASA/JPL CNEOS Sentry Data API
bK21W03F,2021 WF3,(2021 WF3),2074-2120,12,3.2303134e-05,-6.68,-6.90,0,29.39,0.0045,11.4128804715976,2021-12-01,2459549.5,NASA/JPL CNEOS Sentry Data API
bK21V10Q,2021 VQ10,(2021 VQ10),2055-2122,26,2.6525443e-06,-6.58,-7.23,0,27.16,0.013,14.2846851635993,2021-11-12,2459530.5,NASA/JPL CNEOS Sentry Data API
bK21V03N,2021 VN3,(2021 VN3),2069-2096,2,3.28361e-07,-9.20,-9.20,0,30.57,0.0026,9.05983911000393,2021-11-08,2459526.5,NASA/JPL CNEOS Sentry Data API
bK21V04Y,2021 VY4,(2021 VY4),2103-2121,44,3.2139932e-05,-5.35,-5.89,0,26.42,0.018,13.9092773351232,2021-11-11,2459529.5,NASA/JPL CNEOS Sentry Data API
bK21Y00K,2021 YK,(2021 YK),2099-2122,6,2.2606025e-05,-6.13,-6.14,0,27.41,0.011,6.75994142048414,2022-01-02,2459581.5,NASA/JPL CNEOS Sentry Data API
bK21V22Z,2021 VZ22,(2021 VZ22),2072-2121,29,5.561883e-05,-6.16,-6.44,0,28.30,0.00741,9.37518134523865,2021-11-16,2459534.5,NASA/JPL CNEOS Sentry Data API
bK21W02L,2021 WL2,(2021 WL2),2092-2118,3,1.9387e-06,-6.94,-7.27,0,26.84,0.015,6.94679424356528,2021-12-12,2459560.5,NASA/JPL CNEOS Sentry Data API
bK21X04C,2021 XC4,(2021 XC4),2101-2119,4,2.0668e-08,-8.38,-8.61,0,26.26,0.019,15.7883544610025,2021-12-13,2459561.5,NASA/JPL CNEOS Sentry Data API
bK22A01T,2022 AT1,(2022 AT1),2122-2122,4,3.795476e-07,-7.26,-7.32,0,26.18,0.02,12.3870525436072,2022-01-13,2459592.5,NASA/JPL CNEOS Sentry Data API
bK21W01V,2021 WV1,(2021 WV1),2048-2121,146,0.0002375926596,-5.40,-5.58,0,28.48,0.0068,2.65758505525816,2021-12-07,2459555.5,NASA/JPL CNEOS Sentry Data API
bK22B07A,2022 BA7,(2022 BA7),2117-2119,2,1.1728e-07,-10.09,-10.25,0,30.85,0.0023,9.27119798772169,2022-01-27,2459606.5,NASA/JPL CNEOS Sentry Data API
bK22B00F,2022 BF,(2022 BF),2092-2117,20,4.84913e-06,-6.49,-7.03,0,27.09,0.013,12.2566669072597,2022-01-26,2459605.5,NASA/JPL CNEOS Sentry Data API
bK21X04Q,2021 XQ4,(2021 XQ4),2045-2121,5,3.27449e-08,-7.80,-7.98,0,26.75,0.015,17.9085875052298,2021-12-13,2459561.5,NASA/JPL CNEOS Sentry Data API
bK21X02Z,2021 XZ2,(2021 XZ2),2113-2116,3,1.30136e-06,-6.46,-6.78,0,26.09,0.0205,18.6956882031106,2021-12-08,2459556.5,NASA/JPL CNEOS Sentry Data API
bK21X05Z,2021 XZ5,(2021 XZ5),2067-2122,11,1.734333e-05,-6.51,-6.70,0,28.32,0.0073,7.67263913735136,2021-12-13,2459561.5,NASA/JPL CNEOS Sentry Data API
bK21W01Z,2021 WZ1,(2021 WZ1),2068-2118,7,1.25218e-06,-6.73,-7.02,0,26.68,0.016,13.4535322397738,2021-12-03,2459551.5,NASA/JPL CNEOS Sentry Data API
bK06J00E,2006 JE,(2006 JE),2094-2112,7,1.68612e-06,-5.03,-5.21,0,23.84,0.0579,26.2738211989657,2006-05-02,2453857.5,NASA/JPL CNEOS Sentry Data API
bK06U17U,2006 UU17,(2006 UU17),2099-2119,9,2.1220212e-05,-5.63,-5.98,0,26.41,0.018,9.76756621375885,2006-10-27,2454035.5,NASA/JPL CNEOS Sentry Data API
bK07EC6E,2007 EE126,(2007 EE126),2092-2102,3,2.73415e-08,-7.47,-7.56,0,25.55,0.026,31.7802461459686,2007-03-16,2454175.5,NASA/JPL CNEOS Sentry Data API
bK06W29V,2006 WV29,(2006 WV29),2036-2120,39,5.9982978e-06,-5.77,-6.29,0,26.52,0.017,16.7506702319781,2006-11-25,2454064.5,NASA/JPL CNEOS Sentry Data API
bK21R12G,2021 RG12,(2021 RG12),2085-2122,15,5.55332e-05,-6.65,-6.92,0,29.19,0.0049,2.58316237854112,2021-09-15,2459472.5,NASA/JPL CNEOS Sentry Data API
bK21U01X,2021 UX1,(2021 UX1),2034-2121,103,9.57587935e-05,-6.06,-6.48,0,29.25,0.0048,3.3301503602382,2021-10-30,2459517.5,NASA/JPL CNEOS Sentry Data API
bK22W27R,2022 WR27,(2022 WR27),2100-2100,1,9.703e-06,-7.14,-7.14,0,28.93,0.0056,9.78,2022-11-18,2459901.5,NASA/JPL CNEOS Sentry Data API
bK06J26Y,2006 JY26,(2006 JY26),2073-2122,107,0.00502080133,-4.14,-4.15,0,28.35,0.0072,2.98054656002491,2006-05-10,2453865.5,NASA/JPL CNEOS Sentry Data API
bK15HI2O,2015 HO182,(2015 HO182),2063-2109,3,1.0444e-07,-7.65,-7.98,0,26.43,0.0177,10.9554844887016,2015-04-22,2457134.5,NASA/JPL CNEOS Sentry Data API
bK06SD1R,2006 SR131,(2006 SR131),2045-2120,84,2.7467659e-05,-6.19,-6.83,0,27.98,0.0086,8.46311563500916,2006-10-03,2454011.5,NASA/JPL CNEOS Sentry Data API
bK06U64C,2006 UC64,(2006 UC64),2069-2079,5,5.98731e-08,-6.95,-7.17,0,24.98,0.034,20.1269334976809,2006-10-26,2454034.5,NASA/JPL CNEOS Sentry Data API
bK06W00V,2006 WV,(2006 WV),2078-2118,3,2.2866e-08,-8.80,-8.90,0,27.11,0.013,14.6191318988892,2006-11-21,2454060.5,NASA/JPL CNEOS Sentry Data API
a0029075,29075,29075 (1950 DA),2880-2880,1,3.770e-04,-0.93,-0.93,,17.94,1.3,14.10,2025-04-28,2460793.5,NASA/JPL CNEOS Sentry Data API
bK23C02G,2023 CG2,(2023 CG2),2065-2066,2,2.7043e-08,-8.17,-8.31,0,27.03,0.013,21.4273623488518,2023-02-16,2459991.5,NASA/JPL CNEOS Sentry Data API
bK23C04G,2023 CG4,(2023 CG4),2099-2114,3,3.54561e-07,-8.71,-8.96,0,29.19,0.00494,11.3100956111924,2023-02-13,2459988.5,NASA/JPL CNEOS Sentry Data API
bK23D00X,2023 DX,(2023 DX),2102-2121,6,1.233074e-07,-7.51,-7.57,0,25.88,0.023,12.7341413248516,2023-02-28,2460003.5,NASA/JPL CNEOS Sentry Data API
bK23C02Y,2023 CY2,(2023 CY2),2049-2049,1,3.628e-08,-8.56,-8.56,0,28.05,0.0083,12.35,2023-02-14,2459989.5,NASA/JPL CNEOS Sentry Data API
bK23C03A,2023 CA3,(2023 CA3),2053-2120,9,8.982239e-07,-6.85,-6.91,0,27.08,0.013,12.8558813186779,2023-02-17,2459992.5,NASA/JPL CNEOS Sentry Data API
bK23C02W,2023 CW2,(2023 CW2),2099-2123,39,7.267824e-05,-6.87,-7.65,0,29.68,0.0039,1.81911408283965,2023-02-19,2459994.5,NASA/JPL CNEOS Sentry Data API
bK23C02Z,2023 CZ2,(2023 CZ2),2096-2121,31,1.53022898e-05,-7.25,-7.80,0,29.07,0.0052,3.89821565920154,2023-02-20,2459995.5,NASA/JPL CNEOS Sentry Data API
bK23D00O,2023 DO,(2023 DO),2057-2092,25,0.000454910373,-3.55,-3.57,0,25.55,0.026,6.96971868049709,2023-03-26,2460029.5,NASA/JPL CNEOS Sentry Data API
bK23F03Y,2023 FY3,(2023 FY3),2114-2116,3,2.5966e-06,-8.04,-8.29,0,29.04,0.0053,0.571870908110606,2023-04-24,2460058.5,NASA/JPL CNEOS Sentry Data API
bK23E01T,2023 ET1,(2023 ET1),2109-2111,2,1.81161e-07,-9.26,-9.27,0,29.55,0.0042,8.77034897135697,2023-03-20,2460023.5,NASA/JPL CNEOS Sentry Data API
bK25Q00O,2025 QO,(2025 QO),2109-2115,2,1.3722e-07,-8.83,-9.09,0,28.29,0.0074,7.15852062381577,2025-08-21,2460908.5,NASA/JPL CNEOS Sentry Data API
bK23O01R,2023 OR1,(2023 OR1),2116-2116,2,1.00813e-06,-6.95,-6.96,0,26.40,0.018,11.2201818217889,2023-07-27,2460152.5,NASA/JPL CNEOS Sentry Data API
bK20D16Q,2020 DQ16,(2020 DQ16),2080-2119,9,1.01522e-06,-7.60,-7.92,0,27.82,0.0093,9.81157049703513,2020-02-16,2458895.5,NASA/JPL CNEOS Sentry Data API
bK22D00H,2022 DH,(2022 DH),2094-2094,1,7.580e-09,-9.66,-9.66,0,27.61,0.01,6.96,2022-02-26,2459636.5,NASA/JPL CNEOS Sentry Data API
bK23E01G,2023 EG1,(2023 EG1),2068-2116,14,2.1896852e-06,-7.17,-7.61,0,27.43,0.011,6.91412789929804,2023-03-28,2460031.5,NASA/JPL CNEOS Sentry Data API
bK23E02E,2023 EE2,(2023 EE2),2102-2121,6,4.680791e-07,-8.29,-8.52,0,28.53,0.0067,10.6063236897353,2023-03-25,2460028.5,NASA/JPL CNEOS Sentry Data API
bK23F03T,2023 FT3,(2023 FT3),2104-2104,1,2.011e-08,-8.50,-8.50,0,26.06,0.021,8.62,2023-04-23,2460057.5,NASA/JPL CNEOS Sentry Data API
bK23H06D,2023 HD6,(2023 HD6),2077-2086,3,6.41393e-05,-5.43,-5.45,0,27.38,0.011,9.04160128033826,2023-04-30,2460064.5,NASA/JPL CNEOS Sentry Data API
bK23F06U,2023 FU6,(2023 FU6),2078-2119,16,1.6049107e-05,-5.98,-6.29,0,26.97,0.014,9.81666415396196,2023-03-30,2460033.5,NASA/JPL CNEOS Sentry Data API
bK23F13X,2023 FX13,(2023 FX13),2070-2088,13,1.79295914e-05,-5.02,-5.18,0,25.60,0.026,12.6728426406862,2023-04-02,2460036.5,NASA/JPL CNEOS Sentry Data API
bK23F03Z,2023 FZ3,(2023 FZ3),2034-2034,1,9.662e-08,-5.72,-5.72,0,24.44,0.044,19.87,2023-04-04,2460038.5,NASA/JPL CNEOS Sentry Data API
bK23G00E,2023 GE,(2023 GE),2122-2122,7,2.276497e-06,-7.17,-7.44,0,27.51,0.011,10.819614429538,2023-04-04,2460038.5,NASA/JPL CNEOS Sentry Data API
bK23H03W,2023 HW3,(2023 HW3),2089-2119,4,5.0497e-07,-8.19,-8.33,0,28.88,0.0057,14.9642691645048,2023-04-22,2460056.5,NASA/JPL CNEOS Sentry Data API
bK10G23M,2010 GM23,(2010 GM23),2087-2122,61,8.13802968e-05,-4.09,-4.68,0,24.67,0.039,13.4376463626513,2010-04-13,2455299.5,NASA/JPL CNEOS Sentry Data API
bK22W27S,2022 WS27,(2022 WS27),2041-2113,9,3.287138e-05,-7.28,-7.53,0,30.30,0.003,10.0191541578114,2022-11-23,2459906.5,NASA/JPL CNEOS Sentry Data API
bK23E02T,2023 ET2,(2023 ET2),2028-2087,7,1.033716e-07,-8.49,-8.50,0,30.51,0.0027,13.2818040351509,2023-03-15,2460018.5,NASA/JPL CNEOS Sentry Data API
bK15E07G,2015 EG7,(2015 EG7),2090-2118,10,6.236836e-06,-6.45,-6.54,0,27.35,0.011,12.8048296411834,2015-03-20,2457101.5,NASA/JPL CNEOS Sentry Data API
bK19Q03U,2019 QU3,(2019 QU3),2060-2122,19,1.696215e-05,-6.87,-7.19,0,28.71,0.0061,6.46243167021869,2019-09-08,2458734.5,NASA/JPL CNEOS Sentry Data API
bK23O01D,2023 OD1,(2023 OD1),2124-2124,1,1.539e-07,-7.15,-7.15,0,24.83,0.037,8.12,2023-07-25,2460150.5,NASA/JPL CNEOS Sentry Data API
bK23G01M,2023 GM1,(2023 GM1),2085-2124,33,3.722841e-05,-5.91,-6.57,0,27.32,0.012,6.33499577070308,2024-11-08,2460622.5,NASA/JPL CNEOS Sentry Data API
bK23A06N,2023 AN6,(2023 AN6),2093-2093,1,8.213e-07,-8.87,-8.87,0,30.63,0.0025,13.40,2023-01-15,2459959.5,NASA/JPL CNEOS Sentry Data API
bK23H04M,2023 HM4,(2023 HM4),2118-2118,1,7.825e-05,-5.92,-5.92,0,27.68,0.0099,1.17,2023-07-09,2460134.5,NASA/JPL CNEOS Sentry Data API
bK23H03K,2023 HK3,(2023 HK3),2110-2122,2,2.5885e-07,-8.44,-8.54,0,27.92,0.0088,6.04,2023-04-25,2460059.5,NASA/JPL CNEOS Sentry Data API
bK23J00K,2023 JK,(2023 JK),2096-2096,2,1.1855e-06,-6.05,-6.16,0,24.82,0.037,9.86576212568536,2023-05-28,2460092.5,NASA/JPL CNEOS Sentry Data API
bK23H06T,2023 HT6,(2023 HT6),2108-2116,4,2.711527e-06,-6.48,-6.54,0,26.13,0.02,8.29414048984207,2023-05-04,2460068.5,NASA/JPL CNEOS Sentry Data API
bK23H00M,2023 HM,(2023 HM),2049-2122,33,5.931688e-07,-7.27,-7.63,0,27.77,0.00943,19.3384240523102,2023-04-18,2460052.5,NASA/JPL CNEOS Sentry Data API
bK26J02M,2026 JM2,(2026 JM2),2065-2121,30,1.462073e-06,-9.79,-10.50,0,32.67,0.00099,3.96981857951005,2026-05-10,2461170.5,NASA/JPL CNEOS Sentry Data API
bK23H00S,2023 HS,(2023 HS),2111-2119,2,2.56239e-07,-8.17,-8.18,0,27.64,0.01,9.38967065903317,2023-05-14,2460078.5,NASA/JPL CNEOS Sentry Data API
bK23O00Y,2023 OY,(2023 OY),2100-2100,1,1.296e-07,-8.21,-8.21,0,27.33,0.012,11.04,2023-07-21,2460146.5,NASA/JPL CNEOS Sentry Data API
bK23H00Y,2023 HY,(2023 HY),2098-2122,5,1.060846e-06,-7.64,-7.89,0,28.33,0.0073,15.1396156275275,2023-04-21,2460055.5,NASA/JPL CNEOS Sentry Data API
bK23E00B,2023 EB,(2023 EB),2053-2123,106,9.15682700000001e-05,-4.73,-5.22,0,26.16,0.02,7.39676405582414,2023-04-15,2460049.5,NASA/JPL CNEOS Sentry Data API
bK23H05V,2023 HV5,(2023 HV5),2086-2096,12,0.000160285837,-5.02,-5.12,0,27.15,0.013,8.92188626310134,2023-05-02,2460066.5,NASA/JPL CNEOS Sentry Data API
bK23J00F,2023 JF,(2023 JF),2057-2119,58,0.000220581816,-5.06,-5.25,0,27.55,0.01,6.85484009887742,2023-05-10,2460074.5,NASA/JPL CNEOS Sentry Data API
bK23J00V,2023 JV,(2023 JV),2109-2121,2,1.0873e-06,-5.93,-6.06,0,24.59,0.041,14.35,2023-06-13,2460108.5,NASA/JPL CNEOS Sentry Data API
bK23R16M,2023 RM16,(2023 RM16),2056-2056,1,1.537e-08,-9.57,-9.57,0,28.87,0.0057,8.49,2023-09-19,2460206.5,NASA/JPL CNEOS Sentry Data API
bK23E00S,2023 ES,(2023 ES),2083-2120,3,5.2591e-07,-7.15,-7.25,0,26.36,0.018,7.95171854499819,2023-04-15,2460049.5,NASA/JPL CNEOS Sentry Data API
bK23J03A,2023 JA3,(2023 JA3),2048-2123,58,7.62950874e-05,-6.59,-6.85,0,29.69,0.0039,7.63906996146911,2023-05-14,2460078.5,NASA/JPL CNEOS Sentry Data API
bK23K02U,2023 KU2,(2023 KU2),2064-2117,2,2.1186e-06,-6.61,-6.65,0,27.24,0.012,14.2998036439158,2023-05-28,2460092.5,NASA/JPL CNEOS Sentry Data API
bK23J04K,2023 JK4,(2023 JK4),2057-2061,3,1.1746e-07,-6.66,-6.81,0,25.04,0.033,15.7596654180146,2023-05-20,2460084.5,NASA/JPL CNEOS Sentry Data API
bK23S02T,2023 ST2,(2023 ST2),2078-2078,1,1.296e-07,-7.19,-7.19,0,26.13,0.02,21.02,2023-09-24,2460211.5,NASA/JPL CNEOS Sentry Data API
bK14SM4H,2014 SH224,(2014 SH224),2119-2119,2,2.7567e-07,-7.39,-7.41,0,26.09,0.02,10.8395875503319,2014-09-28,2456928.5,NASA/JPL CNEOS Sentry Data API
bK23M04D,2023 MD4,(2023 MD4),2096-2122,8,5.7167456e-06,-6.47,-6.69,0,26.76,0.015,8.54692164996812,2023-07-08,2460133.5,NASA/JPL CNEOS Sentry Data API
bK23J05E,2023 JE5,(2023 JE5),2071-2115,2,3.48226e-06,-5.52,-5.52,0,25.02,0.034,9.21994681614813,2023-06-01,2460096.5,NASA/JPL CNEOS Sentry Data API
bK20H01L,2020 HL1,(2020 HL1),2055-2066,3,1.39062e-05,-4.86,-4.98,0,25.26,0.03,9.43989529849995,2020-04-28,2458967.5,NASA/JPL CNEOS Sentry Data API
bK23K02T,2023 KT2,(2023 KT2),2063-2120,11,8.925156e-06,-6.73,-6.82,0,28.10,0.0081,3.3484425370268,2023-06-13,2460108.5,NASA/JPL CNEOS Sentry Data API
bK23M00Q,2023 MQ,(2023 MQ),2078-2122,39,4.520385e-06,-6.81,-7.62,0,27.48,0.011,8.97763992226326,2023-06-23,2460118.5,NASA/JPL CNEOS Sentry Data API
bK23K02Z,2023 KZ2,(2023 KZ2),2115-2123,3,1.04761496e-05,-5.88,-5.88,0,26.20,0.019,10.9102233125804,2023-06-23,2460118.5,NASA/JPL CNEOS Sentry Data API
bK23N01Q,2023 NQ1,(2023 NQ1),2120-2120,1,1.164e-07,-5.99,-5.99,0,23.11,0.081,23.30,2023-07-19,2460144.5,NASA/JPL CNEOS Sentry Data API
bK23L01M,2023 LM1,(2023 LM1),2114-2114,1,1.589e-06,-7.80,-7.80,0,28.45,0.0069,8.98,2023-06-15,2460110.5,NASA/JPL CNEOS Sentry Data API
bK23L02E,2023 LE2,(2023 LE2),2067-2116,2,3.77e-08,-10.20,-10.36,0,30.07,0.0033,6.44,2023-06-17,2460112.5,NASA/JPL CNEOS Sentry Data API
bK23S01N,2023 SN1,(2023 SN1),2118-2118,1,4.642e-09,-10.53,-10.53,0,29.29,0.0047,16.19,2023-09-20,2460207.5,NASA/JPL CNEOS Sentry Data API
bK23K00T,2023 KT,(2023 KT),2072-2116,8,1.39294e-06,-7.63,-7.86,0,28.30,0.0074,8.46049255531466,2023-05-24,2460088.5,NASA/JPL CNEOS Sentry Data API
bK23N01G,2023 NG1,(2023 NG1),2117-2124,5,1.49723e-05,-5.97,-6.03,0,26.33,0.018,3.66612497745837,2023-09-14,2460201.5,NASA/JPL CNEOS Sentry Data API
bK25A01C,2025 AC1,(2025 AC1),2080-2124,15,6.5895213e-06,-6.48,-7.12,0,26.93,0.014,6.33012491241208,2025-01-22,2460697.5,NASA/JPL CNEOS Sentry Data API
bK25A01O,2025 AO1,(2025 AO1),2078-2116,5,5.0307233e-06,-6.81,-6.84,0,27.84,0.00919,8.16383064916331,2025-01-06,2460681.5,NASA/JPL CNEOS Sentry Data API
bK13B27R,2013 BR27,(2013 BR27),2067-2112,61,2.89491515e-05,-5.96,-6.37,0,27.73,0.0096,10.9513806303787,2013-02-01,2456324.5,NASA/JPL CNEOS Sentry Data API
bK22A13V,2022 AV13,(2022 AV13),2057-2118,22,4.870503e-06,-8.84,-9.62,0,31.79,0.0015,7.01653745003339,2022-01-07,2459586.5,NASA/JPL CNEOS Sentry Data API
bK24M01B,2024 MB1,(2024 MB1),2117-2124,2,3.2129e-08,-9.06,-9.10,0,27.23,0.012,4.02659933393507,2024-07-02,2460493.5,NASA/JPL CNEOS Sentry Data API
bK24M00D,2024 MD,(2024 MD),2068-2124,24,2.621804e-06,-7.31,-7.68,0,27.91,0.0089,5.56987275936722,2024-06-16,2460477.5,NASA/JPL CNEOS Sentry Data API
bK24G05Y,2024 GY5,(2024 GY5),2097-2118,3,2.05112e-06,-7.15,-7.24,0,27.93,0.0088,15.6885055969422,2024-04-18,2460418.5,NASA/JPL CNEOS Sentry Data API
bK23R02H,2023 RH2,(2023 RH2),2092-2121,3,7.281061e-07,-5.58,-5.67,0,23.91,0.0559,22.1943985306537,2023-09-11,2460198.5,NASA/JPL CNEOS Sentry Data API
bK24G00O,2024 GO,(2024 GO),2073-2084,4,2.344702e-06,-5.88,-5.91,0,26.54,0.017,29.7632140033147,2024-04-05,2460405.5,NASA/JPL CNEOS Sentry Data API
bK23R02P,2023 RP2,(2023 RP2),2094-2094,1,1.231e-08,-9.18,-9.18,0,27.18,0.012,9.09,2023-09-11,2460198.5,NASA/JPL CNEOS Sentry Data API
bK23R15Y,2023 RY15,(2023 RY15),2092-2112,21,4.2068742e-06,-7.05,-7.57,0,28.00,0.0085,10.0260535206876,2023-09-20,2460207.5,NASA/JPL CNEOS Sentry Data API
bK23R04X,2023 RX4,(2023 RX4),2077-2105,3,9.9018e-07,-7.27,-7.36,0,27.44,0.011,10.8966787856753,2023-09-19,2460206.5,NASA/JPL CNEOS Sentry Data API
bK17U52M,2017 UM52,(2017 UM52),2087-2122,49,0.0001588246715,-6.35,-6.98,0,29.49,0.0043,2.71791811223737,2017-10-28,2458054.5,NASA/JPL CNEOS Sentry Data API
bK23Q05J,2023 QJ5,(2023 QJ5),2113-2113,1,2.726e-08,-8.83,-8.83,0,27.09,0.013,11.42,2023-08-26,2460182.5,NASA/JPL CNEOS Sentry Data API
bK22U06A,2022 UA6,(2022 UA6),2090-2096,2,4.756e-09,-9.91,-10.14,0,28.02,0.0084,11.8,2022-10-29,2459881.5,NASA/JPL CNEOS Sentry Data API
bK23S04S,2023 SS4,(2023 SS4),2117-2120,2,1.7572e-05,-6.01,-6.23,0,27.06,0.013,12.3,2023-09-26,2460213.5,NASA/JPL CNEOS Sentry Data API
bK23Q00R,2023 QR,(2023 QR),2076-2076,1,4.063e-08,-9.19,-9.19,0,29.26,0.0048,20.68,2023-08-19,2460175.5,NASA/JPL CNEOS Sentry Data API
bK23R05K,2023 RK5,(2023 RK5),2064-2123,55,4.14119896e-05,-6.64,-7.07,0,29.08,0.0052,10.0105207510242,2023-09-18,2460205.5,NASA/JPL CNEOS Sentry Data API
bK23R01F,2023 RF1,(2023 RF1),2118-2118,1,9.770e-08,-7.84,-7.84,0,25.82,0.023,6.54,2023-10-17,2460234.5,NASA/JPL CNEOS Sentry Data API
bK23S02E,2023 SE2,(2023 SE2),2049-2052,3,8.3802e-06,-4.77,-4.93,0,25.73,0.024,24.6865122550774,2023-09-25,2460212.5,NASA/JPL CNEOS Sentry Data API
bK23R01O,2023 RO1,(2023 RO1),2070-2123,24,5.2212303e-06,-5.92,-6.29,0,26.04,0.021,12.7685186914663,2023-09-11,2460198.5,NASA/JPL CNEOS Sentry Data API
bK25D50C,2025 DC50,(2025 DC50),2079-2123,6,1.622243e-07,-8.43,-8.54,0,28.31,0.00739,12.3834843485224,2025-02-27,2460733.5,NASA/JPL CNEOS Sentry Data API
bK23S08N,2023 SN8,(2023 SN8),2026-2123,6,8.598253e-05,-3.93,-3.93,0,27.98,0.0086,8.02974861521288,2023-09-24,2460211.5,NASA/JPL CNEOS Sentry Data API
bK23S05R,2023 SR5,(2023 SR5),2115-2115,1,9.008e-08,-9.13,-9.13,0,28.65,0.0063,9.40,2023-09-19,2460206.5,NASA/JPL CNEOS Sentry Data API
bK23S05S,2023 SS5,(2023 SS5),2070-2123,32,1.19350167e-05,-6.73,-7.12,0,28.27,0.00751,9.90807349988877,2023-09-20,2460207.5,NASA/JPL CNEOS Sentry Data API
bK23S05M,2023 SM5,(2023 SM5),2105-2122,8,1.563614e-05,-5.80,-5.94,0,26.47,0.017,11.4539472145939,2023-09-23,2460210.5,NASA/JPL CNEOS Sentry Data API
bK23S05L,2023 SL5,(2023 SL5),2058-2119,32,4.7098798e-05,-5.95,-6.34,0,28.72,0.0061,13.3124782715262,2023-09-24,2460211.5,NASA/JPL CNEOS Sentry Data API
bK23S04U,2023 SU4,(2023 SU4),2079-2101,2,4.5969e-08,-8.65,-8.70,0,27.30,0.012,10.5463973547391,2023-10-08,2460225.5,NASA/JPL CNEOS Sentry Data API
bK23V04F,2023 VF4,(2023 VF4),2118-2122,4,2.8676333e-06,-6.22,-6.29,0,25.82,0.023,12.2313261346909,2023-12-16,2460294.5,NASA/JPL CNEOS Sentry Data API
bK23S05Y,2023 SY5,(2023 SY5),2089-2115,3,0.00013111878,-5.29,-5.29,0,27.63,0.01,10.9899560871448,2023-10-15,2460232.5,NASA/JPL CNEOS Sentry Data API
bK23U27X,2023 UX27,(2023 UX27),2032-2122,13,5.27536e-07,-6.39,-6.71,0,25.94,0.0221,8.64605399441934,2023-10-18,2460235.5,NASA/JPL CNEOS Sentry Data API
bK23R12V,2023 RV12,(2023 RV12),2119-2119,1,8.589e-08,-8.05,-8.05,0,26.18,0.02,7.24,2023-09-25,2460212.5,NASA/JPL CNEOS Sentry Data API
bK23S06P,2023 SP6,(2023 SP6),2113-2113,1,3.215e-09,-10.02,-10.02,0,27.98,0.0086,16.97,2023-09-25,2460212.5,NASA/JPL CNEOS Sentry Data API
bK23T00Y,2023 TY,(2023 TY),2048-2122,64,2.29825261e-05,-6.72,-7.29,0,29.13,0.00504,13.0636573055823,2023-10-10,2460227.5,NASA/JPL CNEOS Sentry Data API
bK23V00R,2023 VR,(2023 VR),2115-2123,5,3.3566006e-05,-6.09,-6.11,0,27.73,0.0096,11.5904865970649,2023-11-08,2460256.5,NASA/JPL CNEOS Sentry Data API
bK23X16Q,2023 XQ16,(2023 XQ16),2117-2123,6,1.736424e-05,-7.95,-8.00,0,30.50,0.0027,1.90429226963,2023-12-18,2460296.5,NASA/JPL CNEOS Sentry Data API
bK23U00L,2023 UL,(2023 UL),2095-2116,4,6.9855e-08,-8.95,-9.24,0,28.09,0.0082,8.35825137785413,2023-10-26,2460243.5,NASA/JPL CNEOS Sentry Data API
bK23V01K,2023 VK1,(2023 VK1),2105-2105,1,1.868e-06,-6.35,-6.35,0,25.64,0.025,8.67,2023-11-14,2460262.5,NASA/JPL CNEOS Sentry Data API
bK23U03Z,2023 UZ3,(2023 UZ3),2067-2121,25,2.1162348e-06,-6.47,-6.97,0,26.38,0.018,14.2012770586704,2023-11-01,2460249.5,NASA/JPL CNEOS Sentry Data API
bK23T32D,2023 TD32,(2023 TD32),2049-2067,8,5.219722e-07,-6.28,-6.59,0,25.60,0.026,14.3671835434914,2023-10-21,2460238.5,NASA/JPL CNEOS Sentry Data API
bK23T03L,2023 TL3,(2023 TL3),2066-2071,4,3.436211e-06,-5.47,-5.53,0,25.46,0.027,16.2977163509459,2023-10-20,2460237.5,NASA/JPL CNEOS Sentry Data API
bK23T03Q,2023 TQ3,(2023 TQ3),2101-2101,1,3.682e-07,-6.91,-6.91,0,25.55,0.026,10.97,2023-10-15,2460232.5,NASA/JPL CNEOS Sentry Data API
bK23V00Z,2023 VZ,(2023 VZ),2097-2108,7,1.122472e-05,-5.84,-6.16,0,26.94,0.014,19.6767067151786,2023-11-10,2460258.5,NASA/JPL CNEOS Sentry Data API
bK23U02P,2023 UP2,(2023 UP2),2077-2119,6,5.54847e-07,-7.30,-7.63,0,26.66,0.016,8.91903704985338,2023-10-21,2460238.5,NASA/JPL CNEOS Sentry Data API
bK23T08G,2023 TG8,(2023 TG8),2107-2119,8,8.7387e-07,-7.78,-8.14,0,28.08,0.0082,12.6483434606978,2023-10-15,2460232.5,NASA/JPL CNEOS Sentry Data API
bK22QQ5F,2022 QF265,(2022 QF265),2085-2085,1,3.259e-08,-9.97,-9.97,0,29.97,0.0034,11.46,2022-08-24,2459815.5,NASA/JPL CNEOS Sentry Data API
bK23T03M,2023 TM3,(2023 TM3),2082-2121,30,1.550612e-05,-5.92,-6.41,0,26.92,0.014,11.2843946261218,2023-10-10,2460227.5,NASA/JPL CNEOS Sentry Data API
bK23V01D,2023 VD1,(2023 VD1),2060-2123,40,6.338285e-06,-5.54,-6.29,0,25.05,0.033,8.5546073125459,2023-11-14,2460262.5,NASA/JPL CNEOS Sentry Data API
bK23T03V,2023 TV3,(2023 TV3),2039-2039,1,9.678e-08,-7.72,-7.72,0,27.75,0.0095,13.93,2023-10-12,2460229.5,NASA/JPL CNEOS Sentry Data API
bK23V03D,2023 VD3,(2023 VD3),2034-2042,3,0.00014914668,-3.90,-3.90,0,27.05,0.013,17.7800035448325,2023-11-08,2460256.5,NASA/JPL CNEOS Sentry Data API
bK23T02B,2023 TB2,(2023 TB2),2102-2123,10,6.46013e-05,-4.06,-4.17,0,23.84,0.058,6.85777735122977,2023-11-03,2460251.5,NASA/JPL CNEOS Sentry Data API
bK23V03P,2023 VP3,(2023 VP3),2068-2123,54,0.00011778342,-6.35,-6.98,0,29.45,0.0044,6.026184116576,2023-11-11,2460259.5,NASA/JPL CNEOS Sentry Data API
bK23T02W,2023 TW2,(2023 TW2),2063-2123,108,0.000131681849,-4.78,-5.18,0,26.31,0.019,2.67336963145163,2023-11-09,2460257.5,NASA/JPL CNEOS Sentry Data API
bK23V01V,2023 VV1,(2023 VV1),2101-2123,4,6.6632e-07,-8.53,-8.99,0,28.93,0.0055,3.36469834313843,2023-11-17,2460265.5,NASA/JPL CNEOS Sentry Data API
bK23T15M,2023 TM15,(2023 TM15),2076-2113,11,5.7707175e-06,-6.12,-6.48,0,26.80,0.015,16.5808334405557,2023-10-22,2460239.5,NASA/JPL CNEOS Sentry Data API
bK23T15U,2023 TU15,(2023 TU15),2050-2122,77,7.82545585e-05,-6.25,-7.02,0,29.16,0.005,11.8877951293151,2023-10-18,2460235.5,NASA/JPL CNEOS Sentry Data API
bK23U00V,2023 UV,(2023 UV),2098-2098,1,7.782e-08,-6.11,-6.11,0,23.73,0.061,34.55,2023-10-21,2460238.5,NASA/JPL CNEOS Sentry Data API
bK23V05N,2023 VN5,(2023 VN5),2117-2117,1,5.058e-08,-8.86,-8.86,0,27.80,0.0093,13.23,2023-11-12,2460260.5,NASA/JPL CNEOS Sentry Data API
bK23T16A,2023 TA16,(2023 TA16),2103-2109,4,7.4023e-07,-7.60,-8.08,0,28.14,0.008,19.9455432770896,2023-10-17,2460234.5,NASA/JPL CNEOS Sentry Data API
bK23U00B,2023 UB,(2023 UB),2097-2097,1,1.159e-08,-10.41,-10.41,0,30.03,0.0033,15.14,2023-10-17,2460234.5,NASA/JPL CNEOS Sentry Data API
bK23U04G,2023 UG4,(2023 UG4),2081-2120,25,1.6289415e-05,-5.82,-6.35,0,26.44,0.017,3.93038428022124,2023-11-09,2460257.5,NASA/JPL CNEOS Sentry Data API
bK23U00E,2023 UE,(2023 UE),2112-2122,6,1.16396e-06,-8.26,-8.44,0,28.86,0.0057,5.06256091274614,2023-10-26,2460243.5,NASA/JPL CNEOS Sentry Data API
bK23U10R,2023 UR10,(2023 UR10),2030-2032,2,1.72649e-05,-6.37,-6.38,0,29.98,0.0034,9.69286598821887,2023-10-22,2460239.5,NASA/JPL CNEOS Sentry Data API
bK23U04M,2023 UM4,(2023 UM4),2115-2115,2,1.3026e-05,-5.83,-5.96,0,26.25,0.019,9.25,2023-10-21,2460238.5,NASA/JPL CNEOS Sentry Data API
bK23U00Y,2023 UY,(2023 UY),2081-2121,12,1.8496599e-05,-7.34,-7.47,0,29.92,0.0035,7.74131278025761,2023-10-22,2460239.5,NASA/JPL CNEOS Sentry Data API
bK25J00E,2025 JE,(2025 JE),2095-2095,1,5.604e-09,-10.32,-10.32,0,28.63,0.0064,5.86,2025-05-08,2460803.5,NASA/JPL CNEOS Sentry Data API
bK25K00J,2025 KJ,(2025 KJ),2082-2097,7,1.72943e-06,-6.97,-7.22,0,27.52,0.011,14.9296561294762,2025-05-26,2460821.5,NASA/JPL CNEOS Sentry Data API
bK22S02S,2022 SS2,(2022 SS2),2095-2095,1,1.267e-07,-8.22,-8.22,0,27.15,0.013,7.30,2022-10-25,2459877.5,NASA/JPL CNEOS Sentry Data API
bK23U03K,2023 UK3,(2023 UK3),2050-2052,2,5.147e-07,-8.11,-8.39,0,29.16,0.005,8.45,2023-10-22,2460239.5,NASA/JPL CNEOS Sentry Data API
bK23V01O,2023 VO1,(2023 VO1),2050-2121,19,1.5205236e-06,-7.71,-8.01,0,29.57,0.0041,16.1549463868894,2023-11-08,2460256.5,NASA/JPL CNEOS Sentry Data API
bK19V00C,2019 VC,(2019 VC),2117-2120,2,8.325e-08,-9.41,-9.50,0,28.82,0.0058,3.80611771771772,2019-11-10,2458797.5,NASA/JPL CNEOS Sentry Data API
bK19V04S,2019 VS4,(2019 VS4),2102-2105,2,6.1549e-08,-8.65,-8.67,0,27.31,0.012,7.18,2019-11-08,2458795.5,NASA/JPL CNEOS Sentry Data API
bK22QQ5C,2022 QC265,(2022 QC265),2046-2095,2,1.358e-06,-7.99,-8.29,0,29.57,0.00408,12.9698085419735,2022-08-20,2459811.5,NASA/JPL CNEOS Sentry Data API
bK23F48Y,2023 FY48,(2023 FY48),2082-2114,4,1.17086e-06,-7.21,-7.36,0,28.15,0.00795,23.7359747535999,2023-03-18,2460021.5,NASA/JPL CNEOS Sentry Data API
bK22QQ5E,2022 QE265,(2022 QE265),2122-2122,1,1.446e-06,-8.08,-8.08,0,28.93,0.0056,9.70,2022-08-25,2459816.5,NASA/JPL CNEOS Sentry Data API
bK23F48Z,2023 FZ48,(2023 FZ48),2092-2119,3,5.071028e-06,-7.71,-7.71,0,29.48,0.0043,9.83088349738948,2023-03-20,2460023.5,NASA/JPL CNEOS Sentry Data API
bK22P40W,2022 PW40,(2022 PW40),2054-2123,7,1.8502002e-05,-8.14,-8.37,0,31.85,0.00143,6.40203152069706,2022-08-05,2459796.5,NASA/JPL CNEOS Sentry Data API
bK11UG9L,2011 UL169,(2011 UL169),2057-2073,14,1.442749e-05,-6.31,-6.38,0,28.27,0.0075,9.34999132212187,2011-10-31,2455865.5,NASA/JPL CNEOS Sentry Data API
bK22U21A,2022 UA21,(2022 UA21),2102-2113,3,1.4558e-06,-8.25,-8.53,0,29.13,0.0051,4.26437628795164,2022-11-23,2459906.5,NASA/JPL CNEOS Sentry Data API
bK23V01E,2023 VE1,(2023 VE1),2064-2123,161,0.0002684640837,-6.37,-6.86,0,30.18,0.0031,4.29794781587389,2023-11-11,2460259.5,NASA/JPL CNEOS Sentry Data API
bK23V06H,2023 VH6,(2023 VH6),2112-2112,1,1.283e-06,-6.55,-6.55,0,25.56,0.026,6.86,2024-01-13,2460322.5,NASA/JPL CNEOS Sentry Data API
bK24A03H,2024 AH3,(2024 AH3),2053-2123,22,2.9357297e-06,-5.97,-6.59,0,25.64,0.025,10.4224889222601,2024-02-05,2460345.5,NASA/JPL CNEOS Sentry Data API
bK24E02J,2024 EJ2,(2024 EJ2),2078-2119,9,2.7783141e-06,-6.19,-6.21,0,26.43,0.018,14.7472090355083,2024-03-07,2460376.5,NASA/JPL CNEOS Sentry Data API
bK23X04B,2023 XB4,(2023 XB4),2111-2111,1,1.366e-08,-9.69,-9.69,0,28.19,0.0078,9.93,2023-12-08,2460286.5,NASA/JPL CNEOS Sentry Data API
bK24A01S,2024 AS1,(2024 AS1),2095-2095,1,7.089e-09,-9.21,-9.21,0,27.22,0.012,16.78,2024-01-08,2460317.5,NASA/JPL CNEOS Sentry Data API
bK23W02G,2023 WG2,(2023 WG2),2077-2120,15,3.32456293e-05,-5.12,-5.37,0,26.70,0.015,22.0518822467891,2023-11-24,2460272.5,NASA/JPL CNEOS Sentry Data API
bK23W02T,2023 WT2,(2023 WT2),2033-2117,27,1.1546862e-06,-7.19,-7.83,0,27.74,0.0096,13.6026143466511,2023-11-25,2460273.5,NASA/JPL CNEOS Sentry Data API
bK23X00C,2023 XC,(2023 XC),2098-2098,1,5.831e-07,-8.24,-8.24,0,28.47,0.0069,5.90,2023-12-06,2460284.5,NASA/JPL CNEOS Sentry Data API
bK24C02Q,2024 CQ2,(2024 CQ2),2112-2117,4,4.364754e-06,-6.83,-7.05,0,27.46,0.011,11.1021486480109,2024-02-14,2460354.5,NASA/JPL CNEOS Sentry Data API
bK23X00T,2023 XT,(2023 XT),2120-2120,1,4.695e-07,-8.49,-8.49,0,28.70,0.0062,8.16,2023-12-10,2460288.5,NASA/JPL CNEOS Sentry Data API
bK24A03Z,2024 AZ3,(2024 AZ3),2089-2123,60,0.0003387440187,-5.51,-5.84,0,28.75,0.006,9.87691634399625,2024-01-13,2460322.5,NASA/JPL CNEOS Sentry Data API
bK23X04G,2023 XG4,(2023 XG4),2064-2106,14,1.4732275e-05,-6.42,-6.69,0,27.82,0.00921,8.56415270553937,2023-12-16,2460294.5,NASA/JPL CNEOS Sentry Data API
bK23V02C,2023 VC2,(2023 VC2),2102-2102,1,1.055e-07,-8.30,-8.30,0,26.95,0.014,5.27,2023-11-12,2460260.5,NASA/JPL CNEOS Sentry Data API
bK23X15N,2023 XN15,(2023 XN15),2087-2096,6,2.2164162e-05,-5.36,-5.62,0,26.70,0.015,19.4851787168854,2023-12-21,2460299.5,NASA/JPL CNEOS Sentry Data API
bK24C01Y,2024 CY1,(2024 CY1),2060-2124,22,8.300979e-06,-7.17,-7.61,0,29.21,0.0049,14.2999668364418,2024-02-12,2460352.5,NASA/JPL CNEOS Sentry Data API
bK24E00H,2024 EH,(2024 EH),2085-2124,4,1.253155e-07,-8.24,-8.43,0,27.18,0.012,9.48521316197916,2024-03-07,2460376.5,NASA/JPL CNEOS Sentry Data API
bK15Xb8X,2015 XX378,(2015 XX378),2118-2118,1,3.180e-07,-6.53,-6.53,0,24.73,0.038,15.70,2015-12-22,2457378.5,NASA/JPL CNEOS Sentry Data API
bK22Q02E,2022 QE2,(2022 QE2),2079-2122,5,6.52457e-08,-9.48,-9.97,0,28.99,0.0054,5.87666732060504,2022-08-26,2459817.5,NASA/JPL CNEOS Sentry Data API
bK24A03L,2024 AL3,(2024 AL3),2099-2099,1,1.496e-09,-8.34,-8.34,0,23.68,0.062,12.45,2024-03-01,2460370.5,NASA/JPL CNEOS Sentry Data API
bK24C06W,2024 CW6,(2024 CW6),2088-2088,1,2.174e-08,-9.24,-9.24,0,27.58,0.01,3.13,2024-03-03,2460372.5,NASA/JPL CNEOS Sentry Data API
bJ98B13T,1998 BT13,(1998 BT13),2087-2107,2,7.96e-08,-7.99,-8.09,0,26.36,0.018,7.82770728643216,1998-01-30,2450843.5,NASA/JPL CNEOS Sentry Data API
bK23X11Z,2023 XZ11,(2023 XZ11),2075-2078,2,5.472e-06,-5.29,-5.31,0,25.18,0.031,14.5302850877193,2023-12-13,2460291.5,NASA/JPL CNEOS Sentry Data API
bK23X05U,2023 XU5,(2023 XU5),2088-2115,51,6.1545694e-05,-5.56,-5.76,0,27.18,0.012,8.41100264544909,2023-12-22,2460300.5,NASA/JPL CNEOS Sentry Data API
bK24B01S,2024 BS1,(2024 BS1),2114-2114,1,1.870e-09,-9.94,-9.94,0,27.28,0.012,16.26,2024-01-20,2460329.5,NASA/JPL CNEOS Sentry Data API
bK24B01Q,2024 BQ1,(2024 BQ1),2101-2124,14,3.755453e-06,-8.24,-8.81,0,29.99,0.0034,6.37294324013641,2024-01-20,2460329.5,NASA/JPL CNEOS Sentry Data API
bK23X13Z,2023 XZ13,(2023 XZ13),2053-2123,55,0.0001350753852,-5.45,-5.49,0,28.38,0.0071,8.49234697228907,2023-12-16,2460294.5,NASA/JPL CNEOS Sentry Data API
bK23X07H,2023 XH7,(2023 XH7),2088-2088,1,1.779e-09,-9.87,-9.87,0,27.60,0.01,19.97,2023-12-11,2460289.5,NASA/JPL CNEOS Sentry Data API
bK24A00D,2024 AD,(2024 AD),2088-2124,14,1.092855e-05,-7.01,-7.22,0,28.76,0.006,9.60920468223141,2024-01-03,2460312.5,NASA/JPL CNEOS Sentry Data API
bK24A00M,2024 AM,(2024 AM),2069-2081,2,0.00021302791,-5.04,-5.04,0,27.79,0.0094,8.82,2024-01-08,2460317.5,NASA/JPL CNEOS Sentry Data API
bK23X14R,2023 XR14,(2023 XR14),2093-2117,28,0.00011062271,-5.78,-5.84,0,28.27,0.0075,10.2807476493751,2023-12-21,2460299.5,NASA/JPL CNEOS Sentry Data API
bK23X20T,2023 XT20,(2023 XT20),2076-2111,5,1.5437364e-05,-5.27,-5.53,0,25.78,0.024,17.0780147063968,2023-12-12,2460290.5,NASA/JPL CNEOS Sentry Data API
bK18E09E,2018 EE9,(2018 EE9),2067-2115,21,7.516785e-06,-5.84,-5.94,0,26.27,0.019,15.9541295434152,2018-03-26,2458203.5,NASA/JPL CNEOS Sentry Data API
bK24A04M,2024 AM4,(2024 AM4),2080-2124,113,0.00026979036,-5.80,-6.53,0,28.71,0.0061,1.81283652240206,2024-01-30,2460339.5,NASA/JPL CNEOS Sentry Data API
bK22UE7L,2022 UL147,(2022 UL147),2069-2069,1,3.733e-08,-9.96,-9.96,0,30.47,0.0027,13.34,2022-10-28,2459880.5,NASA/JPL CNEOS Sentry Data API
bK22T48F,2022 TF48,(2022 TF48),2058-2123,151,1.83983966e-05,-6.27,-6.62,0,27.94,0.00879,14.2356417957095,2022-10-05,2459857.5,NASA/JPL CNEOS Sentry Data API
bK17F90X,2017 FX90,(2017 FX90),2122-2122,2,6.968e-09,-8.95,-9.09,0,26.09,0.021,12.49,2017-04-01,2457844.5,NASA/JPL CNEOS Sentry Data API
bK23X14M,2023 XM14,(2023 XM14),2105-2105,1,1.778e-07,-6.31,-6.31,0,23.49,0.068,9.21,2024-01-13,2460322.5,NASA/JPL CNEOS Sentry Data API
bK24C06R,2024 CR6,(2024 CR6),2091-2101,11,8.243421e-06,-6.34,-6.79,0,27.91,0.0089,21.7775292903274,2024-02-15,2460355.5,NASA/JPL CNEOS Sentry Data API
bK24B03J,2024 BJ3,(2024 BJ3),2077-2105,12,2.790035e-06,-5.98,-6.52,0,26.02,0.021,17.5329768443765,2024-02-02,2460342.5,NASA/JPL CNEOS Sentry Data API
bK24B04P,2024 BP4,(2024 BP4),2057-2113,10,2.427276e-07,-7.65,-8.26,0,26.83,0.0147,10.000298260272,2024-01-20,2460329.5,NASA/JPL CNEOS Sentry Data API
bK10D77G,2010 DG77,(2010 DG77),2059-2059,1,7.785e-10,-7.06,-7.06,0,21.27,0.19,14.47,2010-02-20,2455247.5,NASA/JPL CNEOS Sentry Data API
bK25S04V,2025 SV4,(2025 SV4),2069-2125,87,0.0001071969478,-6.70,-7.14,0,30.02,0.00331,7.1035373063579,2025-09-24,2460942.5,NASA/JPL CNEOS Sentry Data API
bK25S06V,2025 SV6,(2025 SV6),2110-2125,7,2.055321e-06,-7.22,-7.52,0,27.18,0.012,4.60332589410608,2025-10-05,2460953.5,NASA/JPL CNEOS Sentry Data API
bK25U06C,2025 UC6,(2025 UC6),2076-2125,265,0.000484194149,-5.91,-6.56,0,29.52,0.0042,4.56825268590761,2025-10-23,2460971.5,NASA/JPL CNEOS Sentry Data API
bK25U09K,2025 UK9,(2025 UK9),2040-2125,89,0.0001593373699,-6.33,-6.68,0,29.80,0.0037,7.52401277015807,2025-10-30,2460978.5,NASA/JPL CNEOS Sentry Data API
bK25S00U,2025 SU,(2025 SU),2084-2115,2,1.3885e-07,-8.65,-8.68,0,28.41,0.007,9.91181850918257,2025-09-24,2460942.5,NASA/JPL CNEOS Sentry Data API
bK25U18X,2025 UX18,(2025 UX18),2112-2112,1,1.781e-08,-10.70,-10.70,0,30.34,0.0029,7.16,2025-11-01,2460980.5,NASA/JPL CNEOS Sentry Data API
bK25S01Y,2025 SY1,(2025 SY1),2042-2124,51,0.000148716402,-7.08,-7.23,0,31.66,0.0016,6.89463259486334,2025-09-19,2460937.5,NASA/JPL CNEOS Sentry Data API
bK25S04Q,2025 SQ4,(2025 SQ4),2103-2125,114,0.0006142177101,-4.20,-4.55,0,26.40,0.018,8.74890495863447,2025-10-17,2460965.5,NASA/JPL CNEOS Sentry Data API
bK24C03Z,2024 CZ3,(2024 CZ3),2080-2123,3,1.32324e-06,-6.00,-6.01,0,24.94,0.035,8.72166409721593,2024-03-11,2460380.5,NASA/JPL CNEOS Sentry Data API
bK23L00V,2023 LV,(2023 LV),2123-2123,1,1.380e-08,-8.33,-8.33,0,25.16,0.031,8.61,2023-06-25,2460120.5,NASA/JPL CNEOS Sentry Data API
bK24F00B,2024 FB,(2024 FB),2058-2123,19,5.239279e-06,-5.97,-6.51,0,25.81,0.023,9.01216838996358,2024-04-04,2460404.5,NASA/JPL CNEOS Sentry Data API
bK24F01D,2024 FD1,(2024 FD1),2107-2123,3,3.0941e-08,-10.08,-10.30,0,29.39,0.0045,4.80039720758864,2024-03-19,2460388.5,NASA/JPL CNEOS Sentry Data API
bK05W57G,2005 WG57,(2005 WG57),2082-2123,14,6.95923e-07,-5.74,-6.00,0,23.64,0.0631,9.88400047131651,2005-12-30,2453734.5,NASA/JPL CNEOS Sentry Data API
bK23H36O,2023 HO36,(2023 HO36),2082-2123,23,9.334127e-06,-8.03,-8.61,0,30.48,0.0027,8.45123832041282,2023-04-18,2460052.5,NASA/JPL CNEOS Sentry Data API
bK25G00X,2025 GX,(2025 GX),2081-2112,4,2.5743e-07,-7.77,-7.98,0,26.82,0.015,3.61713592044439,2025-04-27,2460792.5,NASA/JPL CNEOS Sentry Data API
bK25W10Q,2025 WQ10,(2025 WQ10),2067-2125,33,1.11636973e-05,-6.85,-6.96,0,28.79,0.0059,9.41368588953052,2025-11-30,2461009.5,NASA/JPL CNEOS Sentry Data API
bK24J00T,2024 JT,(2024 JT),2106-2124,4,5.0432e-07,-8.28,-8.41,0,28.32,0.0074,6.33493952252538,2024-05-12,2460442.5,NASA/JPL CNEOS Sentry Data API
bK20F46Z,2020 FZ46,(2020 FZ46),2046-2117,45,1.05114141e-05,-4.47,-5.04,0,24.07,0.052,14.6368832852851,2020-03-20,2458928.5,NASA/JPL CNEOS Sentry Data API
bK21K22B,2021 KB22,(2021 KB22),2056-2119,50,2.27168542e-05,-7.31,-7.94,0,29.95,0.0035,6.1007931545381,2021-05-30,2459364.5,NASA/JPL CNEOS Sentry Data API
bK24G04W,2024 GW4,(2024 GW4),2099-2102,3,4.12594e-06,-7.44,-7.48,0,28.90,0.0056,11.7820758905849,2024-04-13,2460413.5,NASA/JPL CNEOS Sentry Data API
bK08H00J,2008 HJ,(2008 HJ),2077-2123,40,0.000267887678,-4.22,-4.69,0,25.75,0.024,7.529890825475,2008-04-30,2454586.5,NASA/JPL CNEOS Sentry Data API
bK24G06F,2024 GF6,(2024 GF6),2116-2124,43,3.4005726e-05,-5.72,-5.95,0,26.81,0.015,8.23984385982526,2024-04-17,2460417.5,NASA/JPL CNEOS Sentry Data API
bK24H02L,2024 HL2,(2024 HL2),2079-2104,3,8.2637e-09,-8.45,-8.76,0,25.71,0.024,13.9053904425378,2024-05-05,2460435.5,NASA/JPL CNEOS Sentry Data API
bK24H02O,2024 HO2,(2024 HO2),2045-2045,1,1.164e-08,-9.77,-9.77,0,29.44,0.0044,7.98,2024-05-03,2460433.5,NASA/JPL CNEOS Sentry Data API
bK12E05K,2012 EK5,(2012 EK5),2064-2111,19,3.541933e-05,-4.74,-5.02,0,25.55,0.0261,15.1283166104497,2012-03-19,2456005.5,NASA/JPL CNEOS Sentry Data API
bK12UF8U,2012 UU158,(2012 UU158),2038-2103,10,1.1044167e-05,-5.70,-5.75,0,26.72,0.015,12.2788068534277,2012-11-06,2456237.5,NASA/JPL CNEOS Sentry Data API
bK21M00V,2021 MV,(2021 MV),2056-2115,3,5.1408e-07,-6.86,-6.87,0,26.43,0.017,9.71149315281668,2021-06-24,2459389.5,NASA/JPL CNEOS Sentry Data API
bK24H00U,2024 HU,(2024 HU),2082-2082,1,7.047e-08,-6.36,-6.36,0,23.80,0.059,21.11,2024-05-17,2460447.5,NASA/JPL CNEOS Sentry Data API
bK24J00N,2024 JN,(2024 JN),2110-2110,1,1.932e-08,-9.74,-9.74,0,28.25,0.0076,3.05,2024-05-09,2460439.5,NASA/JPL CNEOS Sentry Data API
bK24J01R,2024 JR1,(2024 JR1),2076-2085,3,0.0002311398,-4.92,-4.93,0,27.73,0.0096,12.9610051665702,2024-05-06,2460436.5,NASA/JPL CNEOS Sentry Data API
bK24H00Q,2024 HQ,(2024 HQ),2068-2107,79,0.0001966568032,-6.02,-6.22,0,29.36,0.0045,7.29993479746548,2024-04-18,2460418.5,NASA/JPL CNEOS Sentry Data API
bK24H00Z,2024 HZ,(2024 HZ),2109-2121,2,1.1935e-06,-8.09,-8.17,0,28.65,0.0063,7.14699204021785,2024-05-03,2460433.5,NASA/JPL CNEOS Sentry Data API
bK24E03K,2024 EK3,(2024 EK3),2118-2123,2,8.57193e-07,-8.37,-8.38,0,28.93,0.0055,6.85066197460782,2024-03-15,2460384.5,NASA/JPL CNEOS Sentry Data API
bK10F00D,2010 FD,(2010 FD),2043-2104,5,1.56416e-06,-6.43,-6.53,0,26.04,0.021,9.73583297105155,2010-04-15,2455301.5,NASA/JPL CNEOS Sentry Data API
bK23S03D,2023 SD3,(2023 SD3),2055-2091,3,4.880611e-07,-7.16,-7.16,0,26.77,0.015,4.15000843541925,2023-10-15,2460232.5,NASA/JPL CNEOS Sentry Data API
bK24E04J,2024 EJ4,(2024 EJ4),2074-2100,8,1.45286e-07,-9.20,-9.74,0,29.40,0.0045,6.70201189378192,2024-03-13,2460382.5,NASA/JPL CNEOS Sentry Data API
bK19L42D,2019 LD42,(2019 LD42),2087-2087,1,2.390e-08,-9.44,-9.44,0,28.68,0.0062,13.16,2019-06-07,2458641.5,NASA/JPL CNEOS Sentry Data API
bK22J11N,2022 JN11,(2022 JN11),2071-2120,37,0.000119458625,-6.36,-6.75,0,29.36,0.00451,6.1863872293022,2022-05-07,2459706.5,NASA/JPL CNEOS Sentry Data API
bK24J03H,2024 JH3,(2024 JH3),2059-2072,8,4.1669481e-06,-7.17,-7.55,0,28.80,0.0059,9.27447185339314,2024-05-12,2460442.5,NASA/JPL CNEOS Sentry Data API
bK24R07G,2024 RG7,(2024 RG7),2102-2116,3,9.35296e-07,-6.04,-6.30,0,24.57,0.041,10.9745468814151,2024-09-13,2460566.5,NASA/JPL CNEOS Sentry Data API
bK24J03N,2024 JN3,(2024 JN3),2072-2124,7,2.598873e-05,-5.54,-5.55,0,26.92,0.014,12.9453062154249,2024-05-08,2460438.5,NASA/JPL CNEOS Sentry Data API
bK07U03T,2007 UT3,(2007 UT3),2064-2119,8,6.19466e-07,-6.66,-6.96,0,25.72,0.024,9.03398908091808,2007-10-23,2454396.5,NASA/JPL CNEOS Sentry Data API
bK24J06V,2024 JV6,(2024 JV6),2105-2105,1,6.497e-10,-11.03,-11.03,0,28.19,0.0078,8.48,2024-05-10,2460440.5,NASA/JPL CNEOS Sentry Data API
bK24J16W,2024 JW16,(2024 JW16),2082-2121,12,2.3158699e-06,-3.63,-3.98,0,20.98,0.22,23.9255113501842,2024-05-16,2460446.5,NASA/JPL CNEOS Sentry Data API
bK24K01B,2024 KB1,(2024 KB1),2109-2109,1,2.761e-08,-9.35,-9.35,0,28.21,0.0077,11.09,2024-05-30,2460460.5,NASA/JPL CNEOS Sentry Data API
bK24L04Z,2024 LZ4,(2024 LZ4),2052-2079,2,1.2484e-07,-6.98,-7.09,0,26.11,0.02,21.3929509772509,2024-06-16,2460477.5,NASA/JPL CNEOS Sentry Data API
bK24L00A,2024 LA,(2024 LA),2078-2078,1,4.563e-09,-8.42,-8.42,0,25.55,0.026,19.02,2024-06-07,2460468.5,NASA/JPL CNEOS Sentry Data API
bK24H00C,2024 HC,(2024 HC),2081-2124,34,1.24626084e-05,-6.50,-7.08,0,27.42,0.011,1.90667812975653,2024-06-12,2460473.5,NASA/JPL CNEOS Sentry Data API
bK24Q01L,2024 QL1,(2024 QL1),2104-2120,9,3.433381e-05,-6.18,-6.48,0,27.54,0.011,4.21978283505384,2024-09-10,2460563.5,NASA/JPL CNEOS Sentry Data API
bK24R13C,2024 RC13,(2024 RC13),2087-2124,68,1.68771042e-05,-6.82,-7.54,0,28.43,0.007,6.83116137494725,2024-09-14,2460567.5,NASA/JPL CNEOS Sentry Data API
bK24T13K,2024 TK13,(2024 TK13),2066-2113,11,4.707106e-07,-8.35,-8.73,0,28.64,0.0063,8.07503253166595,2024-10-21,2460604.5,NASA/JPL CNEOS Sentry Data API
bK19GI6X,2019 GX186,(2019 GX186),2034-2083,7,7.016579e-07,-5.56,-5.84,0,24.85,0.0363,21.6973394099888,2019-04-08,2458581.5,NASA/JPL CNEOS Sentry Data API
bK24M01S,2024 MS1,(2024 MS1),2102-2123,5,2.261276e-05,-5.27,-5.39,0,25.93,0.022,15.5993462452173,2024-06-29,2460490.5,NASA/JPL CNEOS Sentry Data API
bK24M01H,2024 MH1,(2024 MH1),2104-2104,1,1.008e-10,-10.61,-10.61,0,25.48,0.027,6.05,2024-12-02,2460646.5,NASA/JPL CNEOS Sentry Data API
bK24W00A,2024 WA,(2024 WA),2066-2080,9,8.88899e-07,-7.01,-7.63,0,26.84,0.014,8.89466201446958,2024-12-01,2460645.5,NASA/JPL CNEOS Sentry Data API
bK24W24U,2024 WU24,(2024 WU24),2081-2086,3,1.316229e-05,-6.26,-6.27,0,27.65,0.01,10.0604423318435,2024-11-29,2460643.5,NASA/JPL CNEOS Sentry Data API
bK24U00S,2024 US,(2024 US),2120-2120,1,1.342e-08,-9.69,-9.69,0,27.92,0.0088,7.64,2024-11-10,2460624.5,NASA/JPL CNEOS Sentry Data API
bK24W03T,2024 WT3,(2024 WT3),2079-2123,5,2.046378e-07,-7.97,-8.01,0,27.50,0.011,10.495075621415,2024-12-01,2460645.5,NASA/JPL CNEOS Sentry Data API
bK24R06H,2024 RH6,(2024 RH6),2066-2089,11,2.178143e-06,-7.42,-7.77,0,28.55,0.0066,10.5420998483571,2024-09-06,2460559.5,NASA/JPL CNEOS Sentry Data API
bK20M61Q,2020 MQ61,(2020 MQ61),2047-2112,8,6.844873e-06,-7.40,-7.72,0,30.15,0.00318,13.1465001103746,2020-06-17,2459017.5,NASA/JPL CNEOS Sentry Data API
bK14Qa5J,2014 QJ365,(2014 QJ365),2106-2121,6,1.740338e-07,-8.22,-8.47,0,27.52,0.011,11.9637146002673,2014-09-01,2456901.5,NASA/JPL CNEOS Sentry Data API
bK21F02E,2021 FE2,(2021 FE2),2100-2123,3,3.86773e-06,-6.58,-6.59,0,26.97,0.014,10.3917189410843,2021-03-24,2459297.5,NASA/JPL CNEOS Sentry Data API
bK24Q00Q,2024 QQ,(2024 QQ),2046-2122,2,3.6652e-06,-6.56,-6.58,0,27.56,0.01,5.04355833242388,2024-08-29,2460551.5,NASA/JPL CNEOS Sentry Data API
bK24P05R,2024 PR5,(2024 PR5),2107-2124,22,5.7675462e-05,-5.32,-5.46,0,27.23,0.012,20.2576903344095,2024-08-14,2460536.5,NASA/JPL CNEOS Sentry Data API
bK22P02C,2022 PC2,(2022 PC2),2121-2121,1,9.737e-08,-8.50,-8.50,0,27.03,0.013,3.76,2022-09-01,2459823.5,NASA/JPL CNEOS Sentry Data API
bK24S04O,2024 SO4,(2024 SO4),2111-2120,5,6.793363e-06,-6.12,-6.33,0,26.40,0.018,10.5099766566279,2024-10-08,2460591.5,NASA/JPL CNEOS Sentry Data API
bK24S00Q,2024 SQ,(2024 SQ),2084-2122,9,9.1512533e-06,-5.66,-5.87,0,25.85,0.023,12.6245636226679,2024-09-28,2460581.5,NASA/JPL CNEOS Sentry Data API
bK24R13K,2024 RK13,(2024 RK13),2075-2119,2,1.3893e-07,-8.78,-8.95,0,28.37,0.0072,5.27638379039804,2024-09-16,2460569.5,NASA/JPL CNEOS Sentry Data API
bK24R08L,2024 RL8,(2024 RL8),2066-2124,20,2.213508e-06,-6.94,-7.47,0,27.46,0.011,13.217293576531,2024-09-11,2460564.5,NASA/JPL CNEOS Sentry Data API
bK24R01P,2024 RP1,(2024 RP1),2094-2124,42,2.960306e-05,-6.93,-7.15,0,29.27,0.0047,6.37179841543408,2024-09-10,2460563.5,NASA/JPL CNEOS Sentry Data API
bK24T07B,2024 TB7,(2024 TB7),2086-2124,14,3.5562199e-06,-7.74,-7.86,0,29.23,0.0048,7.80905323515005,2024-10-09,2460592.5,NASA/JPL CNEOS Sentry Data API
bK24R10Q,2024 RQ10,(2024 RQ10),2096-2117,8,7.12578059e-05,-5.69,-5.69,0,27.82,0.0092,11.0508590617018,2024-09-14,2460567.5,NASA/JPL CNEOS Sentry Data API
bK24R05Q,2024 RQ5,(2024 RQ5),2065-2115,2,4.7478e-07,-7.88,-7.88,0,28.01,0.00849,5.6794527991912,2024-09-15,2460568.5,NASA/JPL CNEOS Sentry Data API
bK24R13W,2024 RW13,(2024 RW13),2085-2117,23,0.000189269118,-4.55,-4.97,0,27.09,0.013,22.2856291985257,2024-09-13,2460566.5,NASA/JPL CNEOS Sentry Data API
bK24R16A,2024 RA16,(2024 RA16),2097-2116,5,5.50133e-06,-7.57,-7.80,0,28.84,0.0058,1.24133280497625,2024-09-12,2460565.5,NASA/JPL CNEOS Sentry Data API
bK24R02N,2024 RN2,(2024 RN2),2086-2124,7,1.0424878e-06,-7.55,-7.76,0,27.51,0.011,7.93717463552091,2024-09-14,2460567.5,NASA/JPL CNEOS Sentry Data API
bK24U01D,2024 UD1,(2024 UD1),2123-2123,1,1.584e-08,-10.31,-10.31,0,29.34,0.0046,7.73,2024-10-25,2460608.5,NASA/JPL CNEOS Sentry Data API
bK24S01N,2024 SN1,(2024 SN1),2078-2078,1,3.613e-07,-7.50,-7.50,0,27.41,0.011,16.04,2024-10-08,2460591.5,NASA/JPL CNEOS Sentry Data API
bK24T05G,2024 TG5,(2024 TG5),2075-2075,1,1.806e-08,-9.12,-9.12,0,27.59,0.01,7.67,2024-10-10,2460593.5,NASA/JPL CNEOS Sentry Data API
bK19T00X,2019 TX,(2019 TX),2061-2101,5,5.8019e-08,-9.04,-9.24,0,28.67,0.0063,7.04593236698323,2019-10-03,2458759.5,NASA/JPL CNEOS Sentry Data API
bK24R03B,2024 RB3,(2024 RB3),2083-2122,14,0.000127986823,-5.38,-5.39,0,27.68,0.0099,13.9297862530739,2024-09-07,2460560.5,NASA/JPL CNEOS Sentry Data API
bK24R03L,2024 RL3,(2024 RL3),2035-2035,1,3.584e-08,-8.86,-8.86,0,29.08,0.0052,6.77,2024-09-09,2460562.5,NASA/JPL CNEOS Sentry Data API
bK24R21Z,2024 RZ21,(2024 RZ21),2114-2114,1,2.183e-10,-9.77,-9.77,0,25.01,0.034,17.01,2024-09-20,2460573.5,NASA/JPL CNEOS Sentry Data API
bK24T13Y,2024 TY13,(2024 TY13),2062-2083,6,1.6477429e-06,-7.34,-7.37,0,28.60,0.0065,18.8401323119038,2024-10-08,2460591.5,NASA/JPL CNEOS Sentry Data API
bK24R16C,2024 RC16,(2024 RC16),2062-2062,1,5.958e-05,-5.26,-5.26,0,27.80,0.0093,18.14,2024-09-12,2460565.5,NASA/JPL CNEOS Sentry Data API
bK24R16E,2024 RE16,(2024 RE16),2046-2046,1,4.962e-07,-6.68,-6.68,0,27.17,0.012,22.10,2024-09-12,2460565.5,NASA/JPL CNEOS Sentry Data API
bK24R10Y,2024 RY10,(2024 RY10),2081-2081,1,3.148e-07,-7.57,-7.57,0,26.71,0.015,5.22,2024-09-13,2460566.5,NASA/JPL CNEOS Sentry Data API
bK24S01L,2024 SL1,(2024 SL1),2110-2123,16,2.6400751e-06,-7.87,-8.06,0,28.92,0.0056,7.99836563020499,2024-09-29,2460582.5,NASA/JPL CNEOS Sentry Data API
bK24R10F,2024 RF10,(2024 RF10),2092-2118,20,0.000526086756,-4.74,-4.88,0,27.56,0.01,8.76679660377157,2024-10-03,2460586.5,NASA/JPL CNEOS Sentry Data API
bK24T22C,2024 TC22,(2024 TC22),2090-2111,2,9.832e-08,-6.59,-6.84,0,24.63,0.04,27.3611065907242,2024-10-13,2460596.5,NASA/JPL CNEOS Sentry Data API
bK24R05A,2024 RA5,(2024 RA5),2115-2120,5,3.58205e-06,-7.83,-7.97,0,28.90,0.0056,3.37833307742773,2024-09-13,2460566.5,NASA/JPL CNEOS Sentry Data API
bK24R16S,2024 RS16,(2024 RS16),2096-2118,37,2.5819928e-05,-6.82,-7.21,0,29.17,0.005,11.3146062851143,2024-09-14,2460567.5,NASA/JPL CNEOS Sentry Data API
bK24R03Z,2024 RZ3,(2024 RZ3),2102-2121,3,7.48343e-08,-8.49,-8.68,0,26.91,0.014,2.53989252254648,2024-10-11,2460594.5,NASA/JPL CNEOS Sentry Data API
bK24S08N,2024 SN8,(2024 SN8),2078-2124,21,7.6793554e-06,-5.66,-5.80,0,25.88,0.023,13.7800231727783,2024-10-07,2460590.5,NASA/JPL CNEOS Sentry Data API
bK24S00T,2024 ST,(2024 ST),2068-2122,59,3.86025911e-05,-6.90,-7.40,0,29.67,0.00394,11.4042375081397,2024-09-28,2460581.5,NASA/JPL CNEOS Sentry Data API
bK21U02G,2021 UG2,(2021 UG2),2075-2119,12,2.1505442e-06,-7.19,-7.72,0,27.88,0.009,13.0419822387282,2021-10-31,2459518.5,NASA/JPL CNEOS Sentry Data API
bK22M01K,2022 MK1,(2022 MK1),2099-2123,10,9.22534e-06,-4.92,-5.19,0,23.95,0.055,6.435183646348,2022-10-25,2459877.5,NASA/JPL CNEOS Sentry Data API
bK24R02H,2024 RH2,(2024 RH2),2100-2117,3,3.6389e-07,-6.86,-7.05,0,25.01,0.034,4.72769435818517,2024-10-03,2460586.5,NASA/JPL CNEOS Sentry Data API
bK24T00T,2024 TT,(2024 TT),2080-2121,6,7.72721e-07,-7.71,-7.76,0,27.61,0.01,7.06826581651075,2024-10-08,2460591.5,NASA/JPL CNEOS Sentry Data API
bK24T00G,2024 TG,(2024 TG),2089-2096,2,2.8988e-06,-7.32,-7.36,0,28.38,0.00719,10.3910583689803,2024-10-04,2460587.5,NASA/JPL CNEOS Sentry Data API
bK24T00H,2024 TH,(2024 TH),2112-2112,1,1.390e-07,-6.93,-6.93,0,24.56,0.041,10.75,2024-10-09,2460592.5,NASA/JPL CNEOS Sentry Data API
bK24T09Q,2024 TQ9,(2024 TQ9),2056-2111,18,1.2229734e-05,-7.84,-8.37,0,30.74,0.0024,6.91218241214404,2024-10-10,2460593.5,NASA/JPL CNEOS Sentry Data API
bK24T05K,2024 TK5,(2024 TK5),2028-2028,1,3.347e-04,-3.63,-3.63,0,27.67,0.0099,8.93,2024-10-08,2460591.5,NASA/JPL CNEOS Sentry Data API
bK10TE9W,2010 TW149,(2010 TW149),2071-2107,32,6.800314e-06,-5.57,-6.27,0,25.89,0.0227,17.0713047897494,2010-10-15,2455484.5,NASA/JPL CNEOS Sentry Data API
bK14HJ8J,2014 HJ198,(2014 HJ198),2106-2111,2,4.0629e-09,-9.02,-9.05,0,26.50,0.017,22.51176917965,2014-04-27,2456774.5,NASA/JPL CNEOS Sentry Data API
bK15W02P,2015 WP2,(2015 WP2),2077-2121,30,0.0001985615878,-6.32,-6.56,0,30.08,0.0033,12.6207799644318,2015-11-23,2457349.5,NASA/JPL CNEOS Sentry Data API
bK24T06O,2024 TO6,(2024 TO6),2058-2113,3,9.6547e-08,-7.78,-7.82,0,27.19,0.012,17.4280942960423,2024-10-12,2460595.5,NASA/JPL CNEOS Sentry Data API
bK24T08U,2024 TU8,(2024 TU8),2059-2104,3,9.473e-09,-9.43,-9.58,0,27.92,0.0088,10.7239332840705,2024-10-12,2460595.5,NASA/JPL CNEOS Sentry Data API
bK24T17W,2024 TW17,(2024 TW17),2118-2124,6,1.0286075e-06,-4.45,-4.88,0,21.71,0.15,20.704051423891,2024-11-09,2460623.5,NASA/JPL CNEOS Sentry Data API
bJ95U00B,1995 UB,(1995 UB),2112-2121,6,1.017064e-07,-8.35,-8.58,0,27.25,0.012,12.2092088796772,1995-10-26,2450016.5,NASA/JPL CNEOS Sentry Data API
bK24T02L,2024 TL2,(2024 TL2),2078-2121,11,1.4637114e-05,-7.74,-7.91,0,30.74,0.0024,8.71853562389416,2024-10-05,2460588.5,NASA/JPL CNEOS Sentry Data API
bK25F14K,2025 FK14,(2025 FK14),2080-2090,14,0.00243006682,-4.99,-5.00,0,29.65,0.004,8.37012804363956,2025-03-23,2460757.5,NASA/JPL CNEOS Sentry Data API
bK24U21G,2024 UG21,(2024 UG21),2086-2114,16,1.192974e-06,-7.06,-7.81,0,27.12,0.013,13.4124455688054,2024-10-24,2460607.5,NASA/JPL CNEOS Sentry Data API
bK24U11B,2024 UB11,(2024 UB11),2095-2124,3,7.20959e-06,-7.58,-7.59,0,29.93,0.0035,14.3996461796024,2024-11-02,2460616.5,NASA/JPL CNEOS Sentry Data API
bK24U04K,2024 UK4,(2024 UK4),2101-2115,2,1.9762e-07,-8.53,-8.79,0,28.34,0.00726,12.2264396316162,2024-10-26,2460609.5,NASA/JPL CNEOS Sentry Data API
bK24U01L,2024 UL1,(2024 UL1),2117-2122,3,1.2535e-06,-7.17,-7.34,0,26.99,0.014,10.5000686078979,2024-10-31,2460614.5,NASA/JPL CNEOS Sentry Data API
bK24U00N,2024 UN,(2024 UN),2108-2118,3,2.1262e-08,-8.62,-8.96,0,26.58,0.016,14.0631177687894,2024-10-30,2460613.5,NASA/JPL CNEOS Sentry Data API
bK20B00B,2020 BB,(2020 BB),2114-2123,2,6.1787e-08,-9.42,-9.43,0,28.59,0.0065,3.43054606956156,2020-01-26,2458874.5,NASA/JPL CNEOS Sentry Data API
bK24U02N,2024 UN2,(2024 UN2),2086-2122,14,4.105342e-06,-6.15,-6.44,0,26.16,0.02,10.2532567664277,2024-10-25,2460608.5,NASA/JPL CNEOS Sentry Data API
bK24U08N,2024 UN8,(2024 UN8),2069-2107,5,1.3527033e-05,-6.06,-6.07,0,27.17,0.012,4.91755231690497,2024-11-10,2460624.5,NASA/JPL CNEOS Sentry Data API
bK20U03L,2020 UL3,(2020 UL3),2122-2124,3,3.45519e-05,-3.98,-4.23,0,23.27,0.075,10.1843707871347,2025-06-20,2460846.5,NASA/JPL CNEOS Sentry Data API
bK22SX3K,2022 SK333,(2022 SK333),2033-2121,39,2.74310546e-05,-7.53,-7.72,0,31.87,0.0014,10.934580338045,2022-09-22,2459844.5,NASA/JPL CNEOS Sentry Data API
bK24U05B,2024 UB5,(2024 UB5),2088-2124,19,6.129557e-06,-7.00,-7.45,0,28.26,0.00759,11.1506304664432,2024-10-31,2460614.5,NASA/JPL CNEOS Sentry Data API
bK24U07W,2024 UW7,(2024 UW7),2056-2124,55,1.0801461e-05,-7.51,-8.03,0,30.30,0.00295,15.6027046461585,2024-10-31,2460614.5,NASA/JPL CNEOS Sentry Data API
bK24U00U,2024 UU,(2024 UU),2088-2110,2,5.513761e-06,-5.62,-5.62,0,25.52,0.027,11.5899699551722,2024-11-13,2460627.5,NASA/JPL CNEOS Sentry Data API
bK24U07V,2024 UV7,(2024 UV7),2093-2124,141,9.92600059e-05,-6.31,-6.97,0,29.25,0.0048,11.1580190961383,2024-11-02,2460616.5,NASA/JPL CNEOS Sentry Data API
bK24U08D,2024 UD8,(2024 UD8),2081-2123,22,2.0111755e-06,-7.45,-7.64,0,28.74,0.00608,17.9244378772514,2024-11-01,2460615.5,NASA/JPL CNEOS Sentry Data API
bK24V04C,2024 VC4,(2024 VC4),2046-2055,3,1.6224e-05,-4.44,-4.62,0,25.43,0.028,19.6742757642998,2024-11-14,2460628.5,NASA/JPL CNEOS Sentry Data API
bK24V02A,2024 VA2,(2024 VA2),2123-2123,1,1.332e-08,-8.81,-8.81,0,26.63,0.016,16.44,2024-11-08,2460622.5,NASA/JPL CNEOS Sentry Data API
bK24V00O,2024 VO,(2024 VO),2111-2119,5,3.0086e-06,-8.90,-9.13,0,31.03,0.0021,2.55962351259722,2024-11-03,2460617.5,NASA/JPL CNEOS Sentry Data API
bK24W02Q,2024 WQ2,(2024 WQ2),2064-2068,2,1.8235e-07,-6.32,-6.46,0,24.64,0.04,16.9987606251714,2024-11-25,2460639.5,NASA/JPL CNEOS Sentry Data API
bK25H00O,2025 HO,(2025 HO),2056-2124,35,3.7463704e-06,-7.68,-8.33,0,29.34,0.0046,11.2860915618488,2025-04-24,2460789.5,NASA/JPL CNEOS Sentry Data API
bK24V03K,2024 VK3,(2024 VK3),2120-2120,2,2.2393e-07,-8.12,-8.31,0,27.43,0.011,11.0931291028446,2024-11-15,2460629.5,NASA/JPL CNEOS Sentry Data API
bK24U11D,2024 UD11,(2024 UD11),2085-2114,13,2.1672334e-05,-6.78,-7.06,0,29.33,0.0046,14.2505155005455,2024-11-01,2460615.5,NASA/JPL CNEOS Sentry Data API
bK24X00H,2024 XH,(2024 XH),2070-2078,3,3.7949e-06,-6.56,-6.71,0,27.29,0.012,11.0273124456507,2024-12-04,2460648.5,NASA/JPL CNEOS Sentry Data API
bK23H39W,2023 HW39,(2023 HW39),2042-2123,19,0.0008791653957,-6.47,-6.81,0,31.96,0.0014,7.38568131849869,2023-04-17,2460051.5,NASA/JPL CNEOS Sentry Data API
bK20M63E,2020 ME63,(2020 ME63),2056-2119,4,1.39748e-06,-9.35,-9.51,0,31.87,0.0014,8.59796061482096,2020-06-23,2459023.5,NASA/JPL CNEOS Sentry Data API
bK20N08W,2020 NW8,(2020 NW8),2037-2122,71,9.7940123e-05,-7.74,-8.63,0,32.47,0.0011,9.10437010294545,2020-07-09,2459039.5,NASA/JPL CNEOS Sentry Data API
bK21N90F,2021 NF90,(2021 NF90),2070-2070,2,0.00020566,-6.14,-6.23,0,30.36,0.0029,14.4263376446562,2021-07-15,2459410.5,NASA/JPL CNEOS Sentry Data API
bK24U01B,2024 UB1,(2024 UB1),2095-2124,40,6.6237777e-05,-6.22,-6.87,0,28.48,0.0068,7.86482226026396,2024-10-30,2460613.5,NASA/JPL CNEOS Sentry Data API
bK24W00J,2024 WJ,(2024 WJ),2084-2124,58,5.4366841e-05,-7.04,-8.04,0,29.80,0.0037,3.72818629888759,2024-11-29,2460643.5,NASA/JPL CNEOS Sentry Data API
bK24V02K,2024 VK2,(2024 VK2),2100-2123,8,0.00022617211,-4.57,-4.58,0,26.36,0.018,8.74999021851102,2024-12-02,2460646.5,NASA/JPL CNEOS Sentry Data API
bK24W02W,2024 WW2,(2024 WW2),2113-2116,2,4.247e-07,-8.33,-8.59,0,28.39,0.0071,9.61062396986108,2024-11-23,2460637.5,NASA/JPL CNEOS Sentry Data API
bK13W44Z,2013 WZ44,(2013 WZ44),2111-2117,5,1.2505575e-05,-5.47,-5.64,0,25.70,0.025,12.5529973711725,2013-12-22,2456648.5,NASA/JPL CNEOS Sentry Data API
bK14WK1C,2014 WC201,(2014 WC201),2098-2121,11,1.824034e-06,-6.57,-7.00,0,26.12,0.02,11.2700460572555,2014-12-01,2456992.5,NASA/JPL CNEOS Sentry Data API
bK24V04P,2024 VP4,(2024 VP4),2072-2124,94,0.0001762267387,-5.97,-6.16,0,28.63,0.0064,3.38415170407963,2024-11-20,2460634.5,NASA/JPL CNEOS Sentry Data API
bK24W01S,2024 WS1,(2024 WS1),2045-2045,1,5.453e-08,-6.73,-6.73,0,26.08,0.021,40.25,2024-11-24,2460638.5,NASA/JPL CNEOS Sentry Data API
bK24W01V,2024 WV1,(2024 WV1),2086-2118,7,1.255394e-05,-7.22,-7.31,0,29.31,0.0047,9.57644785621088,2024-11-24,2460638.5,NASA/JPL CNEOS Sentry Data API
bK24W12G,2024 WG12,(2024 WG12),2096-2124,42,9.343472e-06,-7.56,-8.25,0,29.34,0.0046,5.51419484320175,2024-12-02,2460646.5,NASA/JPL CNEOS Sentry Data API
bK24X06A,2024 XA6,(2024 XA6),2099-2099,1,9.244e-08,-7.80,-7.80,0,26.45,0.017,15.32,2024-12-06,2460650.5,NASA/JPL CNEOS Sentry Data API
bK24X00C,2024 XC,(2024 XC),2111-2124,9,3.29725e-06,-6.37,-6.72,0,26.41,0.018,14.8414195769202,2024-12-11,2460655.5,NASA/JPL CNEOS Sentry Data API
bK24X08S,2024 XS8,(2024 XS8),2089-2122,67,0.0005237157469,-5.34,-5.83,0,28.74,0.00606,9.02742506050279,2024-12-07,2460651.5,NASA/JPL CNEOS Sentry Data API
bK24X02K,2024 XK2,(2024 XK2),2103-2103,1,9.093e-09,-9.31,-9.31,0,26.80,0.015,4.85,2024-12-24,2460668.5,NASA/JPL CNEOS Sentry Data API
bK24W03M,2024 WM3,(2024 WM3),2107-2107,1,1.036e-08,-9.15,-9.15,0,26.77,0.015,8.68,2024-12-07,2460651.5,NASA/JPL CNEOS Sentry Data API
bK24X11D,2024 XD11,(2024 XD11),2077-2121,7,2.1518191e-05,-6.39,-6.40,0,28.06,0.0083,3.38052320197362,2025-01-02,2460677.5,NASA/JPL CNEOS Sentry Data API
bK26A03E,2026 AE3,(2026 AE3),2122-2122,1,1.537e-08,-8.27,-8.27,0,25.16,0.032,8.66,2026-03-03,2461102.5,NASA/JPL CNEOS Sentry Data API
bK24Y05A,2024 YA5,(2024 YA5),2069-2069,1,1.002e-08,-9.21,-9.21,0,27.91,0.0089,16.44,2024-12-28,2460672.5,NASA/JPL CNEOS Sentry Data API
bK24Y00B,2024 YB,(2024 YB),2090-2091,2,7.3496e-06,-5.73,-5.74,0,25.54,0.026,3.93956569064983,2025-01-22,2460697.5,NASA/JPL CNEOS Sentry Data API
bK24Y00C,2024 YC,(2024 YC),2112-2112,1,1.846e-08,-9.23,-9.23,0,27.26,0.012,6.29,2024-12-23,2460667.5,NASA/JPL CNEOS Sentry Data API
bK24Y00P,2024 YP,(2024 YP),2120-2120,1,4.913e-08,-8.75,-8.75,0,27.09,0.013,6.66,2024-12-24,2460668.5,NASA/JPL CNEOS Sentry Data API
bK17Y08E,2017 YE8,(2017 YE8),2113-2118,8,1.973904e-06,-6.15,-6.28,0,25.52,0.027,14.2184886195073,2018-01-15,2458133.5,NASA/JPL CNEOS Sentry Data API
bK24Y00D,2024 YD,(2024 YD),2115-2123,5,3.3551e-06,-6.88,-7.33,0,27.26,0.012,10.515747369676,2024-12-20,2460664.5,NASA/JPL CNEOS Sentry Data API
bK24Y06R,2024 YR6,(2024 YR6),2043-2124,60,3.30137045e-05,-6.96,-7.39,0,29.73,0.0038,6.49481412302579,2024-12-28,2460672.5,NASA/JPL CNEOS Sentry Data API
bK24V00S,2024 VS,(2024 VS),2085-2119,4,1.74328e-06,-7.05,-7.05,0,27.51,0.011,11.6197171366619,2024-11-08,2460622.5,NASA/JPL CNEOS Sentry Data API
bK24Y00H,2024 YH,(2024 YH),2067-2120,28,2.269273e-05,-5.06,-5.56,0,25.31,0.029,10.3007353588572,2024-12-25,2460669.5,NASA/JPL CNEOS Sentry Data API
bK24Y07H,2024 YH7,(2024 YH7),2069-2069,1,2.553e-07,-6.11,-6.11,0,24.94,0.035,26.74,2024-12-29,2460673.5,NASA/JPL CNEOS Sentry Data API
bK24Y08X,2024 YX8,(2024 YX8),2110-2118,2,7.5767e-08,-7.72,-7.76,0,26.16,0.02,19.617673657397,2025-01-05,2460680.5,NASA/JPL CNEOS Sentry Data API
bK24Y09E,2024 YE9,(2024 YE9),2073-2107,3,5.3118e-08,-8.58,-8.71,0,27.80,0.0093,14.3823242591965,2024-12-31,2460675.5,NASA/JPL CNEOS Sentry Data API
bK25C04F,2025 CF4,(2025 CF4),2107-2110,2,5.41279e-07,-7.88,-7.88,0,27.82,0.0092,11.0403827231428,2025-02-09,2460715.5,NASA/JPL CNEOS Sentry Data API
bK25C03L,2025 CL3,(2025 CL3),2064-2088,11,9.6010586e-05,-4.07,-4.07,0,25.34,0.029,12.8892670034323,2025-02-13,2460719.5,NASA/JPL CNEOS Sentry Data API
bK25B01A,2025 BA1,(2025 BA1),2032-2116,22,0.000202606852,-4.01,-4.02,0,27.60,0.01,13.376278490226,2025-01-21,2460696.5,NASA/JPL CNEOS Sentry Data API
bK25A00B,2025 AB,(2025 AB),2122-2122,1,6.882e-08,-8.48,-8.48,0,27.11,0.013,11.32,2025-01-03,2460678.5,NASA/JPL CNEOS Sentry Data API
bK21TK8K,2021 TK208,(2021 TK208),2030-2089,12,5.14085e-08,-9.03,-9.39,0,29.52,0.00419,17.0569220654172,2021-10-10,2459497.5,NASA/JPL CNEOS Sentry Data API
bK24Y09N,2024 YN9,(2024 YN9),2107-2118,3,7.0852e-07,-6.78,-6.80,0,25.67,0.025,10.657533732287,2025-01-02,2460677.5,NASA/JPL CNEOS Sentry Data API
bK24Y09W,2024 YW9,(2024 YW9),2104-2104,1,1.939e-08,-8.63,-8.63,0,26.25,0.019,7.91,2025-01-08,2460683.5,NASA/JPL CNEOS Sentry Data API
bK24Y12M,2024 YM12,(2024 YM12),2068-2085,2,1.7417e-07,-7.01,-7.25,0,25.78,0.024,16.11,2025-01-05,2460680.5,NASA/JPL CNEOS Sentry Data API
bK25A00O,2025 AO,(2025 AO),2080-2120,18,2.05764418e-05,-6.64,-7.10,0,28.76,0.006,9.79822014708102,2025-01-02,2460677.5,NASA/JPL CNEOS Sentry Data API
bK25A04H,2025 AH4,(2025 AH4),2044-2125,67,4.79904636e-05,-6.76,-7.39,0,29.97,0.0034,14.7283799019395,2025-01-03,2460678.5,NASA/JPL CNEOS Sentry Data API
bK25B00N,2025 BN,(2025 BN),2105-2105,1,2.244e-07,-7.52,-7.52,0,26.37,0.018,11.65,2025-02-09,2460715.5,NASA/JPL CNEOS Sentry Data API
bK25B01D,2025 BD1,(2025 BD1),2121-2121,1,4.902e-08,-9.97,-9.97,0,29.65,0.004,7.01,2025-01-21,2460696.5,NASA/JPL CNEOS Sentry Data API
bK25C01R,2025 CR1,(2025 CR1),2076-2076,1,3.678e-09,-11.18,-11.18,0,30.33,0.0029,5.65,2025-02-06,2460712.5,NASA/JPL CNEOS Sentry Data API
bK25C00X,2025 CX,(2025 CX),2074-2111,8,2.8260414e-06,-6.39,-6.44,0,26.52,0.017,15.9131727426215,2025-02-08,2460714.5,NASA/JPL CNEOS Sentry Data API
bK25B06N,2025 BN6,(2025 BN6),2072-2124,30,8.3329662e-06,-6.91,-7.59,0,28.22,0.0077,8.33438518387366,2025-02-08,2460714.5,NASA/JPL CNEOS Sentry Data API
bK25B04E,2025 BE4,(2025 BE4),2089-2124,12,7.107784e-07,-6.65,-6.97,0,26.48,0.017,23.9808105578335,2025-01-26,2460701.5,NASA/JPL CNEOS Sentry Data API
bK25B02T,2025 BT2,(2025 BT2),2044-2044,1,1.709e-05,-5.05,-5.05,0,26.81,0.015,16.68,2025-01-22,2460697.5,NASA/JPL CNEOS Sentry Data API
bK25B04P,2025 BP4,(2025 BP4),2063-2063,1,3.086e-07,-8.12,-8.12,0,29.20,0.0049,21.86,2025-01-26,2460701.5,NASA/JPL CNEOS Sentry Data API
bK25B04S,2025 BS4,(2025 BS4),2056-2113,9,1.747856e-05,-6.26,-6.33,0,28.46,0.0069,15.8242913294917,2025-01-27,2460702.5,NASA/JPL CNEOS Sentry Data API
bK25C01M,2025 CM1,(2025 CM1),2110-2124,8,4.831847e-06,-7.01,-7.16,0,27.72,0.0097,8.28978963323963,2025-02-08,2460714.5,NASA/JPL CNEOS Sentry Data API
bK24Y07T,2024 YT7,(2024 YT7),2085-2085,1,4.897e-08,-6.25,-6.25,0,22.61,0.1,11.67,2025-01-22,2460697.5,NASA/JPL CNEOS Sentry Data API
bK25B04T,2025 BT4,(2025 BT4),2107-2107,1,7.066e-08,-9.24,-9.24,0,28.54,0.0066,5.90,2025-01-30,2460705.5,NASA/JPL CNEOS Sentry Data API
bK25C00M,2025 CM,(2025 CM),2112-2121,3,2.88158e-07,-7.91,-8.07,0,26.98,0.014,6.32254700546228,2025-02-04,2460710.5,NASA/JPL CNEOS Sentry Data API
bK25D00W,2025 DW,(2025 DW),2081-2125,29,0.0015349276602,-5.97,-6.16,0,30.83,0.0023,7.48721093676594,2025-02-20,2460726.5,NASA/JPL CNEOS Sentry Data API
bK10MB2Y,2010 MY112,(2010 MY112),2027-2122,31,1.35623e-08,-4.43,-4.87,0,19.80,0.37,23.5333544457798,2010-06-25,2455372.5,NASA/JPL CNEOS Sentry Data API
bK10E12R,2010 ER12,(2010 ER12),2026-2094,8,1.3315e-09,-3.86,-4.18,0,17.63,1.01,23.8737356365002,2010-03-07,2455262.5,NASA/JPL CNEOS Sentry Data API
bK25C02Y,2025 CY2,(2025 CY2),2064-2124,83,7.30067032e-05,-6.04,-6.93,0,28.24,0.0076,3.21206545091602,2025-02-28,2460734.5,NASA/JPL CNEOS Sentry Data API
bK25D01K,2025 DK1,(2025 DK1),2073-2073,2,1.51464e-06,-8.19,-8.20,0,30.21,0.0031,15.2706771245973,2025-02-21,2460727.5,NASA/JPL CNEOS Sentry Data API
bK25D02T,2025 DT2,(2025 DT2),2044-2071,12,0.00044285809,-3.77,-3.77,0,26.64,0.016,9.73996530175163,2025-09-17,2460935.5,NASA/JPL CNEOS Sentry Data API
bK25S03U,2025 SU3,(2025 SU3),2087-2125,6,1.754534e-05,-4.89,-5.23,0,24.67,0.039,8.60526165922119,2025-09-24,2460942.5,NASA/JPL CNEOS Sentry Data API
bK25S04U,2025 SU4,(2025 SU4),2092-2125,11,3.62969e-06,-9.15,-9.58,0,31.82,0.0015,7.04595130713642,2025-09-24,2460942.5,NASA/JPL CNEOS Sentry Data API
bK25T01P,2025 TP1,(2025 TP1),2074-2082,5,1.535248e-06,-7.01,-7.45,0,27.50,0.011,12.449663585297,2025-10-08,2460956.5,NASA/JPL CNEOS Sentry Data API
bK25H18S,2025 HS18,(2025 HS18),2090-2110,3,6.1046e-07,-7.57,-7.65,0,27.36,0.011,9.0349805065033,2025-05-03,2460798.5,NASA/JPL CNEOS Sentry Data API
bK25E01X,2025 EX1,(2025 EX1),2122-2122,1,5.667e-07,-9.49,-9.49,0,30.74,0.0024,5.19,2025-03-06,2460740.5,NASA/JPL CNEOS Sentry Data API
bK19D00F,2019 DF,(2019 DF),2059-2119,9,4.2531e-07,-8.60,-8.79,0,29.96,0.00344,14.1038482753756,2019-02-26,2458540.5,NASA/JPL CNEOS Sentry Data API
bK25D01E,2025 DE1,(2025 DE1),2067-2078,2,3.3178e-06,-5.46,-5.55,0,25.08,0.033,11.78,2025-03-20,2460754.5,NASA/JPL CNEOS Sentry Data API
bK25D05J,2025 DJ5,(2025 DJ5),2117-2117,1,2.875e-07,-7.03,-7.03,0,25.23,0.03,8.22,2025-04-27,2460792.5,NASA/JPL CNEOS Sentry Data API
bK25D01T,2025 DT1,(2025 DT1),2072-2123,40,0.0010419558214,-4.82,-4.82,0,28.61,0.0064,7.61003643608991,2025-02-27,2460733.5,NASA/JPL CNEOS Sentry Data API
bK25H05J,2025 HJ5,(2025 HJ5),2124-2124,1,5.100e-07,-7.62,-7.62,0,26.83,0.015,6.95,2025-05-02,2460797.5,NASA/JPL CNEOS Sentry Data API
bK25D04T,2025 DT4,(2025 DT4),2102-2121,9,4.86195503e-05,-4.41,-4.72,0,25.01,0.034,17.5552189654251,2025-03-04,2460738.5,NASA/JPL CNEOS Sentry Data API
bK25D05T,2025 DT5,(2025 DT5),2057-2101,9,2.32324e-06,-7.63,-8.09,0,29.31,0.00465,11.6320427936847,2025-02-20,2460726.5,NASA/JPL CNEOS Sentry Data API
bK25D04Z,2025 DZ4,(2025 DZ4),2058-2058,1,7.906e-08,-7.82,-7.82,0,27.27,0.012,17.83,2025-02-24,2460730.5,NASA/JPL CNEOS Sentry Data API
bK25C08B,2025 CB8,(2025 CB8),2077-2124,55,0.000141037801,-6.33,-6.68,0,29.39,0.00448,5.07848222505965,2025-02-05,2460711.5,NASA/JPL CNEOS Sentry Data API
bK25F02O,2025 FO2,(2025 FO2),2077-2077,1,9.070e-09,-9.46,-9.46,0,27.95,0.0087,12.50,2025-03-31,2460765.5,NASA/JPL CNEOS Sentry Data API
bK25H00G,2025 HG,(2025 HG),2072-2124,10,0.0002196587,-4.41,-4.45,0,26.63,0.016,12.5879698322898,2025-04-19,2460784.5,NASA/JPL CNEOS Sentry Data API
bK25F07N,2025 FN7,(2025 FN7),2081-2124,26,7.2995278e-05,-7.22,-7.42,0,30.73,0.0024,7.45933680203259,2025-03-26,2460760.5,NASA/JPL CNEOS Sentry Data API
bK25D22L,2025 DL22,(2025 DL22),2099-2124,9,1.089743e-06,-6.55,-6.99,0,25.63,0.025,10.5130173536329,2025-03-10,2460744.5,NASA/JPL CNEOS Sentry Data API
bK25E02Q,2025 EQ2,(2025 EQ2),2078-2078,2,1.59378e-07,-7.91,-7.91,0,26.90,0.014,5.84,2025-03-22,2460756.5,NASA/JPL CNEOS Sentry Data API
bK25H02D,2025 HD2,(2025 HD2),2111-2120,3,9.494253e-07,-5.71,-5.76,0,23.92,0.056,13.089991307373,2025-05-20,2460815.5,NASA/JPL CNEOS Sentry Data API
bK25H01Y,2025 HY1,(2025 HY1),2083-2083,1,4.466e-06,-6.66,-6.66,0,27.30,0.012,7.16,2025-04-29,2460794.5,NASA/JPL CNEOS Sentry Data API
bK25F01C,2025 FC1,(2025 FC1),2103-2112,31,0.0003207666939,-4.76,-4.82,0,27.64,0.01,18.6396282452098,2025-03-22,2460756.5,NASA/JPL CNEOS Sentry Data API
bK25J00F,2025 JF,(2025 JF),2082-2121,6,6.715292e-07,-7.79,-8.11,0,28.54,0.0066,22.6123047396897,2025-05-03,2460798.5,NASA/JPL CNEOS Sentry Data API
bK25H00H,2025 HH,(2025 HH),2079-2079,1,2.906e-07,-9.46,-9.46,0,30.77,0.0024,7.71,2025-04-21,2460786.5,NASA/JPL CNEOS Sentry Data API
bK25H00U,2025 HU,(2025 HU),2088-2106,2,8.874e-07,-7.53,-7.63,0,27.47,0.011,8.55829051160694,2025-04-24,2460789.5,NASA/JPL CNEOS Sentry Data API
bK25D02M,2025 DM2,(2025 DM2),2100-2112,5,7.568738e-07,-7.37,-7.49,0,27.38,0.011,15.1316708280826,2025-02-24,2460730.5,NASA/JPL CNEOS Sentry Data API
bK25D03S,2025 DS3,(2025 DS3),2077-2077,2,1.54017e-08,-7.78,-7.79,0,25.19,0.031,16.6709382730478,2025-03-04,2460738.5,NASA/JPL CNEOS Sentry Data API
bK25N01M,2025 NM1,(2025 NM1),2088-2088,1,4.197e-07,-8.99,-8.99,0,30.20,0.0031,11.48,2025-07-02,2460858.5,NASA/JPL CNEOS Sentry Data API
bK25F07Q,2025 FQ7,(2025 FQ7),2089-2095,3,6.284e-07,-7.25,-7.54,0,27.07,0.013,14.1368523233609,2025-03-28,2460762.5,NASA/JPL CNEOS Sentry Data API
bK25F12V,2025 FV12,(2025 FV12),2052-2057,4,4.7261e-07,-8.59,-8.88,0,30.18,0.0031,10.4890668839,2025-03-27,2460761.5,NASA/JPL CNEOS Sentry Data API
bK25H00C,2025 HC,(2025 HC),2047-2084,5,1.227037e-06,-6.54,-6.81,0,26.45,0.017,15.4569005580109,2025-04-20,2460785.5,NASA/JPL CNEOS Sentry Data API
bK25F10M,2025 FM10,(2025 FM10),2042-2042,1,4.812e-07,-6.19,-6.19,0,26.00,0.021,15.96,2025-03-27,2460761.5,NASA/JPL CNEOS Sentry Data API
bK25F09U,2025 FU9,(2025 FU9),2084-2125,23,3.1535409e-05,-5.74,-5.95,0,26.93,0.014,7.9944276029526,2025-03-20,2460754.5,NASA/JPL CNEOS Sentry Data API
bK25M89V,2025 MV89,(2025 MV89),2082-2118,3,3.57976e-07,-6.53,-6.71,0,24.83,0.037,8.64311194046528,2025-07-04,2460860.5,NASA/JPL CNEOS Sentry Data API
bK25F22C,2025 FC22,(2025 FC22),2069-2077,4,7.96548e-06,-5.94,-6.24,0,27.28,0.012,20.3565046174242,2025-04-03,2460768.5,NASA/JPL CNEOS Sentry Data API
bK25F00R,2025 FR,(2025 FR),2115-2122,6,2.5333621e-06,-5.88,-5.97,0,25.27,0.03,15.1283597784936,2025-04-03,2460768.5,NASA/JPL CNEOS Sentry Data API
bK25G00S,2025 GS,(2025 GS),2085-2092,2,2.8565e-08,-9.29,-9.39,0,28.31,0.0074,9.68227026080868,2025-04-05,2460770.5,NASA/JPL CNEOS Sentry Data API
bK25O04E,2025 OE4,(2025 OE4),2094-2125,6,1.612276e-07,-7.56,-8.10,0,26.21,0.019,12.3918773460623,2025-07-30,2460886.5,NASA/JPL CNEOS Sentry Data API
bK25Q17K,2025 QK17,(2025 QK17),2054-2067,7,1.343304e-06,-8.17,-8.33,0,30.19,0.0031,11.9197562725935,2025-08-31,2460918.5,NASA/JPL CNEOS Sentry Data API
bK25U04V,2025 UV4,(2025 UV4),2063-2084,11,6.859315e-05,-5.86,-6.00,0,28.53,0.00668,11.5805903606993,2025-10-23,2460971.5,NASA/JPL CNEOS Sentry Data API
bK25F25H,2025 FH25,(2025 FH25),2056-2123,28,7.140585e-06,-7.03,-7.52,0,28.70,0.00617,9.49280690307587,2025-04-01,2460766.5,NASA/JPL CNEOS Sentry Data API
bK25G00W,2025 GW,(2025 GW),2078-2121,6,1.620037e-05,-6.05,-6.07,0,27.10,0.013,8.17928654715911,2025-04-11,2460776.5,NASA/JPL CNEOS Sentry Data API
bK25M02L,2025 ML2,(2025 ML2),2097-2125,3,2.4831e-07,-7.23,-7.50,0,25.46,0.027,6.79443840360839,2025-07-29,2460885.5,NASA/JPL CNEOS Sentry Data API
bK25F26E,2025 FE26,(2025 FE26),2055-2113,25,1.8978216e-06,-6.60,-7.01,0,26.47,0.0172,7.10793531857789,2025-03-23,2460757.5,NASA/JPL CNEOS Sentry Data API
bK25M91J,2025 MJ91,(2025 MJ91),2109-2109,2,2.155e-06,-7.27,-7.55,0,27.55,0.01,6.68,2025-07-02,2460858.5,NASA/JPL CNEOS Sentry Data API
bK25K02F,2025 KF2,(2025 KF2),2066-2124,25,0.00012366056,-7.15,-7.51,0,31.36,0.0018,7.89415868810557,2025-05-21,2460816.5,NASA/JPL CNEOS Sentry Data API
bK08W02O,2008 WO2,(2008 WO2),2065-2119,18,6.22281914e-05,-6.80,-7.15,0,29.77,0.0038,6.10725865315764,2008-11-22,2454792.5,NASA/JPL CNEOS Sentry Data API
bK24V00F,2024 VF,(2024 VF),2110-2121,5,7.5375524e-05,-5.72,-6.02,0,27.38,0.011,4.34038155621976,2024-12-01,2460645.5,NASA/JPL CNEOS Sentry Data API
bK06RC0H,2006 RH120,(2006 RH120),2044-2124,119,0.00816650175,-4.29,-4.45,0,29.64,0.004,NaN,2007-06-22,2454273.5,NASA/JPL CNEOS Sentry Data API
bK25J00P,2025 JP,(2025 JP),2102-2125,14,9.47081e-06,-5.61,-6.12,0,25.31,0.029,5.89399164379815,2025-07-01,2460857.5,NASA/JPL CNEOS Sentry Data API
bK25O00C,2025 OC,(2025 OC),2086-2095,2,6e-08,-8.88,-9.12,0,27.86,0.0091,6.58776333333333,2025-07-17,2460873.5,NASA/JPL CNEOS Sentry Data API
bK25O00F,2025 OF,(2025 OF),2065-2065,1,3.579e-07,-7.08,-7.08,0,26.74,0.015,15.58,2025-07-29,2460885.5,NASA/JPL CNEOS Sentry Data API
bK25P02L,2025 PL2,(2025 PL2),2115-2117,2,2.1056e-07,-7.10,-7.21,0,26.11,0.02,25.5183463145897,2025-08-16,2460903.5,NASA/JPL CNEOS Sentry Data API
bK25K01K,2025 KK1,(2025 KK1),2045-2120,6,4.905009e-06,-6.75,-6.91,0,28.71,0.0061,21.6543676331685,2025-05-24,2460819.5,NASA/JPL CNEOS Sentry Data API
bK25N01N,2025 NN1,(2025 NN1),2092-2092,1,1.617e-08,-10.51,-10.51,0,30.24,0.003,9.48,2025-07-02,2460858.5,NASA/JPL CNEOS Sentry Data API
bK25K01J,2025 KJ1,(2025 KJ1),2079-2125,51,2.01223446e-05,-6.30,-6.77,0,27.69,0.0098,8.30897862071202,2025-05-30,2460825.5,NASA/JPL CNEOS Sentry Data API
bK23T10Y,2023 TY10,(2023 TY10),2064-2117,3,4.03359e-08,-9.03,-9.14,0,28.65,0.0063,15.4079569564581,2023-10-14,2460231.5,NASA/JPL CNEOS Sentry Data API
bK24J03T,2024 JT3,(2024 JT3),2095-2104,2,1.9247e-08,-9.90,-9.93,0,29.10,0.0051,9.61347326856133,2024-05-09,2460439.5,NASA/JPL CNEOS Sentry Data API
bK17W27Y,2017 WY27,(2017 WY27),2064-2122,31,2.6027085e-06,-7.26,-7.95,0,27.86,0.0091,8.09835665000518,2017-11-28,2458085.5,NASA/JPL CNEOS Sentry Data API
bK25K04E,2025 KE4,(2025 KE4),2037-2095,3,2.0053e-07,-8.61,-8.91,0,29.29,0.0047,3.69802174238269,2025-05-27,2460822.5,NASA/JPL CNEOS Sentry Data API
bK25L00B,2025 LB,(2025 LB),2068-2068,1,9.738e-08,-7.82,-7.82,0,26.79,0.015,11.03,2025-06-04,2460830.5,NASA/JPL CNEOS Sentry Data API
bK26A17C,2026 AC17,(2026 AC17),2083-2126,6,1.46122e-06,-8.59,-8.67,0,30.25,0.003,7.68001238690957,2026-01-13,2461053.5,NASA/JPL CNEOS Sentry Data API
bK26A01W,2026 AW1,(2026 AW1),2068-2121,14,3.6854902e-06,-7.90,-8.06,0,29.71,0.0039,6.77845678113593,2026-01-18,2461058.5,NASA/JPL CNEOS Sentry Data API
bK25M00A,2025 MA,(2025 MA),2054-2116,3,5.4546e-07,-6.85,-6.95,0,26.35,0.018,8.96727532724673,2025-06-17,2460843.5,NASA/JPL CNEOS Sentry Data API
bK25M00B,2025 MB,(2025 MB),2076-2098,2,4.6529e-09,-10.75,-10.78,0,29.70,0.0039,7.25914698360163,2025-06-17,2460843.5,NASA/JPL CNEOS Sentry Data API
bK25M00C,2025 MC,(2025 MC),2079-2079,1,1.112e-05,-6.84,-6.84,0,28.62,0.0064,8.40,2025-06-17,2460843.5,NASA/JPL CNEOS Sentry Data API
bK25N01O,2025 NO1,(2025 NO1),2064-2071,2,1.5506e-06,-8.82,-8.97,0,31.20,0.00197,9.13178511543918,2025-07-02,2460858.5,NASA/JPL CNEOS Sentry Data API
bK25M89R,2025 MR89,(2025 MR89),2080-2083,3,1.04934e-06,-6.77,-6.84,0,26.32,0.018,8.90792012121905,2025-07-23,2460879.5,NASA/JPL CNEOS Sentry Data API
bK25R01O,2025 RO1,(2025 RO1),2113-2113,2,5.684e-08,-10.21,-10.40,0,30.64,0.0025,11.8163810696692,2025-09-02,2460920.5,NASA/JPL CNEOS Sentry Data API
bK25Q16Y,2025 QY16,(2025 QY16),2075-2106,4,2.62392e-06,-6.19,-6.24,0,25.65,0.025,9.05241638464588,2025-09-25,2460943.5,NASA/JPL CNEOS Sentry Data API
bK25Q16G,2025 QG16,(2025 QG16),2106-2124,10,4.25805e-05,-5.28,-5.42,0,26.34,0.018,12.3038891511373,2025-09-02,2460920.5,NASA/JPL CNEOS Sentry Data API
bK25N00A,2025 NA,(2025 NA),2095-2124,13,1.2624915e-05,-6.30,-6.43,0,27.56,0.01,12.0116475358448,2025-07-02,2460858.5,NASA/JPL CNEOS Sentry Data API
bK25N00L,2025 NL,(2025 NL),2109-2122,2,8.47e-07,-7.84,-7.95,0,27.59,0.01,2.79417237308146,2025-07-07,2460863.5,NASA/JPL CNEOS Sentry Data API
bK25N01H,2025 NH1,(2025 NH1),2083-2089,2,2.9387e-08,-10.40,-10.50,0,30.97,0.0022,14.28,2025-07-04,2460860.5,NASA/JPL CNEOS Sentry Data API
bK25N00C,2025 NC,(2025 NC),2062-2062,2,0.0002570131,-4.77,-4.77,0,27.53,0.011,8.7,2025-07-03,2460859.5,NASA/JPL CNEOS Sentry Data API
bK25O00B,2025 OB,(2025 OB),2063-2065,3,0.00016751867,-4.11,-4.41,0,26.10,0.02,14.3049928763164,2025-07-19,2460875.5,NASA/JPL CNEOS Sentry Data API
bK25S06H,2025 SH6,(2025 SH6),2103-2125,25,0.00032780094,-5.80,-5.93,0,28.84,0.0058,1.74246308964215,2025-10-20,2460968.5,NASA/JPL CNEOS Sentry Data API
bK25P00Q,2025 PQ,(2025 PQ),2084-2125,10,6.1531626e-06,-6.73,-6.90,0,27.83,0.0092,10.6753552194444,2025-08-03,2460890.5,NASA/JPL CNEOS Sentry Data API
bK25P00C,2025 PC,(2025 PC),2108-2124,6,2.600144e-07,-9.08,-9.27,0,29.43,0.0044,9.05536846420814,2025-08-02,2460889.5,NASA/JPL CNEOS Sentry Data API
bK25P00D,2025 PD,(2025 PD),2112-2118,3,4.6574e-06,-6.84,-7.22,0,27.45,0.011,9.82677330699532,2025-08-02,2460889.5,NASA/JPL CNEOS Sentry Data API
bK13HG7L,2013 HL167,(2013 HL167),2053-2125,120,0.0003786263435,-5.02,-5.37,0,27.79,0.00939,6.93289922210338,2013-04-20,2456402.5,NASA/JPL CNEOS Sentry Data API
bK25S21B,2025 SB21,(2025 SB21),2059-2120,16,8.1248302e-06,-8.40,-8.86,0,31.33,0.00182,7.87519237042025,2025-09-28,2460946.5,NASA/JPL CNEOS Sentry Data API
bK25U11R,2025 UR11,(2025 UR11),2100-2125,23,8.2983551e-06,-7.54,-7.69,0,29.21,0.0049,6.95810786091813,2025-11-02,2460981.5,NASA/JPL CNEOS Sentry Data API
bK25P00U,2025 PU,(2025 PU),2059-2059,2,1.4088e-07,-9.38,-9.49,0,30.46,0.0027,9.69,2025-08-04,2460891.5,NASA/JPL CNEOS Sentry Data API
bK25O20V,2025 OV20,(2025 OV20),2064-2070,2,3.37574e-07,-7.46,-7.47,0,27.38,0.011,13.3602709924343,2025-07-27,2460883.5,NASA/JPL CNEOS Sentry Data API
bK25P01Q,2025 PQ1,(2025 PQ1),2102-2102,2,1.4406e-05,-6.06,-6.30,0,26.92,0.014,8.65,2025-08-22,2460909.5,NASA/JPL CNEOS Sentry Data API
bK26E02L,2026 EL2,(2026 EL2),2090-2123,15,1.010296e-05,-6.02,-6.24,0,26.19,0.02,2.29238640952751,2026-04-16,2461146.5,NASA/JPL CNEOS Sentry Data API
bK25R03P,2025 RP3,(2025 RP3),2083-2089,2,1.4012e-07,-9.25,-9.35,0,29.70,0.0039,10.4563859548958,2025-09-15,2460933.5,NASA/JPL CNEOS Sentry Data API
bK25R03T,2025 RT3,(2025 RT3),2057-2057,1,1.125e-07,-7.66,-7.66,0,27.15,0.013,16.17,2025-09-16,2460934.5,NASA/JPL CNEOS Sentry Data API
bK25Q05A,2025 QA5,(2025 QA5),2033-2033,1,8.713e-07,-6.70,-6.70,0,27.74,0.0096,8.12,2025-08-31,2460918.5,NASA/JPL CNEOS Sentry Data API
bK25T00Q,2025 TQ,(2025 TQ),2086-2107,33,0.0001868517212,-5.85,-6.02,0,28.91,0.0056,9.96220214555883,2025-10-03,2460951.5,NASA/JPL CNEOS Sentry Data API
bK25S07S,2025 SS7,(2025 SS7),2064-2125,38,0.000719947941,-5.68,-5.74,0,30.05,0.0033,4.93140700424616,2025-09-26,2460944.5,NASA/JPL CNEOS Sentry Data API
bK25S14Q,2025 SQ14,(2025 SQ14),2066-2125,41,2.42134869e-05,-4.98,-5.78,0,25.36,0.029,10.6286543544457,2025-09-30,2460948.5,NASA/JPL CNEOS Sentry Data API
bK25S22L,2025 SL22,(2025 SL22),2092-2103,2,3.1098e-08,-9.65,-9.77,0,28.68,0.0062,5.05235577850666,2025-10-03,2460951.5,NASA/JPL CNEOS Sentry Data API
bK25T00A,2025 TA,(2025 TA),2093-2121,5,5.05649e-06,-6.39,-6.54,0,26.54,0.017,8.31441515755,2025-10-17,2460965.5,NASA/JPL CNEOS Sentry Data API
bK25U00R,2025 UR,(2025 UR),2052-2093,4,8.04124e-06,-5.68,-5.71,0,26.23,0.019,11.4323269545493,2025-10-21,2460969.5,NASA/JPL CNEOS Sentry Data API
bK25U00B,2025 UB,(2025 UB),2091-2125,58,7.60913145e-05,-5.63,-6.07,0,27.34,0.012,5.12610303794922,2025-10-20,2460968.5,NASA/JPL CNEOS Sentry Data API
bK25U07V,2025 UV7,(2025 UV7),2039-2039,1,1.396e-10,-11.78,-11.78,0,29.97,0.0034,9.17,2025-10-28,2460976.5,NASA/JPL CNEOS Sentry Data API
bK19U05T,2019 UT5,(2019 UT5),2056-2056,2,5.226e-08,-8.63,-8.85,0,28.40,0.0071,14.4239494833525,2019-10-29,2458785.5,NASA/JPL CNEOS Sentry Data API
bK25U01J,2025 UJ1,(2025 UJ1),2081-2121,6,2.89209e-07,-7.91,-8.07,0,27.56,0.01,15.1898136641667,2025-10-21,2460969.5,NASA/JPL CNEOS Sentry Data API
bK25U00N,2025 UN,(2025 UN),2111-2125,8,9.2108518e-05,-6.23,-6.45,0,28.81,0.0059,9.96329655819671,2025-10-23,2460971.5,NASA/JPL CNEOS Sentry Data API
bK25U01V,2025 UV1,(2025 UV1),2117-2122,2,3.7067e-08,-8.23,-8.29,0,26.08,0.021,12.1623508781396,2025-10-22,2460970.5,NASA/JPL CNEOS Sentry Data API
bK25U02C,2025 UC2,(2025 UC2),2091-2123,16,3.2764801e-05,-6.25,-6.42,0,28.04,0.0084,10.4096454521424,2025-10-21,2460969.5,NASA/JPL CNEOS Sentry Data API
bK25U03D,2025 UD3,(2025 UD3),2112-2112,1,3.910e-09,-10.53,-10.53,0,28.56,0.0066,6.27,2025-10-26,2460974.5,NASA/JPL CNEOS Sentry Data API
bK25V02T,2025 VT2,(2025 VT2),2095-2104,2,2.044e-07,-8.52,-8.61,0,28.54,0.0066,13.9317074363992,2025-11-13,2460992.5,NASA/JPL CNEOS Sentry Data API
bK16V18F,2016 VF18,(2016 VF18),2037-2077,2,1.31869e-06,-8.23,-8.28,0,29.82,0.00369,10.098316511083,2016-11-11,2457703.5,NASA/JPL CNEOS Sentry Data API
bK25U07Z,2025 UZ7,(2025 UZ7),2121-2125,2,3.3411e-07,-9.11,-9.14,0,29.63,0.004,8.38396336535872,2025-10-31,2460979.5,NASA/JPL CNEOS Sentry Data API
bK19V00A,2019 VA,(2019 VA),2090-2112,2,9.299e-07,-7.89,-8.01,0,28.32,0.0074,8.24230239810732,2019-11-02,2458789.5,NASA/JPL CNEOS Sentry Data API
bK25S05S,2025 SS5,(2025 SS5),2084-2125,44,6.9114006e-06,-6.91,-7.70,0,27.90,0.0089,7.47086844539152,2025-09-28,2460946.5,NASA/JPL CNEOS Sentry Data API
bK25U07E,2025 UE7,(2025 UE7),2120-2120,1,1.394e-06,-7.87,-7.87,0,28.27,0.0075,6.49,2025-10-31,2460979.5,NASA/JPL CNEOS Sentry Data API
bK25U12C,2025 UC12,(2025 UC12),2122-2123,15,2.8699334e-05,-7.57,-8.21,0,30.90,0.0022,15.0724160414315,2025-10-22,2460970.5,NASA/JPL CNEOS Sentry Data API
bK25V01A,2025 VA1,(2025 VA1),2060-2124,9,3.5222925e-05,-6.01,-6.04,0,28.25,0.0076,14.0674970136637,2025-11-14,2460993.5,NASA/JPL CNEOS Sentry Data API
bK25W01R,2025 WR1,(2025 WR1),2110-2110,1,1.203e-09,-11.34,-11.34,0,29.54,0.0042,11.68,2025-11-27,2461006.5,NASA/JPL CNEOS Sentry Data API
bK24W01P,2024 WP1,(2024 WP1),2061-2123,8,5.0381279e-05,-5.85,-6.21,0,28.04,0.0083,15.7132350050105,2024-11-24,2460638.5,NASA/JPL CNEOS Sentry Data API
bK14Wa6A,2014 WA366,(2014 WA366),2104-2121,6,3.35755e-06,-6.76,-6.83,0,26.60,0.016,2.34005557623863,2015-01-16,2457038.5,NASA/JPL CNEOS Sentry Data API
bK21X05W,2021 XW5,(2021 XW5),2112-2119,2,5.319e-08,-8.76,-8.80,0,27.36,0.011,9.43345929686031,2022-01-08,2459587.5,NASA/JPL CNEOS Sentry Data API
bK25V14N,2025 VN14,(2025 VN14),2073-2073,1,3.176e-08,-8.60,-8.60,0,27.57,0.01,15.75,2025-11-23,2461002.5,NASA/JPL CNEOS Sentry Data API
bK23T00A,2023 TA,(2023 TA),2125-2125,1,1.367e-04,-5.81,-5.81,0,27.93,0.0088,3.05,2023-10-06,2460223.5,NASA/JPL CNEOS Sentry Data API
bK25V03W,2025 VW3,(2025 VW3),2062-2125,17,4.91680294e-05,-5.55,-5.72,0,27.76,0.0095,14.0771653852778,2025-11-16,2460995.5,NASA/JPL CNEOS Sentry Data API
bK25W14A,2025 WA14,(2025 WA14),2091-2125,9,3.067635e-05,-4.70,-4.89,0,24.93,0.035,10.5399958013258,2025-12-23,2461032.5,NASA/JPL CNEOS Sentry Data API
bK25V05K,2025 VK5,(2025 VK5),2088-2117,9,5.865074e-05,-5.89,-5.93,0,28.27,0.0075,12.6078049842167,2025-11-16,2460995.5,NASA/JPL CNEOS Sentry Data API
bK25V05J,2025 VJ5,(2025 VJ5),2044-2116,22,1.67659023e-05,-5.26,-5.52,0,26.36,0.018,9.72008091076613,2025-11-16,2460995.5,NASA/JPL CNEOS Sentry Data API
bK25V05M,2025 VM5,(2025 VM5),2124-2124,1,1.229e-07,-8.38,-8.38,0,26.99,0.014,4.42,2025-11-20,2460999.5,NASA/JPL CNEOS Sentry Data API
bK25W08Q,2025 WQ8,(2025 WQ8),2115-2115,1,7.392e-07,-7.26,-7.26,0,26.59,0.016,8.54,2025-12-13,2461022.5,NASA/JPL CNEOS Sentry Data API
bK25X01A,2025 XA1,(2025 XA1),2096-2096,1,1.458e-09,-11.46,-11.46,0,29.95,0.0035,9.02,2025-12-08,2461017.5,NASA/JPL CNEOS Sentry Data API
bK25V05F,2025 VF5,(2025 VF5),2106-2125,16,6.00664e-06,-6.54,-6.80,0,26.93,0.014,8.00605546528509,2025-11-25,2461004.5,NASA/JPL CNEOS Sentry Data API
bK25V03M,2025 VM3,(2025 VM3),2101-2110,4,8.4976351e-05,-5.19,-5.51,0,27.23,0.012,16.3500027666521,2025-11-16,2460995.5,NASA/JPL CNEOS Sentry Data API
bK25W03Z,2025 WZ3,(2025 WZ3),2106-2112,4,1.556576e-06,-6.78,-6.95,0,26.96,0.014,17.6669755668853,2025-11-29,2461008.5,NASA/JPL CNEOS Sentry Data API
bK21X00E,2021 XE,(2021 XE),2077-2081,2,2.874e-09,-10.62,-10.91,0,28.75,0.006,2.78,2021-12-04,2459552.5,NASA/JPL CNEOS Sentry Data API
bK25W05B,2025 WB5,(2025 WB5),2065-2073,4,2.22386e-06,-7.26,-7.42,0,28.27,0.0075,9.44307672245555,2025-12-02,2461011.5,NASA/JPL CNEOS Sentry Data API
bK25W10D,2025 WD10,(2025 WD10),2055-2122,32,0.000323807089,-4.46,-4.71,0,26.64,0.016,7.48461136658438,2025-12-15,2461024.5,NASA/JPL CNEOS Sentry Data API
bK25X02E,2025 XE2,(2025 XE2),2092-2123,15,8.3764413e-06,-5.77,-6.09,0,25.55,0.026,5.13512645232767,2026-01-06,2461046.5,NASA/JPL CNEOS Sentry Data API
bK25X03A,2025 XA3,(2025 XA3),2072-2124,16,0.0001884223024,-5.40,-5.44,0,27.68,0.0099,5.67053043398115,2025-12-19,2461028.5,NASA/JPL CNEOS Sentry Data API
bK26J03X,2026 JX3,(2026 JX3),2050-2084,14,0.00014169037,-6.29,-6.31,0,30.05,0.0033,5.7896536165443,2026-05-19,2461179.5,NASA/JPL CNEOS Sentry Data API
bK25Y04B,2025 YB4,(2025 YB4),2110-2122,35,0.0002985044415,-5.57,-5.85,0,28.93,0.00551,16.3698085281924,2025-12-23,2461032.5,NASA/JPL CNEOS Sentry Data API
bK26D08L,2026 DL8,(2026 DL8),2038-2125,163,6.7370814e-06,-4.86,-5.74,0,24.45,0.0436,11.3272552439399,2026-02-26,2461097.5,NASA/JPL CNEOS Sentry Data API
bK25S22M,2025 SM22,(2025 SM22),2109-2109,1,6.118e-08,-8.48,-8.48,0,27.30,0.012,14.02,2025-10-02,2460950.5,NASA/JPL CNEOS Sentry Data API
bK26A00U,2026 AU,(2026 AU),2097-2126,18,1.245422e-06,-7.67,-8.20,0,28.11,0.0081,11.0722546494281,2026-01-18,2461058.5,NASA/JPL CNEOS Sentry Data API
bK25W16K,2025 WK16,(2025 WK16),2089-2124,4,8.391396e-07,-7.70,-7.72,0,28.68,0.0062,20.6736535661051,2025-11-28,2461007.5,NASA/JPL CNEOS Sentry Data API
bK25X00K,2025 XK,(2025 XK),2072-2097,14,2.086011e-06,-6.50,-7.02,0,26.31,0.019,8.00562459641872,2026-01-18,2461058.5,NASA/JPL CNEOS Sentry Data API
bK26C03F,2026 CF3,(2026 CF3),2083-2095,7,8.222522e-05,-4.88,-4.91,0,26.24,0.019,7.38002163934618,2026-03-13,2461112.5,NASA/JPL CNEOS Sentry Data API
a0620100,620100,620100 (2016 WJ1),2124-2124,1,7.676e-06,-3.57,-3.57,0,21.35,0.18,14.85,2023-06-27,2460122.5,NASA/JPL CNEOS Sentry Data API
bK25X02F,2025 XF2,(2025 XF2),2081-2125,13,3.567673e-07,-8.75,-9.03,0,28.95,0.0055,6.72398442626328,2025-12-13,2461022.5,NASA/JPL CNEOS Sentry Data API
bK25X00N,2025 XN,(2025 XN),2058-2062,3,3.6374e-07,-8.04,-8.19,0,29.25,0.0048,22.4888255347226,2025-12-10,2461019.5,NASA/JPL CNEOS Sentry Data API
bK25X00Q,2025 XQ,(2025 XQ),2066-2091,13,6.64752054e-05,-6.21,-6.22,0,29.13,0.0051,7.45978920979761,2025-12-14,2461023.5,NASA/JPL CNEOS Sentry Data API
bK25W20M,2025 WM20,(2025 WM20),2053-2066,4,3.3704716e-06,-6.73,-6.75,0,29.02,0.0053,28.245485349884,2025-11-26,2461005.5,NASA/JPL CNEOS Sentry Data API
bK25X00M,2025 XM,(2025 XM),2067-2092,10,8.90714e-07,-6.33,-6.90,0,25.63,0.025,12.4272768026549,2025-12-09,2461018.5,NASA/JPL CNEOS Sentry Data API
bK25X01U,2025 XU1,(2025 XU1),2067-2067,1,2.761e-07,-6.73,-6.73,0,25.79,0.024,16.31,2025-12-23,2461032.5,NASA/JPL CNEOS Sentry Data API
bK25X06L,2025 XL6,(2025 XL6),2119-2122,2,4.14038e-08,-9.09,-9.09,0,27.75,0.0096,8.67014766760539,2025-12-19,2461028.5,NASA/JPL CNEOS Sentry Data API
bK26A05G,2026 AG5,(2026 AG5),2111-2111,1,5.813e-07,-7.94,-7.94,0,27.77,0.0095,7.35,2026-01-20,2461060.5,NASA/JPL CNEOS Sentry Data API
bK15M11N,2015 MN11,(2015 MN11),2081-2105,3,4.23257e-07,-5.93,-5.94,0,24.51,0.042,21.0674921619725,2015-06-24,2457197.5,NASA/JPL CNEOS Sentry Data API
bK17Y05O,2017 YO5,(2017 YO5),2084-2120,26,1.75404459e-05,-5.64,-6.06,0,26.10,0.02,7.33621869761019,2018-01-20,2458138.5,NASA/JPL CNEOS Sentry Data API
bK25Y04W,2025 YW4,(2025 YW4),2092-2118,3,7.91e-08,-7.67,-7.99,0,25.50,0.027,7.20458407079646,2025-12-28,2461037.5,NASA/JPL CNEOS Sentry Data API
bK25Y04X,2025 YX4,(2025 YX4),2090-2090,1,5.711e-08,-5.84,-5.84,0,22.66,0.099,26.54,2026-01-06,2461046.5,NASA/JPL CNEOS Sentry Data API
bK25Y08A,2025 YA8,(2025 YA8),2083-2099,3,1.42781e-06,-7.89,-8.18,0,28.86,0.0057,9.42084535057185,2026-01-12,2461052.5,NASA/JPL CNEOS Sentry Data API
bK25Y04K,2025 YK4,(2025 YK4),2070-2086,6,9.544477e-06,-5.49,-5.54,0,25.91,0.022,13.4797559845343,2026-01-18,2461058.5,NASA/JPL CNEOS Sentry Data API
bK26B06D,2026 BD6,(2026 BD6),2107-2125,2,1.79385e-06,-7.76,-7.76,0,28.95,0.0055,15.2195127797753,2026-01-20,2461060.5,NASA/JPL CNEOS Sentry Data API
bK26A01S,2026 AS1,(2026 AS1),2124-2124,1,5.124e-08,-8.37,-8.37,0,26.32,0.018,7.05,2026-01-18,2461058.5,NASA/JPL CNEOS Sentry Data API
bK21A06X,2021 AX6,(2021 AX6),2062-2120,11,9.856068e-06,-5.95,-5.99,0,26.87,0.014,7.13067056254076,2021-02-17,2459262.5,NASA/JPL CNEOS Sentry Data API
bK22A01P,2022 AP1,(2022 AP1),2059-2107,16,5.0935391e-05,-5.95,-6.08,0,28.37,0.0072,10.4773888772151,2022-01-09,2459588.5,NASA/JPL CNEOS Sentry Data API
bK26A00J,2026 AJ,(2026 AJ),2088-2124,62,5.1031259e-05,-5.64,-6.08,0,27.23,0.012,8.82582153479694,2026-01-12,2461052.5,NASA/JPL CNEOS Sentry Data API
bK26A02Z,2026 AZ2,(2026 AZ2),2043-2043,1,9.571e-09,-8.40,-8.40,0,27.15,0.013,17.98,2026-01-14,2461054.5,NASA/JPL CNEOS Sentry Data API
bK26E02M,2026 EM2,(2026 EM2),2086-2126,34,7.172033e-06,-7.38,-7.83,0,28.78,0.00594,5.18305665910907,2026-03-22,2461121.5,NASA/JPL CNEOS Sentry Data API
bK21O00V,2021 OV,(2021 OV),2029-2122,124,3.36993079e-05,-4.84,-4.91,0,27.72,0.00968,13.8453677788142,2021-07-19,2459414.5,NASA/JPL CNEOS Sentry Data API
bK26D00Q,2026 DQ,(2026 DQ),2039-2125,57,7.1735012e-06,-5.67,-6.03,0,26.60,0.016,13.7795128207409,2026-02-24,2461095.5,NASA/JPL CNEOS Sentry Data API
bK26B06B,2026 BB6,(2026 BB6),2115-2119,3,4.866471e-07,-6.86,-7.03,0,26.11,0.02,20.1866208141382,2026-02-05,2461076.5,NASA/JPL CNEOS Sentry Data API
bK26A04E,2026 AE4,(2026 AE4),2084-2117,11,0.00084702078,-5.41,-5.41,0,29.28,0.0047,7.97963527671659,2026-01-16,2461056.5,NASA/JPL CNEOS Sentry Data API
bK25L00K,2025 LK,(2025 LK),2052-2069,5,0.000124788726,-4.65,-4.81,0,26.93,0.014,9.85359881276454,2025-12-17,2461026.5,NASA/JPL CNEOS Sentry Data API
bK26B07S,2026 BS7,(2026 BS7),2043-2124,23,6.3224292e-06,-5.93,-6.49,0,26.55,0.0168,10.589919804875,2026-01-31,2461071.5,NASA/JPL CNEOS Sentry Data API
bK26C00E,2026 CE,(2026 CE),2063-2117,26,7.8402131e-06,-7.12,-7.57,0,28.60,0.0065,7.1839728728802,2026-02-15,2461086.5,NASA/JPL CNEOS Sentry Data API
bK26C02P,2026 CP2,(2026 CP2),2040-2040,1,4.573e-09,-10.22,-10.22,0,30.07,0.0033,12.05,2026-02-14,2461085.5,NASA/JPL CNEOS Sentry Data API
bK26B05Z,2026 BZ5,(2026 BZ5),2094-2124,3,7.86882e-07,-9.89,-9.90,0,32.07,0.0013,2.39093094009013,2026-01-20,2461060.5,NASA/JPL CNEOS Sentry Data API
bK26C01S,2026 CS1,(2026 CS1),2043-2086,5,2.14745e-07,-9.39,-9.50,0,31.23,0.0019,10.5883431511793,2026-02-07,2461078.5,NASA/JPL CNEOS Sentry Data API
bK25MM9N,2025 MN229,(2025 MN229),2057-2083,3,1.8636e-08,-4.02,-4.27,0,17.68,0.989,14.6866816913501,2025-07-14,2460870.5,NASA/JPL CNEOS Sentry Data API
bK26D01D,2026 DD1,(2026 DD1),2070-2125,56,8.31276898e-05,-5.72,-5.92,0,27.87,0.009,7.60422131947663,2026-02-24,2461095.5,NASA/JPL CNEOS Sentry Data API
bK26D07B,2026 DB7,(2026 DB7),2109-2109,1,6.183e-09,-8.80,-8.80,0,26.22,0.019,19.54,2026-02-28,2461099.5,NASA/JPL CNEOS Sentry Data API
bK26L00W,2026 LW,(2026 LW),2063-2125,27,0.0001139511661,-4.39,-4.76,0,25.51,0.027,10.5935259769316,2026-06-09,2461200.5,NASA/JPL CNEOS Sentry Data API
bK26F00H,2026 FH,(2026 FH),2114-2114,1,1.026e-09,-10.84,-10.84,0,28.29,0.0075,11.16,2026-03-20,2461119.5,NASA/JPL CNEOS Sentry Data API
bK26D05T,2026 DT5,(2026 DT5),2125-2125,1,2.363e-08,-9.70,-9.70,0,28.55,0.0066,9.64,2026-02-24,2461095.5,NASA/JPL CNEOS Sentry Data API
bK26D05N,2026 DN5,(2026 DN5),2058-2123,18,1.663881e-05,-7.76,-8.35,0,30.91,0.0022,7.38417084515059,2026-02-23,2461094.5,NASA/JPL CNEOS Sentry Data API
bK26D06D,2026 DD6,(2026 DD6),2084-2084,2,2.4813e-08,-9.31,-9.35,0,28.68,0.0062,16.03,2026-02-25,2461096.5,NASA/JPL CNEOS Sentry Data API
bK26D20J,2026 DJ20,(2026 DJ20),2112-2118,3,4.8249e-08,-7.51,-7.84,0,24.91,0.035,11.9955238450538,2026-02-27,2461098.5,NASA/JPL CNEOS Sentry Data API
bK26F04K,2026 FK4,(2026 FK4),2028-2126,116,5.03725677e-05,-5.58,-6.25,0,27.54,0.0106,10.1064242835689,2026-03-24,2461123.5,NASA/JPL CNEOS Sentry Data API
bK26D08M,2026 DM8,(2026 DM8),2073-2118,20,1.13683181e-05,-5.06,-5.13,0,25.09,0.033,14.2440677276615,2026-02-28,2461099.5,NASA/JPL CNEOS Sentry Data API
bK26E01J,2026 EJ1,(2026 EJ1),2095-2125,6,2.76644e-07,-8.20,-8.55,0,27.73,0.0096,10.1623928225445,2026-03-10,2461109.5,NASA/JPL CNEOS Sentry Data API
bK26D11C,2026 DC11,(2026 DC11),2109-2109,1,2.188e-08,-8.76,-8.76,0,26.62,0.016,8.83,2026-02-28,2461099.5,NASA/JPL CNEOS Sentry Data API
bK26D05J,2026 DJ5,(2026 DJ5),2092-2095,2,3.511e-08,-7.63,-7.73,0,25.70,0.024,22.2044688123042,2026-02-27,2461098.5,NASA/JPL CNEOS Sentry Data API
bK26D11P,2026 DP11,(2026 DP11),2106-2106,1,1.679e-07,-6.97,-6.97,0,25.09,0.033,13.74,2026-03-13,2461112.5,NASA/JPL CNEOS Sentry Data API
bK26E01Q,2026 EQ1,(2026 EQ1),2070-2072,2,1.0184e-07,-7.86,-8.05,0,27.64,0.01,25.1857659073056,2026-03-09,2461108.5,NASA/JPL CNEOS Sentry Data API
bK26D14L,2026 DL14,(2026 DL14),2063-2103,26,0.0010741146759,-5.10,-5.10,0,29.30,0.0047,5.3801200714783,2026-02-28,2461099.5,NASA/JPL CNEOS Sentry Data API
bK26E02Q,2026 EQ2,(2026 EQ2),2097-2124,8,7.81662e-07,-7.93,-8.16,0,27.92,0.0088,5.02874023554938,2026-03-25,2461124.5,NASA/JPL CNEOS Sentry Data API
bK26D06X,2026 DX6,(2026 DX6),2076-2125,15,6.770869e-06,-7.09,-7.53,0,28.38,0.0071,6.56233254845132,2026-02-28,2461099.5,NASA/JPL CNEOS Sentry Data API
bK26L00P,2026 LP,(2026 LP),2067-2083,3,2.00932e-06,-4.79,-4.81,0,23.12,0.08,9.97718113590667,2026-06-09,2461200.5,NASA/JPL CNEOS Sentry Data API
bK26F05B,2026 FB5,(2026 FB5),2109-2109,1,3.209e-08,-9.54,-9.54,0,28.68,0.0062,10.10,2026-03-25,2461124.5,NASA/JPL CNEOS Sentry Data API
bK26D15N,2026 DN15,(2026 DN15),2094-2094,1,1.665e-07,-7.04,-7.04,0,25.00,0.034,7.94,2026-03-02,2461101.5,NASA/JPL CNEOS Sentry Data API
bK26E00U,2026 EU,(2026 EU),2108-2120,10,5.0678908e-06,-6.54,-6.85,0,27.31,0.012,15.4289026046102,2026-03-13,2461112.5,NASA/JPL CNEOS Sentry Data API
bK26F04B,2026 FB4,(2026 FB4),2087-2125,13,2.49933656e-05,-6.20,-6.22,0,27.90,0.0089,10.3387867285069,2026-03-25,2461124.5,NASA/JPL CNEOS Sentry Data API
bK26E03L,2026 EL3,(2026 EL3),2087-2120,7,2.680358e-07,-8.15,-8.31,0,27.84,0.00919,12.9690966430604,2026-03-22,2461121.5,NASA/JPL CNEOS Sentry Data API
bK26F01C,2026 FC1,(2026 FC1),2066-2103,3,2.0736e-07,-8.29,-8.71,0,28.01,0.0085,9.14200231481482,2026-03-22,2461121.5,NASA/JPL CNEOS Sentry Data API
bK25X03Z,2025 XZ3,(2025 XZ3),2084-2117,7,1.3078e-06,-8.07,-8.48,0,28.85,0.0058,8.56302737421624,2025-12-18,2461027.5,NASA/JPL CNEOS Sentry Data API
bK26F02F,2026 FF2,(2026 FF2),2032-2085,7,7.49545e-07,-4.69,-4.92,0,23.90,0.056,23.0275176273606,2026-03-28,2461127.5,NASA/JPL CNEOS Sentry Data API
bK26D07D,2026 DD7,(2026 DD7),2053-2056,2,1.36265e-08,-8.92,-8.93,0,27.77,0.0095,12.1305966315635,2026-02-28,2461099.5,NASA/JPL CNEOS Sentry Data API
bK26E03O,2026 EO3,(2026 EO3),2049-2116,4,3.3472e-06,-6.16,-6.20,0,26.88,0.014,10.8851407146272,2026-03-20,2461119.5,NASA/JPL CNEOS Sentry Data API
bK26H00L,2026 HL,(2026 HL),2096-2126,33,2.23781288e-05,-6.67,-7.14,0,28.33,0.0073,4.0760859252897,2026-05-12,2461172.5,NASA/JPL CNEOS Sentry Data API
bK26E02R,2026 ER2,(2026 ER2),2073-2091,4,1.92094e-06,-6.82,-6.94,0,26.85,0.014,8.0419533145231,2026-03-17,2461116.5,NASA/JPL CNEOS Sentry Data API
bK26F00U,2026 FU,(2026 FU),2082-2125,34,5.754049e-05,-5.89,-6.12,0,27.65,0.01,4.15696029004967,2026-03-22,2461121.5,NASA/JPL CNEOS Sentry Data API
bK26F03U,2026 FU3,(2026 FU3),2108-2116,3,1.5065e-06,-7.40,-7.68,0,27.85,0.0091,12.8834390972453,2026-03-23,2461122.5,NASA/JPL CNEOS Sentry Data API
bK26F04Z,2026 FZ4,(2026 FZ4),2074-2095,18,1.62851136e-05,-7.23,-7.33,0,30.03,0.00338,13.6987280664717,2026-03-25,2461124.5,NASA/JPL CNEOS Sentry Data API
bK26G00D,2026 GD,(2026 GD),2087-2126,27,1.08406945e-05,-5.99,-6.44,0,26.62,0.016,12.4665995218295,2026-04-09,2461139.5,NASA/JPL CNEOS Sentry Data API
bK26G01R,2026 GR1,(2026 GR1),2092-2126,51,3.76378853e-05,-6.13,-6.75,0,27.77,0.0095,6.50550757071891,2026-04-11,2461141.5,NASA/JPL CNEOS Sentry Data API
bK26D19M,2026 DM19,(2026 DM19),2080-2080,1,1.320e-10,-9.03,-9.03,0,23.93,0.056,25.73,2026-02-25,2461096.5,NASA/JPL CNEOS Sentry Data API
bK26F08P,2026 FP8,(2026 FP8),2118-2125,6,5.12228e-06,-6.28,-6.37,0,26.99,0.014,21.0107787157282,2026-03-29,2461128.5,NASA/JPL CNEOS Sentry Data API
bK26F13R,2026 FR13,(2026 FR13),2106-2106,1,9.066e-08,-8.41,-8.41,0,26.95,0.014,4.11,2026-03-28,2461127.5,NASA/JPL CNEOS Sentry Data API
bK26F04L,2026 FL4,(2026 FL4),2089-2089,1,1.259e-07,-7.74,-7.74,0,26.98,0.014,19.43,2026-03-26,2461125.5,NASA/JPL CNEOS Sentry Data API
bK26F03M,2026 FM3,(2026 FM3),2113-2116,5,0.00011772503,-6.45,-6.46,0,29.33,0.0046,5.10982191127919,2026-03-24,2461123.5,NASA/JPL CNEOS Sentry Data API
bK26F05W,2026 FW5,(2026 FW5),2104-2112,2,7.97394e-08,-8.29,-8.29,0,27.26,0.012,16.2308458052105,2026-03-26,2461125.5,NASA/JPL CNEOS Sentry Data API
bK26G00K,2026 GK,(2026 GK),2035-2035,1,4.756e-10,-9.32,-9.32,0,26.82,0.015,18.03,2026-04-16,2461146.5,NASA/JPL CNEOS Sentry Data API
bK26J01Q,2026 JQ1,(2026 JQ1),2085-2126,59,4.37024292e-05,-7.31,-7.67,0,30.08,0.0033,2.11439602895118,2026-05-23,2461183.5,NASA/JPL CNEOS Sentry Data API
bK26G00Q,2026 GQ,(2026 GQ),2117-2117,1,1.221e-07,-7.99,-7.99,0,27.06,0.013,17.79,2026-04-16,2461146.5,NASA/JPL CNEOS Sentry Data API
bK26G00R,2026 GR,(2026 GR),2116-2126,21,4.528641e-06,-6.70,-7.44,0,27.39,0.011,14.5534267719609,2026-04-16,2461146.5,NASA/JPL CNEOS Sentry Data API
bK26G00Y,2026 GY,(2026 GY),2122-2124,2,2.1895e-06,-7.78,-7.84,0,28.39,0.0071,4.98541676181777,2026-04-10,2461140.5,NASA/JPL CNEOS Sentry Data API
bK26G18N,2026 GN18,(2026 GN18),2054-2118,7,1.38706e-08,-4.37,-4.73,0,18.33,0.733,14.2144326128646,2026-04-12,2461142.5,NASA/JPL CNEOS Sentry Data API
bK26H00J,2026 HJ,(2026 HJ),2071-2125,12,4.087469e-06,-8.26,-8.62,0,30.18,0.0031,5.90737146874998,2026-04-19,2461149.5,NASA/JPL CNEOS Sentry Data API
bK26F03F,2026 FF3,(2026 FF3),2033-2033,1,4.065e-10,-8.85,-8.85,0,26.14,0.02,20.17,2026-04-18,2461148.5,NASA/JPL CNEOS Sentry Data API
bK26G02T,2026 GT2,(2026 GT2),2118-2118,1,1.221e-10,-9.89,-9.89,0,25.30,0.029,28.80,2026-04-17,2461147.5,NASA/JPL CNEOS Sentry Data API
bK26G00P,2026 GP,(2026 GP),2057-2103,3,6.9935e-07,-6.99,-7.30,0,27.00,0.013,11.0349374419103,2026-04-17,2461147.5,NASA/JPL CNEOS Sentry Data API
bK26G00X,2026 GX,(2026 GX),2076-2126,109,0.0001510893758,-5.90,-6.61,0,28.52,0.0067,7.59770578333411,2026-04-16,2461146.5,NASA/JPL CNEOS Sentry Data API
bK26H00U,2026 HU,(2026 HU),2070-2125,80,5.97345549e-05,-7.11,-7.58,0,30.18,0.0031,4.08880398074248,2026-04-20,2461150.5,NASA/JPL CNEOS Sentry Data API
bK26H01H,2026 HH1,(2026 HH1),2064-2088,3,5.9274e-08,-8.44,-8.56,0,28.09,0.00813,19.0383621824071,2026-04-19,2461149.5,NASA/JPL CNEOS Sentry Data API
bK26H01J,2026 HJ1,(2026 HJ1),2109-2126,5,9.179045e-06,-7.01,-7.12,0,28.47,0.00688,10.4239221509427,2026-04-20,2461150.5,NASA/JPL CNEOS Sentry Data API
bK26H05R,2026 HR5,(2026 HR5),2082-2119,5,0.000241334949,-5.41,-5.41,0,28.30,0.0074,6.75037394745508,2026-04-28,2461158.5,NASA/JPL CNEOS Sentry Data API
bK26J00A,2026 JA,(2026 JA),2119-2124,2,6.27e-07,-7.30,-7.57,0,26.67,0.016,11.71,2026-05-14,2461174.5,NASA/JPL CNEOS Sentry Data API
bK26H01K,2026 HK1,(2026 HK1),2062-2125,40,9.628251e-06,-7.38,-8.00,0,29.67,0.0039,11.8748596728523,2026-04-19,2461149.5,NASA/JPL CNEOS Sentry Data API
bK25K00R,2025 KR,(2025 KR),2081-2081,1,3.411e-08,-7.22,-7.22,0,24.58,0.041,14.75,2025-05-28,2460823.5,NASA/JPL CNEOS Sentry Data API
bK26H01X,2026 HX1,(2026 HX1),2087-2123,2,6.92663e-06,-7.20,-7.20,0,29.05,0.0053,11.7192690529161,2026-04-20,2461150.5,NASA/JPL CNEOS Sentry Data API
bK26H02D,2026 HD2,(2026 HD2),2089-2089,2,4.9323e-08,-7.27,-7.30,0,24.57,0.041,10.1292309875717,2026-05-10,2461170.5,NASA/JPL CNEOS Sentry Data API
bK10U07Y,2010 UY7,(2010 UY7),2066-2125,124,0.0002922698939,-5.60,-6.05,0,28.52,0.0067,3.879817022796,2010-11-06,2455506.5,NASA/JPL CNEOS Sentry Data API
bK26H04H,2026 HH4,(2026 HH4),2089-2123,6,3.0084206e-05,-5.72,-5.99,0,27.13,0.013,14.9701135020815,2026-04-25,2461155.5,NASA/JPL CNEOS Sentry Data API
bK26H06M,2026 HM6,(2026 HM6),2072-2079,5,1.6403654e-06,-6.62,-6.91,0,27.08,0.013,18.3100733970614,2026-05-01,2461161.5,NASA/JPL CNEOS Sentry Data API
bK26H01E,2026 HE1,(2026 HE1),2106-2126,32,7.1975703e-05,-6.15,-6.83,0,28.19,0.0078,4.77108751851997,2026-05-12,2461172.5,NASA/JPL CNEOS Sentry Data API
bK26H02M,2026 HM2,(2026 HM2),2055-2055,1,6.612e-07,-7.44,-7.44,0,28.05,0.0083,10.78,2026-04-23,2461153.5,NASA/JPL CNEOS Sentry Data API
bK26H02R,2026 HR2,(2026 HR2),2070-2070,1,4.981e-07,-7.58,-7.58,0,27.74,0.0096,11.49,2026-04-23,2461153.5,NASA/JPL CNEOS Sentry Data API
bK26H02U,2026 HU2,(2026 HU2),2098-2122,6,1.839154e-07,-6.26,-6.57,0,24.10,0.051,20.4011474623659,2026-04-22,2461152.5,NASA/JPL CNEOS Sentry Data API
bK26H02F,2026 HF2,(2026 HF2),2098-2124,26,0.000611296535,-4.47,-4.50,0,27.65,0.01,17.9093509955688,2026-04-21,2461151.5,NASA/JPL CNEOS Sentry Data API
bK26J01D,2026 JD1,(2026 JD1),2080-2122,10,3.790809e-07,-7.74,-8.18,0,27.30,0.012,13.7630191339105,2026-05-10,2461170.5,NASA/JPL CNEOS Sentry Data API
bK26J02K,2026 JK2,(2026 JK2),2095-2105,3,1.5583e-06,-6.04,-6.16,0,25.70,0.025,20.5,2026-05-15,2461175.5,NASA/JPL CNEOS Sentry Data API
bK26J02W,2026 JW2,(2026 JW2),2123-2125,3,1.31931e-05,-7.30,-7.33,0,29.15,0.005,7.59016758760261,2026-05-15,2461175.5,NASA/JPL CNEOS Sentry Data API
bK26J02B,2026 JB2,(2026 JB2),2054-2087,3,1.034586e-06,-6.67,-6.89,0,26.63,0.016,15.022685190018,2026-05-02,2461162.5,NASA/JPL CNEOS Sentry Data API
bK26K00C,2026 KC,(2026 KC),2122-2122,1,8.680e-10,-10.53,-10.53,0,27.22,0.012,8.19,2026-05-20,2461180.5,NASA/JPL CNEOS Sentry Data API
bK24J16N,2024 JN16,(2024 JN16),2086-2120,11,4.05405e-06,-7.94,-8.13,0,29.59,0.0041,7.18079532812866,2024-05-14,2460444.5,NASA/JPL CNEOS Sentry Data API
bK26K00A,2026 KA,(2026 KA),2124-2124,2,8.213e-06,-5.90,-6.07,0,26.32,0.018,15.5064190916839,2026-05-17,2461177.5,NASA/JPL CNEOS Sentry Data API
bK26K00Q,2026 KQ,(2026 KQ),2088-2125,19,5.54263e-06,-8.46,-9.18,0,30.80,0.0023,5.53900953157617,2026-05-23,2461183.5,NASA/JPL CNEOS Sentry Data API
bK26K01C,2026 KC1,(2026 KC1),2063-2122,28,0.0002144973159,-4.93,-5.25,0,27.89,0.0089,20.43497178226,2026-05-22,2461182.5,NASA/JPL CNEOS Sentry Data API
bK26K01F,2026 KF1,(2026 KF1),2082-2126,6,1.78455e-06,-7.72,-7.96,0,29.07,0.0052,16.9312298338517,2026-05-22,2461182.5,NASA/JPL CNEOS Sentry Data API
bK26K01O,2026 KO1,(2026 KO1),2086-2123,26,9.7876165e-06,-6.76,-7.38,0,27.71,0.0097,3.21052643000469,2026-06-03,2461194.5,NASA/JPL CNEOS Sentry Data API
bK26K01W,2026 KW1,(2026 KW1),2079-2125,9,6.1818004e-05,-6.23,-6.28,0,29.01,0.0053,9.74098148397027,2026-05-25,2461185.5,NASA/JPL CNEOS Sentry Data API
