rank,candidate_type,candidate_id,candidate_name,primary_date_or_window,score,confidence_level,plain_english_summary,supporting_evidence,limitations,next_check,source_report
1,high_energy_fireball_window,HEF_0011,HEF_0011,2013-02-07 to 2013-02-21,100.0,high relative priority,HEF_0011 groups high-energy fireballs into a short time window.,Pattern source: high_energy_fireball_windows.csv. Reason: 3 high-energy fireballs; total energy 441.31 kt. Score: 100.0.,A high-energy window can be dominated by one large bolide and does not automatically prove a debris stream.,"Check whether the dates line up with known meteor showers, Taurid activity, Perseids, Geminids, Leonids, or sporadic fireball seasonality.",high_energy_fireball_windows.csv
2,high_energy_fireball_window,HEF_0097,HEF_0097,2018-12-18 to 2019-01-01,100.0,high relative priority,HEF_0097 groups high-energy fireballs into a short time window.,Pattern source: high_energy_fireball_windows.csv. Reason: 2 high-energy fireballs; total energy 49.28 kt. Score: 100.0.,A high-energy window can be dominated by one large bolide and does not automatically prove a debris stream.,"Check whether the dates line up with known meteor showers, Taurid activity, Perseids, Geminids, Leonids, or sporadic fireball seasonality.",high_energy_fireball_windows.csv
3,high_energy_fireball_window,HEF_0055,HEF_0055,2016-02-06 to 2016-02-20,100.0,high relative priority,HEF_0055 groups high-energy fireballs into a short time window.,Pattern source: high_energy_fireball_windows.csv. Reason: 3 high-energy fireballs; total energy 13.73 kt. Score: 100.0.,A high-energy window can be dominated by one large bolide and does not automatically prove a debris stream.,"Check whether the dates line up with known meteor showers, Taurid activity, Perseids, Geminids, Leonids, or sporadic fireball seasonality.",high_energy_fireball_windows.csv
4,high_energy_fireball_window,HEF_0125,HEF_0125,2020-12-22 to 2021-01-05,100.0,high relative priority,HEF_0125 groups high-energy fireballs into a short time window.,Pattern source: high_energy_fireball_windows.csv. Reason: 3 high-energy fireballs; total energy 12.4 kt. Score: 100.0.,A high-energy window can be dominated by one large bolide and does not automatically prove a debris stream.,"Check whether the dates line up with known meteor showers, Taurid activity, Perseids, Geminids, Leonids, or sporadic fireball seasonality.",high_energy_fireball_windows.csv
5,high_energy_fireball_window,HEF_0013,HEF_0013,2013-04-21 to 2013-05-05,100.0,high relative priority,HEF_0013 groups high-energy fireballs into a short time window.,Pattern source: high_energy_fireball_windows.csv. Reason: 2 high-energy fireballs; total energy 12.3 kt. Score: 100.0.,A high-energy window can be dominated by one large bolide and does not automatically prove a debris stream.,"Check whether the dates line up with known meteor showers, Taurid activity, Perseids, Geminids, Leonids, or sporadic fireball seasonality.",high_energy_fireball_windows.csv
6,high_energy_fireball_window,HEF_0081,HEF_0081,2017-12-15 to 2017-12-29,100.0,high relative priority,HEF_0081 groups high-energy fireballs into a short time window.,Pattern source: high_energy_fireball_windows.csv. Reason: 3 high-energy fireballs; total energy 8.56 kt. Score: 100.0.,A high-energy window can be dominated by one large bolide and does not automatically prove a debris stream.,"Check whether the dates line up with known meteor showers, Taurid activity, Perseids, Geminids, Leonids, or sporadic fireball seasonality.",high_energy_fireball_windows.csv
7,high_energy_fireball_window,HEF_0140,HEF_0140,2022-01-28 to 2022-02-11,100.0,high relative priority,HEF_0140 groups high-energy fireballs into a short time window.,Pattern source: high_energy_fireball_windows.csv. Reason: 4 high-energy fireballs; total energy 8.52 kt. Score: 100.0.,A high-energy window can be dominated by one large bolide and does not automatically prove a debris stream.,"Check whether the dates line up with known meteor showers, Taurid activity, Perseids, Geminids, Leonids, or sporadic fireball seasonality.",high_energy_fireball_windows.csv
8,high_energy_fireball_window,HEF_0093,HEF_0093,2018-09-13 to 2018-09-27,100.0,high relative priority,HEF_0093 groups high-energy fireballs into a short time window.,Pattern source: high_energy_fireball_windows.csv. Reason: 5 high-energy fireballs; total energy 2.81 kt. Score: 100.0.,A high-energy window can be dominated by one large bolide and does not automatically prove a debris stream.,"Check whether the dates line up with known meteor showers, Taurid activity, Perseids, Geminids, Leonids, or sporadic fireball seasonality.",high_energy_fireball_windows.csv
9,high_energy_fireball_window,HEF_0036,HEF_0036,2014-11-26 to 2014-12-10,100.0,high relative priority,HEF_0036 groups high-energy fireballs into a short time window.,Pattern source: high_energy_fireball_windows.csv. Reason: 5 high-energy fireballs; total energy 2.79 kt. Score: 100.0.,A high-energy window can be dominated by one large bolide and does not automatically prove a debris stream.,"Check whether the dates line up with known meteor showers, Taurid activity, Perseids, Geminids, Leonids, or sporadic fireball seasonality.",high_energy_fireball_windows.csv
10,high_energy_fireball_window,HEF_0148,HEF_0148,2022-07-20 to 2022-08-03,100.0,high relative priority,HEF_0148 groups high-energy fireballs into a short time window.,Pattern source: high_energy_fireball_windows.csv. Reason: 5 high-energy fireballs; total energy 2.62 kt. Score: 100.0.,A high-energy window can be dominated by one large bolide and does not automatically prove a debris stream.,"Check whether the dates line up with known meteor showers, Taurid activity, Perseids, Geminids, Leonids, or sporadic fireball seasonality.",high_energy_fireball_windows.csv
11,high_energy_fireball_window,HEF_0122,HEF_0122,2020-10-18 to 2020-11-01,100.0,high relative priority,HEF_0122 groups high-energy fireballs into a short time window.,Pattern source: high_energy_fireball_windows.csv. Reason: 6 high-energy fireballs; total energy 1.89 kt. Score: 100.0.,A high-energy window can be dominated by one large bolide and does not automatically prove a debris stream.,"Check whether the dates line up with known meteor showers, Taurid activity, Perseids, Geminids, Leonids, or sporadic fireball seasonality.",high_energy_fireball_windows.csv
12,high_energy_fireball_window,HEF_0126,HEF_0126,2021-01-24 to 2021-02-07,100.0,high relative priority,HEF_0126 groups high-energy fireballs into a short time window.,Pattern source: high_energy_fireball_windows.csv. Reason: 5 high-energy fireballs; total energy 1.53 kt. Score: 100.0.,A high-energy window can be dominated by one large bolide and does not automatically prove a debris stream.,"Check whether the dates line up with known meteor showers, Taurid activity, Perseids, Geminids, Leonids, or sporadic fireball seasonality.",high_energy_fireball_windows.csv
13,close_approach_window,CAW_0072,CAW_0072,2004-03-07 to 2004-03-21,100.0,high relative priority,CAW_0072 groups multiple close approaches into a short time window.,Pattern source: close_approach_windows.csv. Reason: 9 close approaches; closest distance 0.000328210504 au. Score: 100.0.,Close-approach clustering can occur because the query covers known catalog objects and detection timing is not uniform.,"Check whether grouped objects share orbital elements, parent families, meteor streams, or discovery/observational bias.",close_approach_windows.csv
14,close_approach_window,CAW_0073,CAW_0073,2004-03-22 to 2004-04-05,100.0,high relative priority,CAW_0073 groups multiple close approaches into a short time window.,Pattern source: close_approach_windows.csv. Reason: 8 close approaches; closest distance 8.6318969e-05 au. Score: 100.0.,Close-approach clustering can occur because the query covers known catalog objects and detection timing is not uniform.,"Check whether grouped objects share orbital elements, parent families, meteor streams, or discovery/observational bias.",close_approach_windows.csv
15,close_approach_window,CAW_0031,CAW_0031,2001-11-08 to 2001-11-22,100.0,high relative priority,CAW_0031 groups multiple close approaches into a short time window.,Pattern source: close_approach_windows.csv. Reason: 8 close approaches; closest distance 0.000803236221 au. Score: 100.0.,Close-approach clustering can occur because the query covers known catalog objects and detection timing is not uniform.,"Check whether grouped objects share orbital elements, parent families, meteor streams, or discovery/observational bias.",close_approach_windows.csv
16,close_approach_window,CAW_0089,CAW_0089,2004-12-12 to 2004-12-26,100.0,high relative priority,CAW_0089 groups multiple close approaches into a short time window.,Pattern source: close_approach_windows.csv. Reason: 7 close approaches; closest distance 0.000226525127 au. Score: 100.0.,Close-approach clustering can occur because the query covers known catalog objects and detection timing is not uniform.,"Check whether grouped objects share orbital elements, parent families, meteor streams, or discovery/observational bias.",close_approach_windows.csv
17,close_approach_window,CAW_0074,CAW_0074,2004-04-07 to 2004-04-21,100.0,high relative priority,CAW_0074 groups multiple close approaches into a short time window.,Pattern source: close_approach_windows.csv. Reason: 7 close approaches; closest distance 0.000891153407 au. Score: 100.0.,Close-approach clustering can occur because the query covers known catalog objects and detection timing is not uniform.,"Check whether grouped objects share orbital elements, parent families, meteor streams, or discovery/observational bias.",close_approach_windows.csv
18,close_approach_window,CAW_0083,CAW_0083,2004-09-13 to 2004-09-27,100.0,high relative priority,CAW_0083 groups multiple close approaches into a short time window.,Pattern source: close_approach_windows.csv. Reason: 7 close approaches; closest distance 0.001718378155 au. Score: 100.0.,Close-approach clustering can occur because the query covers known catalog objects and detection timing is not uniform.,"Check whether grouped objects share orbital elements, parent families, meteor streams, or discovery/observational bias.",close_approach_windows.csv
19,close_approach_window,CAW_0055,CAW_0055,2003-04-24 to 2003-05-08,100.0,high relative priority,CAW_0055 groups multiple close approaches into a short time window.,Pattern source: close_approach_windows.csv. Reason: 7 close approaches; closest distance 0.002206299862 au. Score: 100.0.,Close-approach clustering can occur because the query covers known catalog objects and detection timing is not uniform.,"Check whether grouped objects share orbital elements, parent families, meteor streams, or discovery/observational bias.",close_approach_windows.csv
20,close_approach_window,CAW_0067,CAW_0067,2003-11-30 to 2003-12-14,100.0,high relative priority,CAW_0067 groups multiple close approaches into a short time window.,Pattern source: close_approach_windows.csv. Reason: 6 close approaches; closest distance 0.000990617055 au. Score: 100.0.,Close-approach clustering can occur because the query covers known catalog objects and detection timing is not uniform.,"Check whether grouped objects share orbital elements, parent families, meteor streams, or discovery/observational bias.",close_approach_windows.csv
21,close_approach_window,CAW_0052,CAW_0052,2003-03-01 to 2003-03-15,100.0,high relative priority,CAW_0052 groups multiple close approaches into a short time window.,Pattern source: close_approach_windows.csv. Reason: 6 close approaches; closest distance 0.003622675311 au. Score: 100.0.,Close-approach clustering can occur because the query covers known catalog objects and detection timing is not uniform.,"Check whether grouped objects share orbital elements, parent families, meteor streams, or discovery/observational bias.",close_approach_windows.csv
22,close_approach_window,CAW_0014,CAW_0014,2000-10-15 to 2000-10-29,100.0,high relative priority,CAW_0014 groups multiple close approaches into a short time window.,Pattern source: close_approach_windows.csv. Reason: 6 close approaches; closest distance 0.004723443992 au. Score: 100.0.,Close-approach clustering can occur because the query covers known catalog objects and detection timing is not uniform.,"Check whether grouped objects share orbital elements, parent families, meteor streams, or discovery/observational bias.",close_approach_windows.csv
23,close_approach_window,CAW_0086,CAW_0086,2004-10-28 to 2004-11-11,100.0,high relative priority,CAW_0086 groups multiple close approaches into a short time window.,Pattern source: close_approach_windows.csv. Reason: 6 close approaches; closest distance 0.005198443955 au. Score: 100.0.,Close-approach clustering can occur because the query covers known catalog objects and detection timing is not uniform.,"Check whether grouped objects share orbital elements, parent families, meteor streams, or discovery/observational bias.",close_approach_windows.csv
24,close_approach_window,CAW_0088,CAW_0088,2004-11-27 to 2004-12-11,100.0,high relative priority,CAW_0088 groups multiple close approaches into a short time window.,Pattern source: close_approach_windows.csv. Reason: 6 close approaches; closest distance 0.006223646646 au. Score: 100.0.,Close-approach clustering can occur because the query covers known catalog objects and detection timing is not uniform.,"Check whether grouped objects share orbital elements, parent families, meteor streams, or discovery/observational bias.",close_approach_windows.csv
25,close_approach_window,CAW_0029,CAW_0029,2001-09-26 to 2001-10-10,100.0,high relative priority,CAW_0029 groups multiple close approaches into a short time window.,Pattern source: close_approach_windows.csv. Reason: 6 close approaches; closest distance 0.006432484629 au. Score: 100.0.,Close-approach clustering can occur because the query covers known catalog objects and detection timing is not uniform.,"Check whether grouped objects share orbital elements, parent families, meteor streams, or discovery/observational bias.",close_approach_windows.csv
26,close_approach_window,CAW_0076,CAW_0076,2004-05-09 to 2004-05-23,100.0,high relative priority,CAW_0076 groups multiple close approaches into a short time window.,Pattern source: close_approach_windows.csv. Reason: 6 close approaches; closest distance 0.007765382138 au. Score: 100.0.,Close-approach clustering can occur because the query covers known catalog objects and detection timing is not uniform.,"Check whether grouped objects share orbital elements, parent families, meteor streams, or discovery/observational bias.",close_approach_windows.csv
27,close_approach_window,CAW_0062,CAW_0062,2003-09-10 to 2003-09-24,100.0,high relative priority,CAW_0062 groups multiple close approaches into a short time window.,Pattern source: close_approach_windows.csv. Reason: 5 close approaches; closest distance 0.001082097629 au. Score: 100.0.,Close-approach clustering can occur because the query covers known catalog objects and detection timing is not uniform.,"Check whether grouped objects share orbital elements, parent families, meteor streams, or discovery/observational bias.",close_approach_windows.csv
28,close_approach_window,CAW_0071,CAW_0071,2004-02-17 to 2004-03-02,100.0,high relative priority,CAW_0071 groups multiple close approaches into a short time window.,Pattern source: close_approach_windows.csv. Reason: 5 close approaches; closest distance 0.002824980321 au. Score: 100.0.,Close-approach clustering can occur because the query covers known catalog objects and detection timing is not uniform.,"Check whether grouped objects share orbital elements, parent families, meteor streams, or discovery/observational bias.",close_approach_windows.csv
29,close_approach_window,CAW_0081,CAW_0081,2004-08-06 to 2004-08-20,100.0,high relative priority,CAW_0081 groups multiple close approaches into a short time window.,Pattern source: close_approach_windows.csv. Reason: 5 close approaches; closest distance 0.004108878368 au. Score: 100.0.,Close-approach clustering can occur because the query covers known catalog objects and detection timing is not uniform.,"Check whether grouped objects share orbital elements, parent families, meteor streams, or discovery/observational bias.",close_approach_windows.csv
30,close_approach_window,CAW_0038,CAW_0038,2002-03-11 to 2002-03-25,100.0,high relative priority,CAW_0038 groups multiple close approaches into a short time window.,Pattern source: close_approach_windows.csv. Reason: 5 close approaches; closest distance 0.004154965126 au. Score: 100.0.,Close-approach clustering can occur because the query covers known catalog objects and detection timing is not uniform.,"Check whether grouped objects share orbital elements, parent families, meteor streams, or discovery/observational bias.",close_approach_windows.csv
31,close_approach_window,CAW_0068,CAW_0068,2003-12-21 to 2004-01-04,100.0,high relative priority,CAW_0068 groups multiple close approaches into a short time window.,Pattern source: close_approach_windows.csv. Reason: 5 close approaches; closest distance 0.004227470699 au. Score: 100.0.,Close-approach clustering can occur because the query covers known catalog objects and detection timing is not uniform.,"Check whether grouped objects share orbital elements, parent families, meteor streams, or discovery/observational bias.",close_approach_windows.csv
32,close_approach_window,CAW_0047,CAW_0047,2002-10-01 to 2002-10-15,100.0,high relative priority,CAW_0047 groups multiple close approaches into a short time window.,Pattern source: close_approach_windows.csv. Reason: 5 close approaches; closest distance 0.005105469679 au. Score: 100.0.,Close-approach clustering can occur because the query covers known catalog objects and detection timing is not uniform.,"Check whether grouped objects share orbital elements, parent families, meteor streams, or discovery/observational bias.",close_approach_windows.csv
33,close_approach_window,CAW_0082,CAW_0082,2004-08-21 to 2004-09-04,100.0,high relative priority,CAW_0082 groups multiple close approaches into a short time window.,Pattern source: close_approach_windows.csv. Reason: 5 close approaches; closest distance 0.006339430801 au. Score: 100.0.,Close-approach clustering can occur because the query covers known catalog objects and detection timing is not uniform.,"Check whether grouped objects share orbital elements, parent families, meteor streams, or discovery/observational bias.",close_approach_windows.csv
34,close_approach_window,CAW_0053,CAW_0053,2003-03-22 to 2003-04-05,100.0,high relative priority,CAW_0053 groups multiple close approaches into a short time window.,Pattern source: close_approach_windows.csv. Reason: 5 close approaches; closest distance 0.007209579201 au. Score: 100.0.,Close-approach clustering can occur because the query covers known catalog objects and detection timing is not uniform.,"Check whether grouped objects share orbital elements, parent families, meteor streams, or discovery/observational bias.",close_approach_windows.csv
35,high_energy_fireball_window,HEF_0031,HEF_0031,2014-08-23 to 2014-09-06,99.2,high relative priority,HEF_0031 groups high-energy fireballs into a short time window.,Pattern source: high_energy_fireball_windows.csv. Reason: 3 high-energy fireballs; total energy 7.84 kt. Score: 99.2.,A high-energy window can be dominated by one large bolide and does not automatically prove a debris stream.,"Check whether the dates line up with known meteor showers, Taurid activity, Perseids, Geminids, Leonids, or sporadic fireball seasonality.",high_energy_fireball_windows.csv
36,close_approach_window,CAW_0063,CAW_0063,2003-09-27 to 2003-10-11,98.874,high relative priority,CAW_0063 groups multiple close approaches into a short time window.,Pattern source: close_approach_windows.csv. Reason: 4 close approaches; closest distance 0.000563056369 au. Score: 98.874.,Close-approach clustering can occur because the query covers known catalog objects and detection timing is not uniform.,"Check whether grouped objects share orbital elements, parent families, meteor streams, or discovery/observational bias.",close_approach_windows.csv
37,close_approach_window,CAW_0066,CAW_0066,2003-11-16 to 2003-11-30,98.598,high relative priority,CAW_0066 groups multiple close approaches into a short time window.,Pattern source: close_approach_windows.csv. Reason: 5 close approaches; closest distance 0.008201179364 au. Score: 98.598.,Close-approach clustering can occur because the query covers known catalog objects and detection timing is not uniform.,"Check whether grouped objects share orbital elements, parent families, meteor streams, or discovery/observational bias.",close_approach_windows.csv
38,close_approach_window,CAW_0080,CAW_0080,2004-07-11 to 2004-07-25,97.785,high relative priority,CAW_0080 groups multiple close approaches into a short time window.,Pattern source: close_approach_windows.csv. Reason: 4 close approaches; closest distance 0.001107447572 au. Score: 97.785.,Close-approach clustering can occur because the query covers known catalog objects and detection timing is not uniform.,"Check whether grouped objects share orbital elements, parent families, meteor streams, or discovery/observational bias.",close_approach_windows.csv
39,close_approach_window,CAW_0079,CAW_0079,2004-06-26 to 2004-07-10,96.326,high relative priority,CAW_0079 groups multiple close approaches into a short time window.,Pattern source: close_approach_windows.csv. Reason: 4 close approaches; closest distance 0.001837096649 au. Score: 96.326.,Close-approach clustering can occur because the query covers known catalog objects and detection timing is not uniform.,"Check whether grouped objects share orbital elements, parent families, meteor streams, or discovery/observational bias.",close_approach_windows.csv
40,close_approach_window,CAW_0064,CAW_0064,2003-10-12 to 2003-10-26,96.293,high relative priority,CAW_0064 groups multiple close approaches into a short time window.,Pattern source: close_approach_windows.csv. Reason: 4 close approaches; closest distance 0.001853645399 au. Score: 96.293.,Close-approach clustering can occur because the query covers known catalog objects and detection timing is not uniform.,"Check whether grouped objects share orbital elements, parent families, meteor streams, or discovery/observational bias.",close_approach_windows.csv
41,high_energy_fireball_window,HEF_0044,HEF_0044,2015-06-02 to 2015-06-16,94.55,high relative priority,HEF_0044 groups high-energy fireballs into a short time window.,Pattern source: high_energy_fireball_windows.csv. Reason: 4 high-energy fireballs; total energy 2.91 kt. Score: 94.55.,A high-energy window can be dominated by one large bolide and does not automatically prove a debris stream.,"Check whether the dates line up with known meteor showers, Taurid activity, Perseids, Geminids, Leonids, or sporadic fireball seasonality.",high_energy_fireball_windows.csv
42,close_approach_window,CAW_0039,CAW_0039,2002-03-31 to 2002-04-14,94.406,high relative priority,CAW_0039 groups multiple close approaches into a short time window.,Pattern source: close_approach_windows.csv. Reason: 4 close approaches; closest distance 0.002796809763 au. Score: 94.406.,Close-approach clustering can occur because the query covers known catalog objects and detection timing is not uniform.,"Check whether grouped objects share orbital elements, parent families, meteor streams, or discovery/observational bias.",close_approach_windows.csv
43,high_energy_fireball_window,HEF_0177,HEF_0177,2024-07-12 to 2024-07-26,94.3,high relative priority,HEF_0177 groups high-energy fireballs into a short time window.,Pattern source: high_energy_fireball_windows.csv. Reason: 3 high-energy fireballs; total energy 6.86 kt. Score: 94.3.,A high-energy window can be dominated by one large bolide and does not automatically prove a debris stream.,"Check whether the dates line up with known meteor showers, Taurid activity, Perseids, Geminids, Leonids, or sporadic fireball seasonality.",high_energy_fireball_windows.csv
44,high_energy_fireball_window,HEF_0007,HEF_0007,2012-09-28 to 2012-10-12,94.0,high relative priority,HEF_0007 groups high-energy fireballs into a short time window.,Pattern source: high_energy_fireball_windows.csv. Reason: 4 high-energy fireballs; total energy 2.8 kt. Score: 94.0.,A high-energy window can be dominated by one large bolide and does not automatically prove a debris stream.,"Check whether the dates line up with known meteor showers, Taurid activity, Perseids, Geminids, Leonids, or sporadic fireball seasonality.",high_energy_fireball_windows.csv
45,close_approach_window,CAW_0048,CAW_0048,2002-10-27 to 2002-11-10,93.151,high relative priority,CAW_0048 groups multiple close approaches into a short time window.,Pattern source: close_approach_windows.csv. Reason: 5 close approaches; closest distance 0.010924713455 au. Score: 93.151.,Close-approach clustering can occur because the query covers known catalog objects and detection timing is not uniform.,"Check whether grouped objects share orbital elements, parent families, meteor streams, or discovery/observational bias.",close_approach_windows.csv
46,high_energy_fireball_window,HEF_0188,HEF_0188,2025-03-13 to 2025-03-27,92.1,high relative priority,HEF_0188 groups high-energy fireballs into a short time window.,Pattern source: high_energy_fireball_windows.csv. Reason: 4 high-energy fireballs; total energy 2.42 kt. Score: 92.1.,A high-energy window can be dominated by one large bolide and does not automatically prove a debris stream.,"Check whether the dates line up with known meteor showers, Taurid activity, Perseids, Geminids, Leonids, or sporadic fireball seasonality.",high_energy_fireball_windows.csv
47,high_energy_fireball_window,HEF_0103,HEF_0103,2019-05-19 to 2019-06-02,92.0,high relative priority,HEF_0103 groups high-energy fireballs into a short time window.,Pattern source: high_energy_fireball_windows.csv. Reason: 4 high-energy fireballs; total energy 2.4 kt. Score: 92.0.,A high-energy window can be dominated by one large bolide and does not automatically prove a debris stream.,"Check whether the dates line up with known meteor showers, Taurid activity, Perseids, Geminids, Leonids, or sporadic fireball seasonality.",high_energy_fireball_windows.csv
48,close_approach_window,CAW_0084,CAW_0084,2004-09-28 to 2004-10-12,90.774,high relative priority,CAW_0084 groups multiple close approaches into a short time window.,Pattern source: close_approach_windows.csv. Reason: 4 close approaches; closest distance 0.004612788129 au. Score: 90.774.,Close-approach clustering can occur because the query covers known catalog objects and detection timing is not uniform.,"Check whether grouped objects share orbital elements, parent families, meteor streams, or discovery/observational bias.",close_approach_windows.csv
49,close_approach_window,CAW_0077,CAW_0077,2004-05-25 to 2004-06-08,90.687,high relative priority,CAW_0077 groups multiple close approaches into a short time window.,Pattern source: close_approach_windows.csv. Reason: 4 close approaches; closest distance 0.004656372538 au. Score: 90.687.,Close-approach clustering can occur because the query covers known catalog objects and detection timing is not uniform.,"Check whether grouped objects share orbital elements, parent families, meteor streams, or discovery/observational bias.",close_approach_windows.csv
50,close_approach_window,CAW_0017,CAW_0017,2000-12-17 to 2000-12-31,90.103,high relative priority,CAW_0017 groups multiple close approaches into a short time window.,Pattern source: close_approach_windows.csv. Reason: 4 close approaches; closest distance 0.004948516116 au. Score: 90.103.,Close-approach clustering can occur because the query covers known catalog objects and detection timing is not uniform.,"Check whether grouped objects share orbital elements, parent families, meteor streams, or discovery/observational bias.",close_approach_windows.csv
51,fireball_month_cluster,month_2,Month 2,month=2,89.423,high relative priority,Month 2 is showing repeated fireball activity inside the fetched CNEOS fireball sample.,Pattern source: fireball_month_clusters.csv. Reason: 47 fireballs; total energy 478.842 kt. Score: 89.423.,"Monthly clustering can be affected by seasonal observation geometry, sensor coverage, reporting bias, and the limited 500-row sample.",Compare this month against known meteor showers and extend the fireball limit/date coverage.,fireball_month_clusters.csv
52,high_energy_fireball_window,HEF_0015,HEF_0015,2013-07-27 to 2013-08-10,88.55,high relative priority,HEF_0015 groups high-energy fireballs into a short time window.,Pattern source: high_energy_fireball_windows.csv. Reason: 4 high-energy fireballs; total energy 1.71 kt. Score: 88.55.,A high-energy window can be dominated by one large bolide and does not automatically prove a debris stream.,"Check whether the dates line up with known meteor showers, Taurid activity, Perseids, Geminids, Leonids, or sporadic fireball seasonality.",high_energy_fireball_windows.csv
53,close_approach_window,CAW_0009,CAW_0009,2000-06-29 to 2000-07-13,88.266,high relative priority,CAW_0009 groups multiple close approaches into a short time window.,Pattern source: close_approach_windows.csv. Reason: 4 close approaches; closest distance 0.005867009428 au. Score: 88.266.,Close-approach clustering can occur because the query covers known catalog objects and detection timing is not uniform.,"Check whether grouped objects share orbital elements, parent families, meteor streams, or discovery/observational bias.",close_approach_windows.csv
54,close_approach_window,CAW_0020,CAW_0020,2001-02-19 to 2001-03-05,88.081,high relative priority,CAW_0020 groups multiple close approaches into a short time window.,Pattern source: close_approach_windows.csv. Reason: 4 close approaches; closest distance 0.005959513644 au. Score: 88.081.,Close-approach clustering can occur because the query covers known catalog objects and detection timing is not uniform.,"Check whether grouped objects share orbital elements, parent families, meteor streams, or discovery/observational bias.",close_approach_windows.csv
55,close_approach_window,CAW_0030,CAW_0030,2001-10-21 to 2001-11-04,87.45,high relative priority,CAW_0030 groups multiple close approaches into a short time window.,Pattern source: close_approach_windows.csv. Reason: 4 close approaches; closest distance 0.006274770527 au. Score: 87.45.,Close-approach clustering can occur because the query covers known catalog objects and detection timing is not uniform.,"Check whether grouped objects share orbital elements, parent families, meteor streams, or discovery/observational bias.",close_approach_windows.csv
56,close_approach_window,CAW_0058,CAW_0058,2003-06-13 to 2003-06-27,86.215,high relative priority,CAW_0058 groups multiple close approaches into a short time window.,Pattern source: close_approach_windows.csv. Reason: 4 close approaches; closest distance 0.006892646262 au. Score: 86.215.,Close-approach clustering can occur because the query covers known catalog objects and detection timing is not uniform.,"Check whether grouped objects share orbital elements, parent families, meteor streams, or discovery/observational bias.",close_approach_windows.csv
57,high_energy_fireball_window,HEF_0166,HEF_0166,2023-10-14 to 2023-10-28,86.2,high relative priority,HEF_0166 groups high-energy fireballs into a short time window.,Pattern source: high_energy_fireball_windows.csv. Reason: 4 high-energy fireballs; total energy 1.24 kt. Score: 86.2.,A high-energy window can be dominated by one large bolide and does not automatically prove a debris stream.,"Check whether the dates line up with known meteor showers, Taurid activity, Perseids, Geminids, Leonids, or sporadic fireball seasonality.",high_energy_fireball_windows.csv
58,high_energy_fireball_window,HEF_0112,HEF_0112,2020-01-06 to 2020-01-20,86.15,high relative priority,HEF_0112 groups high-energy fireballs into a short time window.,Pattern source: high_energy_fireball_windows.csv. Reason: 4 high-energy fireballs; total energy 1.23 kt. Score: 86.15.,A high-energy window can be dominated by one large bolide and does not automatically prove a debris stream.,"Check whether the dates line up with known meteor showers, Taurid activity, Perseids, Geminids, Leonids, or sporadic fireball seasonality.",high_energy_fireball_windows.csv
59,high_energy_fireball_window,HEF_0023,HEF_0023,2014-01-08 to 2014-01-22,85.95,high relative priority,HEF_0023 groups high-energy fireballs into a short time window.,Pattern source: high_energy_fireball_windows.csv. Reason: 4 high-energy fireballs; total energy 1.19 kt. Score: 85.95.,A high-energy window can be dominated by one large bolide and does not automatically prove a debris stream.,"Check whether the dates line up with known meteor showers, Taurid activity, Perseids, Geminids, Leonids, or sporadic fireball seasonality.",high_energy_fireball_windows.csv
60,high_energy_fireball_window,HEF_0107,HEF_0107,2019-09-12 to 2019-09-26,85.4,high relative priority,HEF_0107 groups high-energy fireballs into a short time window.,Pattern source: high_energy_fireball_windows.csv. Reason: 4 high-energy fireballs; total energy 1.08 kt. Score: 85.4.,A high-energy window can be dominated by one large bolide and does not automatically prove a debris stream.,"Check whether the dates line up with known meteor showers, Taurid activity, Perseids, Geminids, Leonids, or sporadic fireball seasonality.",high_energy_fireball_windows.csv
61,high_energy_fireball_window,HEF_0041,HEF_0041,2015-03-30 to 2015-04-13,85.15,high relative priority,HEF_0041 groups high-energy fireballs into a short time window.,Pattern source: high_energy_fireball_windows.csv. Reason: 4 high-energy fireballs; total energy 1.03 kt. Score: 85.15.,A high-energy window can be dominated by one large bolide and does not automatically prove a debris stream.,"Check whether the dates line up with known meteor showers, Taurid activity, Perseids, Geminids, Leonids, or sporadic fireball seasonality.",high_energy_fireball_windows.csv
62,high_energy_fireball_window,HEF_0116,HEF_0116,2020-05-09 to 2020-05-23,84.45,high relative priority,HEF_0116 groups high-energy fireballs into a short time window.,Pattern source: high_energy_fireball_windows.csv. Reason: 4 high-energy fireballs; total energy 0.89 kt. Score: 84.45.,A high-energy window can be dominated by one large bolide and does not automatically prove a debris stream.,"Check whether the dates line up with known meteor showers, Taurid activity, Perseids, Geminids, Leonids, or sporadic fireball seasonality.",high_energy_fireball_windows.csv
63,high_energy_fireball_window,HEF_0043,HEF_0043,2015-05-07 to 2015-05-21,84.25,high relative priority,HEF_0043 groups high-energy fireballs into a short time window.,Pattern source: high_energy_fireball_windows.csv. Reason: 4 high-energy fireballs; total energy 0.85 kt. Score: 84.25.,A high-energy window can be dominated by one large bolide and does not automatically prove a debris stream.,"Check whether the dates line up with known meteor showers, Taurid activity, Perseids, Geminids, Leonids, or sporadic fireball seasonality.",high_energy_fireball_windows.csv
64,high_energy_fireball_window,HEF_0153,HEF_0153,2022-12-29 to 2023-01-12,83.45,high relative priority,HEF_0153 groups high-energy fireballs into a short time window.,Pattern source: high_energy_fireball_windows.csv. Reason: 4 high-energy fireballs; total energy 0.69 kt. Score: 83.45.,A high-energy window can be dominated by one large bolide and does not automatically prove a debris stream.,"Check whether the dates line up with known meteor showers, Taurid activity, Perseids, Geminids, Leonids, or sporadic fireball seasonality.",high_energy_fireball_windows.csv
65,close_approach_window,CAW_0050,CAW_0050,2002-12-11 to 2002-12-25,83.427,high relative priority,CAW_0050 groups multiple close approaches into a short time window.,Pattern source: close_approach_windows.csv. Reason: 3 close approaches; closest distance 0.000786724919 au. Score: 83.427.,Close-approach clustering can occur because the query covers known catalog objects and detection timing is not uniform.,"Check whether grouped objects share orbital elements, parent families, meteor streams, or discovery/observational bias.",close_approach_windows.csv
66,high_energy_fireball_window,HEF_0079,HEF_0079,2017-10-04 to 2017-10-18,83.25,high relative priority,HEF_0079 groups high-energy fireballs into a short time window.,Pattern source: high_energy_fireball_windows.csv. Reason: 4 high-energy fireballs; total energy 0.65 kt. Score: 83.25.,A high-energy window can be dominated by one large bolide and does not automatically prove a debris stream.,"Check whether the dates line up with known meteor showers, Taurid activity, Perseids, Geminids, Leonids, or sporadic fireball seasonality.",high_energy_fireball_windows.csv
67,high_energy_fireball_window,HEF_0110,HEF_0110,2019-11-28 to 2019-12-12,82.85,high relative priority,HEF_0110 groups high-energy fireballs into a short time window.,Pattern source: high_energy_fireball_windows.csv. Reason: 4 high-energy fireballs; total energy 0.57 kt. Score: 82.85.,A high-energy window can be dominated by one large bolide and does not automatically prove a debris stream.,"Check whether the dates line up with known meteor showers, Taurid activity, Perseids, Geminids, Leonids, or sporadic fireball seasonality.",high_energy_fireball_windows.csv
68,close_approach_window,CAW_0033,CAW_0033,2001-12-15 to 2001-12-29,82.18,high relative priority,CAW_0033 groups multiple close approaches into a short time window.,Pattern source: close_approach_windows.csv. Reason: 4 close approaches; closest distance 0.008910132689 au. Score: 82.18.,Close-approach clustering can occur because the query covers known catalog objects and detection timing is not uniform.,"Check whether grouped objects share orbital elements, parent families, meteor streams, or discovery/observational bias.",close_approach_windows.csv
69,close_approach_window,CAW_0090,CAW_0090,2005-01-03 to 2005-01-17,81.489,high relative priority,CAW_0090 groups multiple close approaches into a short time window.,Pattern source: close_approach_windows.csv. Reason: 3 close approaches; closest distance 0.001755327691 au. Score: 81.489.,Close-approach clustering can occur because the query covers known catalog objects and detection timing is not uniform.,"Check whether grouped objects share orbital elements, parent families, meteor streams, or discovery/observational bias.",close_approach_windows.csv
70,close_approach_window,CAW_0005,CAW_0005,2000-03-19 to 2000-04-02,81.409,high relative priority,CAW_0005 groups multiple close approaches into a short time window.,Pattern source: close_approach_windows.csv. Reason: 3 close approaches; closest distance 0.001795695641 au. Score: 81.409.,Close-approach clustering can occur because the query covers known catalog objects and detection timing is not uniform.,"Check whether grouped objects share orbital elements, parent families, meteor streams, or discovery/observational bias.",close_approach_windows.csv
71,high_energy_fireball_window,HEF_0047,HEF_0047,2015-09-02 to 2015-09-16,81.2,high relative priority,HEF_0047 groups high-energy fireballs into a short time window.,Pattern source: high_energy_fireball_windows.csv. Reason: 3 high-energy fireballs; total energy 4.24 kt. Score: 81.2.,A high-energy window can be dominated by one large bolide and does not automatically prove a debris stream.,"Check whether the dates line up with known meteor showers, Taurid activity, Perseids, Geminids, Leonids, or sporadic fireball seasonality.",high_energy_fireball_windows.csv
72,high_energy_fireball_window,HEF_0072,HEF_0072,2017-03-08 to 2017-03-22,81.1,high relative priority,HEF_0072 groups high-energy fireballs into a short time window.,Pattern source: high_energy_fireball_windows.csv. Reason: 3 high-energy fireballs; total energy 4.22 kt. Score: 81.1.,A high-energy window can be dominated by one large bolide and does not automatically prove a debris stream.,"Check whether the dates line up with known meteor showers, Taurid activity, Perseids, Geminids, Leonids, or sporadic fireball seasonality.",high_energy_fireball_windows.csv
73,close_approach_window,CAW_0085,CAW_0085,2004-10-13 to 2004-10-27,81.036,high relative priority,CAW_0085 groups multiple close approaches into a short time window.,Pattern source: close_approach_windows.csv. Reason: 3 close approaches; closest distance 0.001981829562 au. Score: 81.036.,Close-approach clustering can occur because the query covers known catalog objects and detection timing is not uniform.,"Check whether grouped objects share orbital elements, parent families, meteor streams, or discovery/observational bias.",close_approach_windows.csv
74,close_approach_window,CAW_0018,CAW_0018,2001-01-05 to 2001-01-19,80.907,high relative priority,CAW_0018 groups multiple close approaches into a short time window.,Pattern source: close_approach_windows.csv. Reason: 3 close approaches; closest distance 0.002046659868 au. Score: 80.907.,Close-approach clustering can occur because the query covers known catalog objects and detection timing is not uniform.,"Check whether grouped objects share orbital elements, parent families, meteor streams, or discovery/observational bias.",close_approach_windows.csv
75,close_approach_window,CAW_0015,CAW_0015,2000-10-31 to 2000-11-14,78.81,medium relative priority,CAW_0015 groups multiple close approaches into a short time window.,Pattern source: close_approach_windows.csv. Reason: 4 close approaches; closest distance 0.010594839269 au. Score: 78.81.,Close-approach clustering can occur because the query covers known catalog objects and detection timing is not uniform.,"Check whether grouped objects share orbital elements, parent families, meteor streams, or discovery/observational bias.",close_approach_windows.csv
76,close_approach_window,CAW_0037,CAW_0037,2002-02-24 to 2002-03-10,78.78,medium relative priority,CAW_0037 groups multiple close approaches into a short time window.,Pattern source: close_approach_windows.csv. Reason: 3 close approaches; closest distance 0.003110084654 au. Score: 78.78.,Close-approach clustering can occur because the query covers known catalog objects and detection timing is not uniform.,"Check whether grouped objects share orbital elements, parent families, meteor streams, or discovery/observational bias.",close_approach_windows.csv
77,high_energy_fireball_window,HEF_0027,HEF_0027,2014-05-08 to 2014-05-22,78.6,medium relative priority,HEF_0027 groups high-energy fireballs into a short time window.,Pattern source: high_energy_fireball_windows.csv. Reason: 3 high-energy fireballs; total energy 3.72 kt. Score: 78.6.,A high-energy window can be dominated by one large bolide and does not automatically prove a debris stream.,"Check whether the dates line up with known meteor showers, Taurid activity, Perseids, Geminids, Leonids, or sporadic fireball seasonality.",high_energy_fireball_windows.csv
78,close_approach_window,CAW_0057,CAW_0057,2003-05-28 to 2003-06-11,78.38,medium relative priority,CAW_0057 groups multiple close approaches into a short time window.,Pattern source: close_approach_windows.csv. Reason: 3 close approaches; closest distance 0.003309810832 au. Score: 78.38.,Close-approach clustering can occur because the query covers known catalog objects and detection timing is not uniform.,"Check whether grouped objects share orbital elements, parent families, meteor streams, or discovery/observational bias.",close_approach_windows.csv
79,close_approach_window,CAW_0078,CAW_0078,2004-06-12 to 2004-06-26,77.435,medium relative priority,CAW_0078 groups multiple close approaches into a short time window.,Pattern source: close_approach_windows.csv. Reason: 3 close approaches; closest distance 0.003782676784 au. Score: 77.435.,Close-approach clustering can occur because the query covers known catalog objects and detection timing is not uniform.,"Check whether grouped objects share orbital elements, parent families, meteor streams, or discovery/observational bias.",close_approach_windows.csv
80,close_approach_window,CAW_0016,CAW_0016,2000-12-01 to 2000-12-15,77.003,medium relative priority,CAW_0016 groups multiple close approaches into a short time window.,Pattern source: close_approach_windows.csv. Reason: 4 close approaches; closest distance 0.011498539188 au. Score: 77.003.,Close-approach clustering can occur because the query covers known catalog objects and detection timing is not uniform.,"Check whether grouped objects share orbital elements, parent families, meteor streams, or discovery/observational bias.",close_approach_windows.csv
81,close_approach_window,CAW_0025,CAW_0025,2001-06-16 to 2001-06-30,76.909,medium relative priority,CAW_0025 groups multiple close approaches into a short time window.,Pattern source: close_approach_windows.csv. Reason: 4 close approaches; closest distance 0.011545593511 au. Score: 76.909.,Close-approach clustering can occur because the query covers known catalog objects and detection timing is not uniform.,"Check whether grouped objects share orbital elements, parent families, meteor streams, or discovery/observational bias.",close_approach_windows.csv
82,repeating_close_approach_object,54509, 54509 YORP (2000 PH5),2000-Jul-26 05:32 to 2004-Jul-25 10:16,76.868,medium relative priority, 54509 YORP (2000 PH5) appears multiple times in the close-approach dataset.,Pattern source: repeating_close_approach_objects.csv. Reason: 5 close approaches; minimum distance 0.011573118993 au. Score: 76.868.,Repeat appearance does not imply impact risk; it may simply mean a well-tracked object with a known Earth-crossing orbit.,"Look up the object in the JPL Small-Body Database and compare MOID, orbit class, diameter, and Sentry status.",repeating_close_approach_objects.csv
83,high_energy_fireball_window,HEF_0160,HEF_0160,2023-05-16 to 2023-05-30,76.05,medium relative priority,HEF_0160 groups high-energy fireballs into a short time window.,Pattern source: high_energy_fireball_windows.csv. Reason: 2 high-energy fireballs; total energy 7.21 kt. Score: 76.05.,A high-energy window can be dominated by one large bolide and does not automatically prove a debris stream.,"Check whether the dates line up with known meteor showers, Taurid activity, Perseids, Geminids, Leonids, or sporadic fireball seasonality.",high_energy_fireball_windows.csv
84,high_energy_fireball_window,HEF_0010,HEF_0010,2013-01-12 to 2013-01-26,75.3,medium relative priority,HEF_0010 groups high-energy fireballs into a short time window.,Pattern source: high_energy_fireball_windows.csv. Reason: 2 high-energy fireballs; total energy 7.06 kt. Score: 75.3.,A high-energy window can be dominated by one large bolide and does not automatically prove a debris stream.,"Check whether the dates line up with known meteor showers, Taurid activity, Perseids, Geminids, Leonids, or sporadic fireball seasonality.",high_energy_fireball_windows.csv
85,close_approach_window,CAW_0032,CAW_0032,2001-11-29 to 2001-12-13,75.283,medium relative priority,CAW_0032 groups multiple close approaches into a short time window.,Pattern source: close_approach_windows.csv. Reason: 3 close approaches; closest distance 0.004858304987 au. Score: 75.283.,Close-approach clustering can occur because the query covers known catalog objects and detection timing is not uniform.,"Check whether grouped objects share orbital elements, parent families, meteor streams, or discovery/observational bias.",close_approach_windows.csv
86,close_approach_window,CAW_0034,CAW_0034,2002-01-07 to 2002-01-21,73.875,medium relative priority,CAW_0034 groups multiple close approaches into a short time window.,Pattern source: close_approach_windows.csv. Reason: 3 close approaches; closest distance 0.005562545309 au. Score: 73.875.,Close-approach clustering can occur because the query covers known catalog objects and detection timing is not uniform.,"Check whether grouped objects share orbital elements, parent families, meteor streams, or discovery/observational bias.",close_approach_windows.csv
87,high_energy_fireball_window,HEF_0158,HEF_0158,2023-04-06 to 2023-04-20,73.6,medium relative priority,HEF_0158 groups high-energy fireballs into a short time window.,Pattern source: high_energy_fireball_windows.csv. Reason: 2 high-energy fireballs; total energy 6.72 kt. Score: 73.6.,A high-energy window can be dominated by one large bolide and does not automatically prove a debris stream.,"Check whether the dates line up with known meteor showers, Taurid activity, Perseids, Geminids, Leonids, or sporadic fireball seasonality.",high_energy_fireball_windows.csv
88,repeating_close_approach_object,2003 YN107,       (2003 YN107),2000-Jun-25 23:36 to 2004-Dec-27 09:45,72.269,medium relative priority,       (2003 YN107) appears multiple times in the close-approach dataset.,Pattern source: repeating_close_approach_objects.csv. Reason: 6 close approaches; minimum distance 0.014844189405 au. Score: 72.269.,Repeat appearance does not imply impact risk; it may simply mean a well-tracked object with a known Earth-crossing orbit.,"Look up the object in the JPL Small-Body Database and compare MOID, orbit class, diameter, and Sentry status.",repeating_close_approach_objects.csv
89,high_energy_fireball_window,HEF_0058,HEF_0058,2016-04-10 to 2016-04-24,72.15,medium relative priority,HEF_0058 groups high-energy fireballs into a short time window.,Pattern source: high_energy_fireball_windows.csv. Reason: 3 high-energy fireballs; total energy 2.43 kt. Score: 72.15.,A high-energy window can be dominated by one large bolide and does not automatically prove a debris stream.,"Check whether the dates line up with known meteor showers, Taurid activity, Perseids, Geminids, Leonids, or sporadic fireball seasonality.",high_energy_fireball_windows.csv
90,close_approach_window,CAW_0035,CAW_0035,2002-01-23 to 2002-02-06,71.964,medium relative priority,CAW_0035 groups multiple close approaches into a short time window.,Pattern source: close_approach_windows.csv. Reason: 3 close approaches; closest distance 0.006517858201 au. Score: 71.964.,Close-approach clustering can occur because the query covers known catalog objects and detection timing is not uniform.,"Check whether grouped objects share orbital elements, parent families, meteor streams, or discovery/observational bias.",close_approach_windows.csv
91,high_energy_fireball_window,HEF_0091,HEF_0091,2018-07-17 to 2018-07-31,71.3,medium relative priority,HEF_0091 groups high-energy fireballs into a short time window.,Pattern source: high_energy_fireball_windows.csv. Reason: 3 high-energy fireballs; total energy 2.26 kt. Score: 71.3.,A high-energy window can be dominated by one large bolide and does not automatically prove a debris stream.,"Check whether the dates line up with known meteor showers, Taurid activity, Perseids, Geminids, Leonids, or sporadic fireball seasonality.",high_energy_fireball_windows.csv
92,high_energy_fireball_window,HEF_0147,HEF_0147,2022-06-30 to 2022-07-14,70.95,medium relative priority,HEF_0147 groups high-energy fireballs into a short time window.,Pattern source: high_energy_fireball_windows.csv. Reason: 3 high-energy fireballs; total energy 2.19 kt. Score: 70.95.,A high-energy window can be dominated by one large bolide and does not automatically prove a debris stream.,"Check whether the dates line up with known meteor showers, Taurid activity, Perseids, Geminids, Leonids, or sporadic fireball seasonality.",high_energy_fireball_windows.csv
93,high_energy_fireball_window,HEF_0104,HEF_0104,2019-06-22 to 2019-07-06,70.55,medium relative priority,HEF_0104 groups high-energy fireballs into a short time window.,Pattern source: high_energy_fireball_windows.csv. Reason: 2 high-energy fireballs; total energy 6.11 kt. Score: 70.55.,A high-energy window can be dominated by one large bolide and does not automatically prove a debris stream.,"Check whether the dates line up with known meteor showers, Taurid activity, Perseids, Geminids, Leonids, or sporadic fireball seasonality.",high_energy_fireball_windows.csv
94,high_energy_fireball_window,HEF_0075,HEF_0075,2017-06-20 to 2017-07-04,69.5,medium relative priority,HEF_0075 groups high-energy fireballs into a short time window.,Pattern source: high_energy_fireball_windows.csv. Reason: 3 high-energy fireballs; total energy 1.9 kt. Score: 69.5.,A high-energy window can be dominated by one large bolide and does not automatically prove a debris stream.,"Check whether the dates line up with known meteor showers, Taurid activity, Perseids, Geminids, Leonids, or sporadic fireball seasonality.",high_energy_fireball_windows.csv
95,high_energy_fireball_window,HEF_0060,HEF_0060,2016-05-29 to 2016-06-12,69.2,medium relative priority,HEF_0060 groups high-energy fireballs into a short time window.,Pattern source: high_energy_fireball_windows.csv. Reason: 3 high-energy fireballs; total energy 1.84 kt. Score: 69.2.,A high-energy window can be dominated by one large bolide and does not automatically prove a debris stream.,"Check whether the dates line up with known meteor showers, Taurid activity, Perseids, Geminids, Leonids, or sporadic fireball seasonality.",high_energy_fireball_windows.csv
96,high_energy_fireball_window,HEF_0096,HEF_0096,2018-11-15 to 2018-11-29,68.8,medium relative priority,HEF_0096 groups high-energy fireballs into a short time window.,Pattern source: high_energy_fireball_windows.csv. Reason: 3 high-energy fireballs; total energy 1.76 kt. Score: 68.8.,A high-energy window can be dominated by one large bolide and does not automatically prove a debris stream.,"Check whether the dates line up with known meteor showers, Taurid activity, Perseids, Geminids, Leonids, or sporadic fireball seasonality.",high_energy_fireball_windows.csv
97,close_approach_window,CAW_0042,CAW_0042,2002-06-14 to 2002-06-28,68.396,medium relative priority,CAW_0042 groups multiple close approaches into a short time window.,Pattern source: close_approach_windows.csv. Reason: 2 close approaches; closest distance 0.000802053264 au. Score: 68.396.,Close-approach clustering can occur because the query covers known catalog objects and detection timing is not uniform.,"Check whether grouped objects share orbital elements, parent families, meteor streams, or discovery/observational bias.",close_approach_windows.csv
98,high_energy_fireball_window,HEF_0084,HEF_0084,2018-02-01 to 2018-02-15,67.8,medium relative priority,HEF_0084 groups high-energy fireballs into a short time window.,Pattern source: high_energy_fireball_windows.csv. Reason: 3 high-energy fireballs; total energy 1.56 kt. Score: 67.8.,A high-energy window can be dominated by one large bolide and does not automatically prove a debris stream.,"Check whether the dates line up with known meteor showers, Taurid activity, Perseids, Geminids, Leonids, or sporadic fireball seasonality.",high_energy_fireball_windows.csv
99,high_energy_fireball_window,HEF_0086,HEF_0086,2018-04-07 to 2018-04-21,67.75,medium relative priority,HEF_0086 groups high-energy fireballs into a short time window.,Pattern source: high_energy_fireball_windows.csv. Reason: 3 high-energy fireballs; total energy 1.55 kt. Score: 67.75.,A high-energy window can be dominated by one large bolide and does not automatically prove a debris stream.,"Check whether the dates line up with known meteor showers, Taurid activity, Perseids, Geminids, Leonids, or sporadic fireball seasonality.",high_energy_fireball_windows.csv
100,high_energy_fireball_window,HEF_0059,HEF_0059,2016-05-13 to 2016-05-27,67.55,medium relative priority,HEF_0059 groups high-energy fireballs into a short time window.,Pattern source: high_energy_fireball_windows.csv. Reason: 3 high-energy fireballs; total energy 1.51 kt. Score: 67.55.,A high-energy window can be dominated by one large bolide and does not automatically prove a debris stream.,"Check whether the dates line up with known meteor showers, Taurid activity, Perseids, Geminids, Leonids, or sporadic fireball seasonality.",high_energy_fireball_windows.csv
101,high_energy_fireball_window,HEF_0056,HEF_0056,2016-02-21 to 2016-03-06,66.4,medium relative priority,HEF_0056 groups high-energy fireballs into a short time window.,Pattern source: high_energy_fireball_windows.csv. Reason: 3 high-energy fireballs; total energy 1.28 kt. Score: 66.4.,A high-energy window can be dominated by one large bolide and does not automatically prove a debris stream.,"Check whether the dates line up with known meteor showers, Taurid activity, Perseids, Geminids, Leonids, or sporadic fireball seasonality.",high_energy_fireball_windows.csv
102,high_energy_fireball_window,HEF_0050,HEF_0050,2015-10-30 to 2015-11-13,66.0,medium relative priority,HEF_0050 groups high-energy fireballs into a short time window.,Pattern source: high_energy_fireball_windows.csv. Reason: 3 high-energy fireballs; total energy 1.2 kt. Score: 66.0.,A high-energy window can be dominated by one large bolide and does not automatically prove a debris stream.,"Check whether the dates line up with known meteor showers, Taurid activity, Perseids, Geminids, Leonids, or sporadic fireball seasonality.",high_energy_fireball_windows.csv
103,close_approach_window,CAW_0069,CAW_0069,2004-01-18 to 2004-02-01,65.223,medium relative priority,CAW_0069 groups multiple close approaches into a short time window.,Pattern source: close_approach_windows.csv. Reason: 3 close approaches; closest distance 0.009888277668 au. Score: 65.223.,Close-approach clustering can occur because the query covers known catalog objects and detection timing is not uniform.,"Check whether grouped objects share orbital elements, parent families, meteor streams, or discovery/observational bias.",close_approach_windows.csv
104,high_energy_fireball_window,HEF_0195,HEF_0195,2025-09-08 to 2025-09-22,65.2,medium relative priority,HEF_0195 groups high-energy fireballs into a short time window.,Pattern source: high_energy_fireball_windows.csv. Reason: 3 high-energy fireballs; total energy 1.04 kt. Score: 65.2.,A high-energy window can be dominated by one large bolide and does not automatically prove a debris stream.,"Check whether the dates line up with known meteor showers, Taurid activity, Perseids, Geminids, Leonids, or sporadic fireball seasonality.",high_energy_fireball_windows.csv
105,high_energy_fireball_window,HEF_0192,HEF_0192,2025-06-21 to 2025-07-05,64.85,medium relative priority,HEF_0192 groups high-energy fireballs into a short time window.,Pattern source: high_energy_fireball_windows.csv. Reason: 3 high-energy fireballs; total energy 0.97 kt. Score: 64.85.,A high-energy window can be dominated by one large bolide and does not automatically prove a debris stream.,"Check whether the dates line up with known meteor showers, Taurid activity, Perseids, Geminids, Leonids, or sporadic fireball seasonality.",high_energy_fireball_windows.csv
106,high_energy_fireball_window,HEF_0039,HEF_0039,2015-02-17 to 2015-03-03,64.3,medium relative priority,HEF_0039 groups high-energy fireballs into a short time window.,Pattern source: high_energy_fireball_windows.csv. Reason: 3 high-energy fireballs; total energy 0.86 kt. Score: 64.3.,A high-energy window can be dominated by one large bolide and does not automatically prove a debris stream.,"Check whether the dates line up with known meteor showers, Taurid activity, Perseids, Geminids, Leonids, or sporadic fireball seasonality.",high_energy_fireball_windows.csv
107,high_energy_fireball_window,HEF_0068,HEF_0068,2016-11-24 to 2016-12-08,64.3,medium relative priority,HEF_0068 groups high-energy fireballs into a short time window.,Pattern source: high_energy_fireball_windows.csv. Reason: 3 high-energy fireballs; total energy 0.86 kt. Score: 64.3.,A high-energy window can be dominated by one large bolide and does not automatically prove a debris stream.,"Check whether the dates line up with known meteor showers, Taurid activity, Perseids, Geminids, Leonids, or sporadic fireball seasonality.",high_energy_fireball_windows.csv
108,high_energy_fireball_window,HEF_0040,HEF_0040,2015-03-04 to 2015-03-18,63.85,medium relative priority,HEF_0040 groups high-energy fireballs into a short time window.,Pattern source: high_energy_fireball_windows.csv. Reason: 3 high-energy fireballs; total energy 0.77 kt. Score: 63.85.,A high-energy window can be dominated by one large bolide and does not automatically prove a debris stream.,"Check whether the dates line up with known meteor showers, Taurid activity, Perseids, Geminids, Leonids, or sporadic fireball seasonality.",high_energy_fireball_windows.csv
109,close_approach_window,CAW_0044,CAW_0044,2002-08-03 to 2002-08-17,63.839,medium relative priority,CAW_0044 groups multiple close approaches into a short time window.,Pattern source: close_approach_windows.csv. Reason: 3 close approaches; closest distance 0.010580661114 au. Score: 63.839.,Close-approach clustering can occur because the query covers known catalog objects and detection timing is not uniform.,"Check whether grouped objects share orbital elements, parent families, meteor streams, or discovery/observational bias.",close_approach_windows.csv
110,close_approach_window,CAW_0036,CAW_0036,2002-02-08 to 2002-02-22,63.627,medium relative priority,CAW_0036 groups multiple close approaches into a short time window.,Pattern source: close_approach_windows.csv. Reason: 2 close approaches; closest distance 0.003186360533 au. Score: 63.627.,Close-approach clustering can occur because the query covers known catalog objects and detection timing is not uniform.,"Check whether grouped objects share orbital elements, parent families, meteor streams, or discovery/observational bias.",close_approach_windows.csv
111,close_approach_window,CAW_0028,CAW_0028,2001-09-09 to 2001-09-23,63.522,medium relative priority,CAW_0028 groups multiple close approaches into a short time window.,Pattern source: close_approach_windows.csv. Reason: 2 close approaches; closest distance 0.003239080681 au. Score: 63.522.,Close-approach clustering can occur because the query covers known catalog objects and detection timing is not uniform.,"Check whether grouped objects share orbital elements, parent families, meteor streams, or discovery/observational bias.",close_approach_windows.csv
112,high_energy_fireball_window,HEF_0175,HEF_0175,2024-05-24 to 2024-06-07,63.45,medium relative priority,HEF_0175 groups high-energy fireballs into a short time window.,Pattern source: high_energy_fireball_windows.csv. Reason: 3 high-energy fireballs; total energy 0.69 kt. Score: 63.45.,A high-energy window can be dominated by one large bolide and does not automatically prove a debris stream.,"Check whether the dates line up with known meteor showers, Taurid activity, Perseids, Geminids, Leonids, or sporadic fireball seasonality.",high_energy_fireball_windows.csv
113,close_approach_window,CAW_0008,CAW_0008,2000-05-28 to 2000-06-11,63.366,medium relative priority,CAW_0008 groups multiple close approaches into a short time window.,Pattern source: close_approach_windows.csv. Reason: 2 close approaches; closest distance 0.003316926619 au. Score: 63.366.,Close-approach clustering can occur because the query covers known catalog objects and detection timing is not uniform.,"Check whether grouped objects share orbital elements, parent families, meteor streams, or discovery/observational bias.",close_approach_windows.csv
114,close_approach_window,CAW_0023,CAW_0023,2001-04-27 to 2001-05-11,63.18,medium relative priority,CAW_0023 groups multiple close approaches into a short time window.,Pattern source: close_approach_windows.csv. Reason: 3 close approaches; closest distance 0.010910106263 au. Score: 63.18.,Close-approach clustering can occur because the query covers known catalog objects and detection timing is not uniform.,"Check whether grouped objects share orbital elements, parent families, meteor streams, or discovery/observational bias.",close_approach_windows.csv
115,high_energy_fireball_window,HEF_0201,HEF_0201,2026-04-29 to 2026-05-13,62.75,medium relative priority,HEF_0201 groups high-energy fireballs into a short time window.,Pattern source: high_energy_fireball_windows.csv. Reason: 3 high-energy fireballs; total energy 0.55 kt. Score: 62.75.,A high-energy window can be dominated by one large bolide and does not automatically prove a debris stream.,"Check whether the dates line up with known meteor showers, Taurid activity, Perseids, Geminids, Leonids, or sporadic fireball seasonality.",high_energy_fireball_windows.csv
116,close_approach_window,CAW_0021,CAW_0021,2001-03-23 to 2001-04-06,62.677,medium relative priority,CAW_0021 groups multiple close approaches into a short time window.,Pattern source: close_approach_windows.csv. Reason: 3 close approaches; closest distance 0.011161607206 au. Score: 62.677.,Close-approach clustering can occur because the query covers known catalog objects and detection timing is not uniform.,"Check whether grouped objects share orbital elements, parent families, meteor streams, or discovery/observational bias.",close_approach_windows.csv
117,high_energy_fireball_window,HEF_0033,HEF_0033,2014-10-06 to 2014-10-20,62.5,medium relative priority,HEF_0033 groups high-energy fireballs into a short time window.,Pattern source: high_energy_fireball_windows.csv. Reason: 3 high-energy fireballs; total energy 0.5 kt. Score: 62.5.,A high-energy window can be dominated by one large bolide and does not automatically prove a debris stream.,"Check whether the dates line up with known meteor showers, Taurid activity, Perseids, Geminids, Leonids, or sporadic fireball seasonality.",high_energy_fireball_windows.csv
118,high_energy_fireball_window,HEF_0151,HEF_0151,2022-11-08 to 2022-11-22,62.5,medium relative priority,HEF_0151 groups high-energy fireballs into a short time window.,Pattern source: high_energy_fireball_windows.csv. Reason: 3 high-energy fireballs; total energy 0.5 kt. Score: 62.5.,A high-energy window can be dominated by one large bolide and does not automatically prove a debris stream.,"Check whether the dates line up with known meteor showers, Taurid activity, Perseids, Geminids, Leonids, or sporadic fireball seasonality.",high_energy_fireball_windows.csv
119,high_energy_fireball_window,HEF_0135,HEF_0135,2021-10-20 to 2021-11-03,62.3,medium relative priority,HEF_0135 groups high-energy fireballs into a short time window.,Pattern source: high_energy_fireball_windows.csv. Reason: 3 high-energy fireballs; total energy 0.46 kt. Score: 62.3.,A high-energy window can be dominated by one large bolide and does not automatically prove a debris stream.,"Check whether the dates line up with known meteor showers, Taurid activity, Perseids, Geminids, Leonids, or sporadic fireball seasonality.",high_energy_fireball_windows.csv
120,high_energy_fireball_window,HEF_0113,HEF_0113,2020-01-21 to 2020-02-04,62.05,medium relative priority,HEF_0113 groups high-energy fireballs into a short time window.,Pattern source: high_energy_fireball_windows.csv. Reason: 3 high-energy fireballs; total energy 0.41 kt. Score: 62.05.,A high-energy window can be dominated by one large bolide and does not automatically prove a debris stream.,"Check whether the dates line up with known meteor showers, Taurid activity, Perseids, Geminids, Leonids, or sporadic fireball seasonality.",high_energy_fireball_windows.csv
121,high_energy_fireball_window,HEF_0049,HEF_0049,2015-10-04 to 2015-10-18,61.9,medium relative priority,HEF_0049 groups high-energy fireballs into a short time window.,Pattern source: high_energy_fireball_windows.csv. Reason: 3 high-energy fireballs; total energy 0.38 kt. Score: 61.9.,A high-energy window can be dominated by one large bolide and does not automatically prove a debris stream.,"Check whether the dates line up with known meteor showers, Taurid activity, Perseids, Geminids, Leonids, or sporadic fireball seasonality.",high_energy_fireball_windows.csv
122,repeating_close_approach_object,2022 YG,       (2022 YG),2001-Jul-17 14:36 to 2004-Jul-17 07:15,61.852,medium relative priority,       (2022 YG) appears multiple times in the close-approach dataset.,Pattern source: repeating_close_approach_objects.csv. Reason: 4 close approaches; minimum distance 0.018295035852 au. Score: 61.852.,Repeat appearance does not imply impact risk; it may simply mean a well-tracked object with a known Earth-crossing orbit.,"Look up the object in the JPL Small-Body Database and compare MOID, orbit class, diameter, and Sentry status.",repeating_close_approach_objects.csv
123,close_approach_window,CAW_0043,CAW_0043,2002-07-11 to 2002-07-25,61.852,medium relative priority,CAW_0043 groups multiple close approaches into a short time window.,Pattern source: close_approach_windows.csv. Reason: 3 close approaches; closest distance 0.01157412932 au. Score: 61.852.,Close-approach clustering can occur because the query covers known catalog objects and detection timing is not uniform.,"Check whether grouped objects share orbital elements, parent families, meteor streams, or discovery/observational bias.",close_approach_windows.csv
124,high_energy_fireball_window,HEF_0087,HEF_0087,2018-04-21 to 2018-05-05,61.85,medium relative priority,HEF_0087 groups high-energy fireballs into a short time window.,Pattern source: high_energy_fireball_windows.csv. Reason: 3 high-energy fireballs; total energy 0.37 kt. Score: 61.85.,A high-energy window can be dominated by one large bolide and does not automatically prove a debris stream.,"Check whether the dates line up with known meteor showers, Taurid activity, Perseids, Geminids, Leonids, or sporadic fireball seasonality.",high_energy_fireball_windows.csv
125,close_approach_window,CAW_0040,CAW_0040,2002-05-03 to 2002-05-17,61.598,medium relative priority,CAW_0040 groups multiple close approaches into a short time window.,Pattern source: close_approach_windows.csv. Reason: 2 close approaches; closest distance 0.004200767995 au. Score: 61.598.,Close-approach clustering can occur because the query covers known catalog objects and detection timing is not uniform.,"Check whether grouped objects share orbital elements, parent families, meteor streams, or discovery/observational bias.",close_approach_windows.csv
126,high_energy_fireball_window,HEF_0163,HEF_0163,2023-07-26 to 2023-08-09,61.2,medium relative priority,HEF_0163 groups high-energy fireballs into a short time window.,Pattern source: high_energy_fireball_windows.csv. Reason: 2 high-energy fireballs; total energy 4.24 kt. Score: 61.2.,A high-energy window can be dominated by one large bolide and does not automatically prove a debris stream.,"Check whether the dates line up with known meteor showers, Taurid activity, Perseids, Geminids, Leonids, or sporadic fireball seasonality.",high_energy_fireball_windows.csv
127,close_approach_window,CAW_0070,CAW_0070,2004-02-01 to 2004-02-15,60.829,medium relative priority,CAW_0070 groups multiple close approaches into a short time window.,Pattern source: close_approach_windows.csv. Reason: 2 close approaches; closest distance 0.00458544324 au. Score: 60.829.,Close-approach clustering can occur because the query covers known catalog objects and detection timing is not uniform.,"Check whether grouped objects share orbital elements, parent families, meteor streams, or discovery/observational bias.",close_approach_windows.csv
128,high_energy_fireball_window,HEF_0142,HEF_0142,2022-03-06 to 2022-03-20,59.7,low-to-medium relative priority,HEF_0142 groups high-energy fireballs into a short time window.,Pattern source: high_energy_fireball_windows.csv. Reason: 2 high-energy fireballs; total energy 3.94 kt. Score: 59.7.,A high-energy window can be dominated by one large bolide and does not automatically prove a debris stream.,"Check whether the dates line up with known meteor showers, Taurid activity, Perseids, Geminids, Leonids, or sporadic fireball seasonality.",high_energy_fireball_windows.csv
129,close_approach_window,CAW_0087,CAW_0087,2004-11-12 to 2004-11-26,59.423,low-to-medium relative priority,CAW_0087 groups multiple close approaches into a short time window.,Pattern source: close_approach_windows.csv. Reason: 2 close approaches; closest distance 0.005288347582 au. Score: 59.423.,Close-approach clustering can occur because the query covers known catalog objects and detection timing is not uniform.,"Check whether grouped objects share orbital elements, parent families, meteor streams, or discovery/observational bias.",close_approach_windows.csv
130,close_approach_window,CAW_0054,CAW_0054,2003-04-05 to 2003-04-19,58.54,low-to-medium relative priority,CAW_0054 groups multiple close approaches into a short time window.,Pattern source: close_approach_windows.csv. Reason: 3 close approaches; closest distance 0.013229882555 au. Score: 58.54.,Close-approach clustering can occur because the query covers known catalog objects and detection timing is not uniform.,"Check whether grouped objects share orbital elements, parent families, meteor streams, or discovery/observational bias.",close_approach_windows.csv
131,high_energy_fireball_window,HEF_0019,HEF_0019,2013-10-09 to 2013-10-23,58.45,low-to-medium relative priority,HEF_0019 groups high-energy fireballs into a short time window.,Pattern source: high_energy_fireball_windows.csv. Reason: 2 high-energy fireballs; total energy 3.69 kt. Score: 58.45.,A high-energy window can be dominated by one large bolide and does not automatically prove a debris stream.,"Check whether the dates line up with known meteor showers, Taurid activity, Perseids, Geminids, Leonids, or sporadic fireball seasonality.",high_energy_fireball_windows.csv
132,high_energy_fireball_window,HEF_0184,HEF_0184,2024-12-20 to 2025-01-03,57.55,low-to-medium relative priority,HEF_0184 groups high-energy fireballs into a short time window.,Pattern source: high_energy_fireball_windows.csv. Reason: 2 high-energy fireballs; total energy 3.51 kt. Score: 57.55.,A high-energy window can be dominated by one large bolide and does not automatically prove a debris stream.,"Check whether the dates line up with known meteor showers, Taurid activity, Perseids, Geminids, Leonids, or sporadic fireball seasonality.",high_energy_fireball_windows.csv
133,fireball_month_cluster,month_5,Month 5,month=5,56.417,low-to-medium relative priority,Month 5 is showing repeated fireball activity inside the fetched CNEOS fireball sample.,Pattern source: fireball_month_clusters.csv. Reason: 52 fireballs; total energy 25.07 kt. Score: 56.417.,"Monthly clustering can be affected by seasonal observation geometry, sensor coverage, reporting bias, and the limited 500-row sample.",Compare this month against known meteor showers and extend the fireball limit/date coverage.,fireball_month_clusters.csv
134,close_approach_window,CAW_0013,CAW_0013,2000-09-29 to 2000-10-13,56.267,low-to-medium relative priority,CAW_0013 groups multiple close approaches into a short time window.,Pattern source: close_approach_windows.csv. Reason: 2 close approaches; closest distance 0.006866522437 au. Score: 56.267.,Close-approach clustering can occur because the query covers known catalog objects and detection timing is not uniform.,"Check whether grouped objects share orbital elements, parent families, meteor streams, or discovery/observational bias.",close_approach_windows.csv
135,close_approach_window,CAW_0075,CAW_0075,2004-04-25 to 2004-05-09,56.011,low-to-medium relative priority,CAW_0075 groups multiple close approaches into a short time window.,Pattern source: close_approach_windows.csv. Reason: 2 close approaches; closest distance 0.006994374361 au. Score: 56.011.,Close-approach clustering can occur because the query covers known catalog objects and detection timing is not uniform.,"Check whether grouped objects share orbital elements, parent families, meteor streams, or discovery/observational bias.",close_approach_windows.csv
136,close_approach_window,CAW_0065,CAW_0065,2003-10-27 to 2003-11-10,55.196,low-to-medium relative priority,CAW_0065 groups multiple close approaches into a short time window.,Pattern source: close_approach_windows.csv. Reason: 2 close approaches; closest distance 0.007402242797 au. Score: 55.196.,Close-approach clustering can occur because the query covers known catalog objects and detection timing is not uniform.,"Check whether grouped objects share orbital elements, parent families, meteor streams, or discovery/observational bias.",close_approach_windows.csv
137,high_energy_fireball_window,HEF_0090,HEF_0090,2018-06-21 to 2018-07-05,54.5,low-to-medium relative priority,HEF_0090 groups high-energy fireballs into a short time window.,Pattern source: high_energy_fireball_windows.csv. Reason: 2 high-energy fireballs; total energy 2.9 kt. Score: 54.5.,A high-energy window can be dominated by one large bolide and does not automatically prove a debris stream.,"Check whether the dates line up with known meteor showers, Taurid activity, Perseids, Geminids, Leonids, or sporadic fireball seasonality.",high_energy_fireball_windows.csv
138,repeating_close_approach_object,2001 GO2,       (2001 GO2),2000-Apr-06 23:09 to 2002-Apr-08 07:58,53.555,low-to-medium relative priority,       (2001 GO2) appears multiple times in the close-approach dataset.,Pattern source: repeating_close_approach_objects.csv. Reason: 3 close approaches; minimum distance 0.016103420794 au. Score: 53.555.,Repeat appearance does not imply impact risk; it may simply mean a well-tracked object with a known Earth-crossing orbit.,"Look up the object in the JPL Small-Body Database and compare MOID, orbit class, diameter, and Sentry status.",repeating_close_approach_objects.csv
139,close_approach_window,CAW_0046,CAW_0046,2002-09-15 to 2002-09-29,53.411,low-to-medium relative priority,CAW_0046 groups multiple close approaches into a short time window.,Pattern source: close_approach_windows.csv. Reason: 3 close approaches; closest distance 0.01579466879 au. Score: 53.411.,Close-approach clustering can occur because the query covers known catalog objects and detection timing is not uniform.,"Check whether grouped objects share orbital elements, parent families, meteor streams, or discovery/observational bias.",close_approach_windows.csv
140,close_approach_window,CAW_0091,CAW_0091,2005-01-19 to 2005-02-02,53.134,low-to-medium relative priority,CAW_0091 groups multiple close approaches into a short time window.,Pattern source: close_approach_windows.csv. Reason: 2 close approaches; closest distance 0.008432944049 au. Score: 53.134.,Close-approach clustering can occur because the query covers known catalog objects and detection timing is not uniform.,"Check whether grouped objects share orbital elements, parent families, meteor streams, or discovery/observational bias.",close_approach_windows.csv
141,high_energy_fireball_window,HEF_0189,HEF_0189,2025-03-27 to 2025-04-10,52.95,low-to-medium relative priority,HEF_0189 groups high-energy fireballs into a short time window.,Pattern source: high_energy_fireball_windows.csv. Reason: 2 high-energy fireballs; total energy 2.59 kt. Score: 52.95.,A high-energy window can be dominated by one large bolide and does not automatically prove a debris stream.,"Check whether the dates line up with known meteor showers, Taurid activity, Perseids, Geminids, Leonids, or sporadic fireball seasonality.",high_energy_fireball_windows.csv
142,close_approach_window,CAW_0019,CAW_0019,2001-01-24 to 2001-02-07,52.527,low-to-medium relative priority,CAW_0019 groups multiple close approaches into a short time window.,Pattern source: close_approach_windows.csv. Reason: 2 close approaches; closest distance 0.008736647899 au. Score: 52.527.,Close-approach clustering can occur because the query covers known catalog objects and detection timing is not uniform.,"Check whether grouped objects share orbital elements, parent families, meteor streams, or discovery/observational bias.",close_approach_windows.csv
143,repeating_close_approach_object,2004 PU42,       (2004 PU42),2002-Aug-11 13:02 to 2004-Aug-15 07:32,52.515,low-to-medium relative priority,       (2004 PU42) appears multiple times in the close-approach dataset.,Pattern source: repeating_close_approach_objects.csv. Reason: 2 close approaches; minimum distance 0.005348995537 au. Score: 52.515.,Repeat appearance does not imply impact risk; it may simply mean a well-tracked object with a known Earth-crossing orbit.,"Look up the object in the JPL Small-Body Database and compare MOID, orbit class, diameter, and Sentry status.",repeating_close_approach_objects.csv
144,fireball_month_cluster,month_10,Month 10,month=10,51.383,low-to-medium relative priority,Month 10 is showing repeated fireball activity inside the fetched CNEOS fireball sample.,Pattern source: fireball_month_clusters.csv. Reason: 50 fireballs; total energy 16.71 kt. Score: 51.383.,"Monthly clustering can be affected by seasonal observation geometry, sensor coverage, reporting bias, and the limited 500-row sample.",Compare this month against known meteor showers and extend the fireball limit/date coverage.,fireball_month_clusters.csv
145,close_approach_window,CAW_0049,CAW_0049,2002-11-26 to 2002-12-10,50.358,low-to-medium relative priority,CAW_0049 groups multiple close approaches into a short time window.,Pattern source: close_approach_windows.csv. Reason: 2 close approaches; closest distance 0.009821241783 au. Score: 50.358.,Close-approach clustering can occur because the query covers known catalog objects and detection timing is not uniform.,"Check whether grouped objects share orbital elements, parent families, meteor streams, or discovery/observational bias.",close_approach_windows.csv
146,high_energy_fireball_window,HEF_0132,HEF_0132,2021-07-05 to 2021-07-19,49.85,low-to-medium relative priority,HEF_0132 groups high-energy fireballs into a short time window.,Pattern source: high_energy_fireball_windows.csv. Reason: 2 high-energy fireballs; total energy 1.97 kt. Score: 49.85.,A high-energy window can be dominated by one large bolide and does not automatically prove a debris stream.,"Check whether the dates line up with known meteor showers, Taurid activity, Perseids, Geminids, Leonids, or sporadic fireball seasonality.",high_energy_fireball_windows.csv
147,high_energy_fireball_window,HEF_0098,HEF_0098,2019-01-22 to 2019-02-05,49.3,low-to-medium relative priority,HEF_0098 groups high-energy fireballs into a short time window.,Pattern source: high_energy_fireball_windows.csv. Reason: 2 high-energy fireballs; total energy 1.86 kt. Score: 49.3.,A high-energy window can be dominated by one large bolide and does not automatically prove a debris stream.,"Check whether the dates line up with known meteor showers, Taurid activity, Perseids, Geminids, Leonids, or sporadic fireball seasonality.",high_energy_fireball_windows.csv
148,high_energy_fireball_window,HEF_0194,HEF_0194,2025-08-12 to 2025-08-26,48.75,low-to-medium relative priority,HEF_0194 groups high-energy fireballs into a short time window.,Pattern source: high_energy_fireball_windows.csv. Reason: 2 high-energy fireballs; total energy 1.75 kt. Score: 48.75.,A high-energy window can be dominated by one large bolide and does not automatically prove a debris stream.,"Check whether the dates line up with known meteor showers, Taurid activity, Perseids, Geminids, Leonids, or sporadic fireball seasonality.",high_energy_fireball_windows.csv
149,repeating_close_approach_object,367943,367943 Duende (2012 DA14),2003-Aug-18 07:57 to 2004-Aug-19 12:36,48.464,low-to-medium relative priority,367943 Duende (2012 DA14) appears multiple times in the close-approach dataset.,Pattern source: repeating_close_approach_objects.csv. Reason: 2 close approaches; minimum distance 0.008131098292 au. Score: 48.464.,Repeat appearance does not imply impact risk; it may simply mean a well-tracked object with a known Earth-crossing orbit.,"Look up the object in the JPL Small-Body Database and compare MOID, orbit class, diameter, and Sentry status.",repeating_close_approach_objects.csv
150,repeating_close_approach_object,2021 CZ3,       (2021 CZ3),2002-Aug-14 04:18 to 2004-Feb-12 02:06,48.083,low-to-medium relative priority,       (2021 CZ3) appears multiple times in the close-approach dataset.,Pattern source: repeating_close_approach_objects.csv. Reason: 2 close approaches; minimum distance 0.012080379619 au. Score: 48.083.,Repeat appearance does not imply impact risk; it may simply mean a well-tracked object with a known Earth-crossing orbit.,"Look up the object in the JPL Small-Body Database and compare MOID, orbit class, diameter, and Sentry status.",repeating_close_approach_objects.csv
151,close_approach_window,CAW_0045,CAW_0045,2002-08-18 to 2002-09-01,47.955,low-to-medium relative priority,CAW_0045 groups multiple close approaches into a short time window.,Pattern source: close_approach_windows.csv. Reason: 1 close approaches; closest distance 0.003522589176 au. Score: 47.955.,Close-approach clustering can occur because the query covers known catalog objects and detection timing is not uniform.,"Check whether grouped objects share orbital elements, parent families, meteor streams, or discovery/observational bias.",close_approach_windows.csv
152,high_energy_fireball_window,HEF_0061,HEF_0061,2016-06-27 to 2016-07-11,47.9,low-to-medium relative priority,HEF_0061 groups high-energy fireballs into a short time window.,Pattern source: high_energy_fireball_windows.csv. Reason: 2 high-energy fireballs; total energy 1.58 kt. Score: 47.9.,A high-energy window can be dominated by one large bolide and does not automatically prove a debris stream.,"Check whether the dates line up with known meteor showers, Taurid activity, Perseids, Geminids, Leonids, or sporadic fireball seasonality.",high_energy_fireball_windows.csv
153,repeating_close_approach_object,2001 XX4,       (2001 XX4),2001-Dec-07 10:33 to 2002-Dec-09 08:31,47.79,low-to-medium relative priority,       (2001 XX4) appears multiple times in the close-approach dataset.,Pattern source: repeating_close_approach_objects.csv. Reason: 2 close approaches; minimum distance 0.019492183224 au. Score: 47.79.,Repeat appearance does not imply impact risk; it may simply mean a well-tracked object with a known Earth-crossing orbit.,"Look up the object in the JPL Small-Body Database and compare MOID, orbit class, diameter, and Sentry status.",repeating_close_approach_objects.csv
154,repeating_close_approach_object,2022 JF,       (2022 JF),2003-May-03 18:19 to 2004-Nov-03 01:05,47.392,low-to-medium relative priority,       (2022 JF) appears multiple times in the close-approach dataset.,Pattern source: repeating_close_approach_objects.csv. Reason: 2 close approaches; minimum distance 0.018744779746 au. Score: 47.392.,Repeat appearance does not imply impact risk; it may simply mean a well-tracked object with a known Earth-crossing orbit.,"Look up the object in the JPL Small-Body Database and compare MOID, orbit class, diameter, and Sentry status.",repeating_close_approach_objects.csv
155,high_energy_fireball_window,HEF_0026,HEF_0026,2014-03-18 to 2014-04-01,47.15,low-to-medium relative priority,HEF_0026 groups high-energy fireballs into a short time window.,Pattern source: high_energy_fireball_windows.csv. Reason: 2 high-energy fireballs; total energy 1.43 kt. Score: 47.15.,A high-energy window can be dominated by one large bolide and does not automatically prove a debris stream.,"Check whether the dates line up with known meteor showers, Taurid activity, Perseids, Geminids, Leonids, or sporadic fireball seasonality.",high_energy_fireball_windows.csv
156,repeating_close_approach_object,2015 RT1,       (2015 RT1),2000-Aug-24 17:49 to 2003-Jan-05 08:39,46.982,low-to-medium relative priority,       (2015 RT1) appears multiple times in the close-approach dataset.,Pattern source: repeating_close_approach_objects.csv. Reason: 2 close approaches; minimum distance 0.011737892563 au. Score: 46.982.,Repeat appearance does not imply impact risk; it may simply mean a well-tracked object with a known Earth-crossing orbit.,"Look up the object in the JPL Small-Body Database and compare MOID, orbit class, diameter, and Sentry status.",repeating_close_approach_objects.csv
157,close_approach_window,CAW_0059,CAW_0059,2003-07-18 to 2003-08-01,46.854,low-to-medium relative priority,CAW_0059 groups multiple close approaches into a short time window.,Pattern source: close_approach_windows.csv. Reason: 2 close approaches; closest distance 0.011573118993 au. Score: 46.854.,Close-approach clustering can occur because the query covers known catalog objects and detection timing is not uniform.,"Check whether grouped objects share orbital elements, parent families, meteor streams, or discovery/observational bias.",close_approach_windows.csv
158,high_energy_fireball_window,HEF_0176,HEF_0176,2024-06-18 to 2024-07-02,46.65,low-to-medium relative priority,HEF_0176 groups high-energy fireballs into a short time window.,Pattern source: high_energy_fireball_windows.csv. Reason: 2 high-energy fireballs; total energy 1.33 kt. Score: 46.65.,A high-energy window can be dominated by one large bolide and does not automatically prove a debris stream.,"Check whether the dates line up with known meteor showers, Taurid activity, Perseids, Geminids, Leonids, or sporadic fireball seasonality.",high_energy_fireball_windows.csv
159,high_energy_fireball_window,HEF_0114,HEF_0114,2020-02-28 to 2020-03-13,46.45,low-to-medium relative priority,HEF_0114 groups high-energy fireballs into a short time window.,Pattern source: high_energy_fireball_windows.csv. Reason: 2 high-energy fireballs; total energy 1.29 kt. Score: 46.45.,A high-energy window can be dominated by one large bolide and does not automatically prove a debris stream.,"Check whether the dates line up with known meteor showers, Taurid activity, Perseids, Geminids, Leonids, or sporadic fireball seasonality.",high_energy_fireball_windows.csv
160,high_energy_fireball_window,HEF_0143,HEF_0143,2022-03-24 to 2022-04-07,46.1,low-to-medium relative priority,HEF_0143 groups high-energy fireballs into a short time window.,Pattern source: high_energy_fireball_windows.csv. Reason: 2 high-energy fireballs; total energy 1.22 kt. Score: 46.1.,A high-energy window can be dominated by one large bolide and does not automatically prove a debris stream.,"Check whether the dates line up with known meteor showers, Taurid activity, Perseids, Geminids, Leonids, or sporadic fireball seasonality.",high_energy_fireball_windows.csv
161,high_energy_fireball_window,HEF_0202,HEF_0202,2026-05-21 to 2026-06-04,46.1,low-to-medium relative priority,HEF_0202 groups high-energy fireballs into a short time window.,Pattern source: high_energy_fireball_windows.csv. Reason: 2 high-energy fireballs; total energy 1.22 kt. Score: 46.1.,A high-energy window can be dominated by one large bolide and does not automatically prove a debris stream.,"Check whether the dates line up with known meteor showers, Taurid activity, Perseids, Geminids, Leonids, or sporadic fireball seasonality.",high_energy_fireball_windows.csv
162,repeating_close_approach_object,2004 CZ1,       (2004 CZ1),2002-Jun-28 09:42 to 2004-Feb-24 16:02,46.04,low-to-medium relative priority,       (2004 CZ1) appears multiple times in the close-approach dataset.,Pattern source: repeating_close_approach_objects.csv. Reason: 2 close approaches; minimum distance 0.015981576808 au. Score: 46.04.,Repeat appearance does not imply impact risk; it may simply mean a well-tracked object with a known Earth-crossing orbit.,"Look up the object in the JPL Small-Body Database and compare MOID, orbit class, diameter, and Sentry status.",repeating_close_approach_objects.csv
163,repeating_close_approach_object,25143, 25143 Itokawa (1998 SF36),2001-Mar-29 18:37 to 2004-Jun-26 20:00,45.704,low-to-medium relative priority, 25143 Itokawa (1998 SF36) appears multiple times in the close-approach dataset.,Pattern source: repeating_close_approach_objects.csv. Reason: 2 close approaches; minimum distance 0.012896865253 au. Score: 45.704.,Repeat appearance does not imply impact risk; it may simply mean a well-tracked object with a known Earth-crossing orbit.,"Look up the object in the JPL Small-Body Database and compare MOID, orbit class, diameter, and Sentry status.",repeating_close_approach_objects.csv
164,high_energy_fireball_window,HEF_0070,HEF_0070,2017-02-06 to 2017-02-20,45.35,low-to-medium relative priority,HEF_0070 groups high-energy fireballs into a short time window.,Pattern source: high_energy_fireball_windows.csv. Reason: 2 high-energy fireballs; total energy 1.07 kt. Score: 45.35.,A high-energy window can be dominated by one large bolide and does not automatically prove a debris stream.,"Check whether the dates line up with known meteor showers, Taurid activity, Perseids, Geminids, Leonids, or sporadic fireball seasonality.",high_energy_fireball_windows.csv
165,repeating_close_approach_object,2017 XY2,       (2017 XY2),2002-Dec-15 16:36 to 2004-Jun-09 03:10,45.325,low-to-medium relative priority,       (2017 XY2) appears multiple times in the close-approach dataset.,Pattern source: repeating_close_approach_objects.csv. Reason: 2 close approaches; minimum distance 0.014635013331 au. Score: 45.325.,Repeat appearance does not imply impact risk; it may simply mean a well-tracked object with a known Earth-crossing orbit.,"Look up the object in the JPL Small-Body Database and compare MOID, orbit class, diameter, and Sentry status.",repeating_close_approach_objects.csv
166,high_energy_fireball_window,HEF_0001,HEF_0001,2012-05-04 to 2012-05-18,45.15,low-to-medium relative priority,HEF_0001 groups high-energy fireballs into a short time window.,Pattern source: high_energy_fireball_windows.csv. Reason: 2 high-energy fireballs; total energy 1.03 kt. Score: 45.15.,A high-energy window can be dominated by one large bolide and does not automatically prove a debris stream.,"Check whether the dates line up with known meteor showers, Taurid activity, Perseids, Geminids, Leonids, or sporadic fireball seasonality.",high_energy_fireball_windows.csv
167,high_energy_fireball_window,HEF_0006,HEF_0006,2012-09-11 to 2012-09-25,45.0,low-to-medium relative priority,HEF_0006 groups high-energy fireballs into a short time window.,Pattern source: high_energy_fireball_windows.csv. Reason: 2 high-energy fireballs; total energy 1.0 kt. Score: 45.0.,A high-energy window can be dominated by one large bolide and does not automatically prove a debris stream.,"Check whether the dates line up with known meteor showers, Taurid activity, Perseids, Geminids, Leonids, or sporadic fireball seasonality.",high_energy_fireball_windows.csv
168,repeating_close_approach_object,2001 FR85,       (2001 FR85),2001-Mar-23 07:48 to 2001-Sep-15 19:38,44.777,low-to-medium relative priority,       (2001 FR85) appears multiple times in the close-approach dataset.,Pattern source: repeating_close_approach_objects.csv. Reason: 2 close approaches; minimum distance 0.011161607206 au. Score: 44.777.,Repeat appearance does not imply impact risk; it may simply mean a well-tracked object with a known Earth-crossing orbit.,"Look up the object in the JPL Small-Body Database and compare MOID, orbit class, diameter, and Sentry status.",repeating_close_approach_objects.csv
169,repeating_close_approach_object,2020 KQ7,       (2020 KQ7),2000-Feb-09 10:11 to 2001-Jun-28 01:35,44.753,low-to-medium relative priority,       (2020 KQ7) appears multiple times in the close-approach dataset.,Pattern source: repeating_close_approach_objects.csv. Reason: 2 close approaches; minimum distance 0.011545593511 au. Score: 44.753.,Repeat appearance does not imply impact risk; it may simply mean a well-tracked object with a known Earth-crossing orbit.,"Look up the object in the JPL Small-Body Database and compare MOID, orbit class, diameter, and Sentry status.",repeating_close_approach_objects.csv
170,close_approach_window,CAW_0061,CAW_0061,2003-08-27 to 2003-09-10,44.503,low-to-medium relative priority,CAW_0061 groups multiple close approaches into a short time window.,Pattern source: close_approach_windows.csv. Reason: 1 close approaches; closest distance 0.005248421132 au. Score: 44.503.,Close-approach clustering can occur because the query covers known catalog objects and detection timing is not uniform.,"Check whether grouped objects share orbital elements, parent families, meteor streams, or discovery/observational bias.",close_approach_windows.csv
171,high_energy_fireball_window,HEF_0063,HEF_0063,2016-08-05 to 2016-08-19,44.5,low-to-medium relative priority,HEF_0063 groups high-energy fireballs into a short time window.,Pattern source: high_energy_fireball_windows.csv. Reason: 2 high-energy fireballs; total energy 0.9 kt. Score: 44.5.,A high-energy window can be dominated by one large bolide and does not automatically prove a debris stream.,"Check whether the dates line up with known meteor showers, Taurid activity, Perseids, Geminids, Leonids, or sporadic fireball seasonality.",high_energy_fireball_windows.csv
172,high_energy_fireball_window,HEF_0029,HEF_0029,2014-06-26 to 2014-07-10,44.35,low-to-medium relative priority,HEF_0029 groups high-energy fireballs into a short time window.,Pattern source: high_energy_fireball_windows.csv. Reason: 2 high-energy fireballs; total energy 0.87 kt. Score: 44.35.,A high-energy window can be dominated by one large bolide and does not automatically prove a debris stream.,"Check whether the dates line up with known meteor showers, Taurid activity, Perseids, Geminids, Leonids, or sporadic fireball seasonality.",high_energy_fireball_windows.csv
173,close_approach_window,CAW_0024,CAW_0024,2001-05-29 to 2001-06-12,44.21,low-to-medium relative priority,CAW_0024 groups multiple close approaches into a short time window.,Pattern source: close_approach_windows.csv. Reason: 2 close approaches; closest distance 0.012894969416 au. Score: 44.21.,Close-approach clustering can occur because the query covers known catalog objects and detection timing is not uniform.,"Check whether grouped objects share orbital elements, parent families, meteor streams, or discovery/observational bias.",close_approach_windows.csv
174,high_energy_fireball_window,HEF_0052,HEF_0052,2015-12-08 to 2015-12-22,44.15,low-to-medium relative priority,HEF_0052 groups high-energy fireballs into a short time window.,Pattern source: high_energy_fireball_windows.csv. Reason: 2 high-energy fireballs; total energy 0.83 kt. Score: 44.15.,A high-energy window can be dominated by one large bolide and does not automatically prove a debris stream.,"Check whether the dates line up with known meteor showers, Taurid activity, Perseids, Geminids, Leonids, or sporadic fireball seasonality.",high_energy_fireball_windows.csv
175,high_energy_fireball_window,HEF_0038,HEF_0038,2015-01-07 to 2015-01-21,44.1,low-to-medium relative priority,HEF_0038 groups high-energy fireballs into a short time window.,Pattern source: high_energy_fireball_windows.csv. Reason: 2 high-energy fireballs; total energy 0.82 kt. Score: 44.1.,A high-energy window can be dominated by one large bolide and does not automatically prove a debris stream.,"Check whether the dates line up with known meteor showers, Taurid activity, Perseids, Geminids, Leonids, or sporadic fireball seasonality.",high_energy_fireball_windows.csv
176,high_energy_fireball_window,HEF_0004,HEF_0004,2012-08-13 to 2012-08-27,44.05,low-to-medium relative priority,HEF_0004 groups high-energy fireballs into a short time window.,Pattern source: high_energy_fireball_windows.csv. Reason: 2 high-energy fireballs; total energy 0.81 kt. Score: 44.05.,A high-energy window can be dominated by one large bolide and does not automatically prove a debris stream.,"Check whether the dates line up with known meteor showers, Taurid activity, Perseids, Geminids, Leonids, or sporadic fireball seasonality.",high_energy_fireball_windows.csv
177,high_energy_fireball_window,HEF_0002,HEF_0002,2012-05-22 to 2012-06-05,44.0,low-to-medium relative priority,HEF_0002 groups high-energy fireballs into a short time window.,Pattern source: high_energy_fireball_windows.csv. Reason: 2 high-energy fireballs; total energy 0.8 kt. Score: 44.0.,A high-energy window can be dominated by one large bolide and does not automatically prove a debris stream.,"Check whether the dates line up with known meteor showers, Taurid activity, Perseids, Geminids, Leonids, or sporadic fireball seasonality.",high_energy_fireball_windows.csv
178,high_energy_fireball_window,HEF_0108,HEF_0108,2019-09-27 to 2019-10-11,43.9,low-to-medium relative priority,HEF_0108 groups high-energy fireballs into a short time window.,Pattern source: high_energy_fireball_windows.csv. Reason: 2 high-energy fireballs; total energy 0.78 kt. Score: 43.9.,A high-energy window can be dominated by one large bolide and does not automatically prove a debris stream.,"Check whether the dates line up with known meteor showers, Taurid activity, Perseids, Geminids, Leonids, or sporadic fireball seasonality.",high_energy_fireball_windows.csv
179,high_energy_fireball_window,HEF_0115,HEF_0115,2020-03-23 to 2020-04-06,43.7,low-to-medium relative priority,HEF_0115 groups high-energy fireballs into a short time window.,Pattern source: high_energy_fireball_windows.csv. Reason: 2 high-energy fireballs; total energy 0.74 kt. Score: 43.7.,A high-energy window can be dominated by one large bolide and does not automatically prove a debris stream.,"Check whether the dates line up with known meteor showers, Taurid activity, Perseids, Geminids, Leonids, or sporadic fireball seasonality.",high_energy_fireball_windows.csv
180,repeating_close_approach_object,2025 PN7,       (2025 PN7),2002-Aug-02 15:28 to 2004-Aug-04 17:26,43.605,low-to-medium relative priority,       (2025 PN7) appears multiple times in the close-approach dataset.,Pattern source: repeating_close_approach_objects.csv. Reason: 3 close approaches; minimum distance 0.029548615305 au. Score: 43.605.,Repeat appearance does not imply impact risk; it may simply mean a well-tracked object with a known Earth-crossing orbit.,"Look up the object in the JPL Small-Body Database and compare MOID, orbit class, diameter, and Sentry status.",repeating_close_approach_objects.csv
181,high_energy_fireball_window,HEF_0088,HEF_0088,2018-05-08 to 2018-05-22,43.6,low-to-medium relative priority,HEF_0088 groups high-energy fireballs into a short time window.,Pattern source: high_energy_fireball_windows.csv. Reason: 2 high-energy fireballs; total energy 0.72 kt. Score: 43.6.,A high-energy window can be dominated by one large bolide and does not automatically prove a debris stream.,"Check whether the dates line up with known meteor showers, Taurid activity, Perseids, Geminids, Leonids, or sporadic fireball seasonality.",high_energy_fireball_windows.csv
182,high_energy_fireball_window,HEF_0009,HEF_0009,2012-12-18 to 2013-01-01,43.5,low-to-medium relative priority,HEF_0009 groups high-energy fireballs into a short time window.,Pattern source: high_energy_fireball_windows.csv. Reason: 2 high-energy fireballs; total energy 0.7 kt. Score: 43.5.,A high-energy window can be dominated by one large bolide and does not automatically prove a debris stream.,"Check whether the dates line up with known meteor showers, Taurid activity, Perseids, Geminids, Leonids, or sporadic fireball seasonality.",high_energy_fireball_windows.csv
183,high_energy_fireball_window,HEF_0083,HEF_0083,2018-01-15 to 2018-01-29,43.25,low-to-medium relative priority,HEF_0083 groups high-energy fireballs into a short time window.,Pattern source: high_energy_fireball_windows.csv. Reason: 2 high-energy fireballs; total energy 0.65 kt. Score: 43.25.,A high-energy window can be dominated by one large bolide and does not automatically prove a debris stream.,"Check whether the dates line up with known meteor showers, Taurid activity, Perseids, Geminids, Leonids, or sporadic fireball seasonality.",high_energy_fireball_windows.csv
184,close_approach_window,CAW_0003,CAW_0003,2000-02-09 to 2000-02-23,43.245,low-to-medium relative priority,CAW_0003 groups multiple close approaches into a short time window.,Pattern source: close_approach_windows.csv. Reason: 2 close approaches; closest distance 0.01337753904 au. Score: 43.245.,Close-approach clustering can occur because the query covers known catalog objects and detection timing is not uniform.,"Check whether grouped objects share orbital elements, parent families, meteor streams, or discovery/observational bias.",close_approach_windows.csv
185,high_energy_fireball_window,HEF_0054,HEF_0054,2016-01-21 to 2016-02-04,43.1,low-to-medium relative priority,HEF_0054 groups high-energy fireballs into a short time window.,Pattern source: high_energy_fireball_windows.csv. Reason: 2 high-energy fireballs; total energy 0.62 kt. Score: 43.1.,A high-energy window can be dominated by one large bolide and does not automatically prove a debris stream.,"Check whether the dates line up with known meteor showers, Taurid activity, Perseids, Geminids, Leonids, or sporadic fireball seasonality.",high_energy_fireball_windows.csv
186,high_energy_fireball_window,HEF_0155,HEF_0155,2023-02-02 to 2023-02-16,43.1,low-to-medium relative priority,HEF_0155 groups high-energy fireballs into a short time window.,Pattern source: high_energy_fireball_windows.csv. Reason: 2 high-energy fireballs; total energy 0.62 kt. Score: 43.1.,A high-energy window can be dominated by one large bolide and does not automatically prove a debris stream.,"Check whether the dates line up with known meteor showers, Taurid activity, Perseids, Geminids, Leonids, or sporadic fireball seasonality.",high_energy_fireball_windows.csv
187,high_energy_fireball_window,HEF_0156,HEF_0156,2023-02-19 to 2023-03-05,43.0,low-to-medium relative priority,HEF_0156 groups high-energy fireballs into a short time window.,Pattern source: high_energy_fireball_windows.csv. Reason: 2 high-energy fireballs; total energy 0.6 kt. Score: 43.0.,A high-energy window can be dominated by one large bolide and does not automatically prove a debris stream.,"Check whether the dates line up with known meteor showers, Taurid activity, Perseids, Geminids, Leonids, or sporadic fireball seasonality.",high_energy_fireball_windows.csv
188,high_energy_fireball_window,HEF_0196,HEF_0196,2025-11-11 to 2025-11-25,43.0,low-to-medium relative priority,HEF_0196 groups high-energy fireballs into a short time window.,Pattern source: high_energy_fireball_windows.csv. Reason: 2 high-energy fireballs; total energy 0.6 kt. Score: 43.0.,A high-energy window can be dominated by one large bolide and does not automatically prove a debris stream.,"Check whether the dates line up with known meteor showers, Taurid activity, Perseids, Geminids, Leonids, or sporadic fireball seasonality.",high_energy_fireball_windows.csv
189,high_energy_fireball_window,HEF_0042,HEF_0042,2015-04-21 to 2015-05-05,42.95,low-to-medium relative priority,HEF_0042 groups high-energy fireballs into a short time window.,Pattern source: high_energy_fireball_windows.csv. Reason: 2 high-energy fireballs; total energy 0.59 kt. Score: 42.95.,A high-energy window can be dominated by one large bolide and does not automatically prove a debris stream.,"Check whether the dates line up with known meteor showers, Taurid activity, Perseids, Geminids, Leonids, or sporadic fireball seasonality.",high_energy_fireball_windows.csv
190,high_energy_fireball_window,HEF_0128,HEF_0128,2021-03-05 to 2021-03-19,42.9,low-to-medium relative priority,HEF_0128 groups high-energy fireballs into a short time window.,Pattern source: high_energy_fireball_windows.csv. Reason: 2 high-energy fireballs; total energy 0.58 kt. Score: 42.9.,A high-energy window can be dominated by one large bolide and does not automatically prove a debris stream.,"Check whether the dates line up with known meteor showers, Taurid activity, Perseids, Geminids, Leonids, or sporadic fireball seasonality.",high_energy_fireball_windows.csv
191,high_energy_fireball_window,HEF_0183,HEF_0183,2024-11-29 to 2024-12-13,42.85,low-to-medium relative priority,HEF_0183 groups high-energy fireballs into a short time window.,Pattern source: high_energy_fireball_windows.csv. Reason: 2 high-energy fireballs; total energy 0.57 kt. Score: 42.85.,A high-energy window can be dominated by one large bolide and does not automatically prove a debris stream.,"Check whether the dates line up with known meteor showers, Taurid activity, Perseids, Geminids, Leonids, or sporadic fireball seasonality.",high_energy_fireball_windows.csv
192,high_energy_fireball_window,HEF_0109,HEF_0109,2019-10-22 to 2019-11-05,42.8,low-to-medium relative priority,HEF_0109 groups high-energy fireballs into a short time window.,Pattern source: high_energy_fireball_windows.csv. Reason: 2 high-energy fireballs; total energy 0.56 kt. Score: 42.8.,A high-energy window can be dominated by one large bolide and does not automatically prove a debris stream.,"Check whether the dates line up with known meteor showers, Taurid activity, Perseids, Geminids, Leonids, or sporadic fireball seasonality.",high_energy_fireball_windows.csv
193,repeating_close_approach_object,2002 PN,       (2002 PN),2002-Aug-04 13:32 to 2004-Jan-28 19:47,42.776,low-to-medium relative priority,       (2002 PN) appears multiple times in the close-approach dataset.,Pattern source: repeating_close_approach_objects.csv. Reason: 2 close approaches; minimum distance 0.016225340456 au. Score: 42.776.,Repeat appearance does not imply impact risk; it may simply mean a well-tracked object with a known Earth-crossing orbit.,"Look up the object in the JPL Small-Body Database and compare MOID, orbit class, diameter, and Sentry status.",repeating_close_approach_objects.csv
194,high_energy_fireball_window,HEF_0199,HEF_0199,2026-03-17 to 2026-03-31,42.7,low-to-medium relative priority,HEF_0199 groups high-energy fireballs into a short time window.,Pattern source: high_energy_fireball_windows.csv. Reason: 2 high-energy fireballs; total energy 0.54 kt. Score: 42.7.,A high-energy window can be dominated by one large bolide and does not automatically prove a debris stream.,"Check whether the dates line up with known meteor showers, Taurid activity, Perseids, Geminids, Leonids, or sporadic fireball seasonality.",high_energy_fireball_windows.csv
195,close_approach_window,CAW_0002,CAW_0002,2000-01-24 to 2000-02-07,42.665,low-to-medium relative priority,CAW_0002 groups multiple close approaches into a short time window.,Pattern source: close_approach_windows.csv. Reason: 2 close approaches; closest distance 0.013667666531 au. Score: 42.665.,Close-approach clustering can occur because the query covers known catalog objects and detection timing is not uniform.,"Check whether grouped objects share orbital elements, parent families, meteor streams, or discovery/observational bias.",close_approach_windows.csv
196,high_energy_fireball_window,HEF_0138,HEF_0138,2021-12-20 to 2022-01-03,42.65,low-to-medium relative priority,HEF_0138 groups high-energy fireballs into a short time window.,Pattern source: high_energy_fireball_windows.csv. Reason: 2 high-energy fireballs; total energy 0.53 kt. Score: 42.65.,A high-energy window can be dominated by one large bolide and does not automatically prove a debris stream.,"Check whether the dates line up with known meteor showers, Taurid activity, Perseids, Geminids, Leonids, or sporadic fireball seasonality.",high_energy_fireball_windows.csv
197,high_energy_fireball_window,HEF_0073,HEF_0073,2017-04-30 to 2017-05-14,42.6,low-to-medium relative priority,HEF_0073 groups high-energy fireballs into a short time window.,Pattern source: high_energy_fireball_windows.csv. Reason: 2 high-energy fireballs; total energy 0.52 kt. Score: 42.6.,A high-energy window can be dominated by one large bolide and does not automatically prove a debris stream.,"Check whether the dates line up with known meteor showers, Taurid activity, Perseids, Geminids, Leonids, or sporadic fireball seasonality.",high_energy_fireball_windows.csv
198,high_energy_fireball_window,HEF_0141,HEF_0141,2022-02-17 to 2022-03-03,42.6,low-to-medium relative priority,HEF_0141 groups high-energy fireballs into a short time window.,Pattern source: high_energy_fireball_windows.csv. Reason: 2 high-energy fireballs; total energy 0.52 kt. Score: 42.6.,A high-energy window can be dominated by one large bolide and does not automatically prove a debris stream.,"Check whether the dates line up with known meteor showers, Taurid activity, Perseids, Geminids, Leonids, or sporadic fireball seasonality.",high_energy_fireball_windows.csv
199,high_energy_fireball_window,HEF_0003,HEF_0003,2012-07-25 to 2012-08-08,42.5,low-to-medium relative priority,HEF_0003 groups high-energy fireballs into a short time window.,Pattern source: high_energy_fireball_windows.csv. Reason: 2 high-energy fireballs; total energy 0.5 kt. Score: 42.5.,A high-energy window can be dominated by one large bolide and does not automatically prove a debris stream.,"Check whether the dates line up with known meteor showers, Taurid activity, Perseids, Geminids, Leonids, or sporadic fireball seasonality.",high_energy_fireball_windows.csv
200,high_energy_fireball_window,HEF_0180,HEF_0180,2024-09-23 to 2024-10-07,42.5,low-to-medium relative priority,HEF_0180 groups high-energy fireballs into a short time window.,Pattern source: high_energy_fireball_windows.csv. Reason: 2 high-energy fireballs; total energy 0.5 kt. Score: 42.5.,A high-energy window can be dominated by one large bolide and does not automatically prove a debris stream.,"Check whether the dates line up with known meteor showers, Taurid activity, Perseids, Geminids, Leonids, or sporadic fireball seasonality.",high_energy_fireball_windows.csv
201,high_energy_fireball_window,HEF_0065,HEF_0065,2016-09-14 to 2016-09-28,42.35,low-to-medium relative priority,HEF_0065 groups high-energy fireballs into a short time window.,Pattern source: high_energy_fireball_windows.csv. Reason: 2 high-energy fireballs; total energy 0.47 kt. Score: 42.35.,A high-energy window can be dominated by one large bolide and does not automatically prove a debris stream.,"Check whether the dates line up with known meteor showers, Taurid activity, Perseids, Geminids, Leonids, or sporadic fireball seasonality.",high_energy_fireball_windows.csv
202,high_energy_fireball_window,HEF_0118,HEF_0118,2020-07-12 to 2020-07-26,42.2,low-to-medium relative priority,HEF_0118 groups high-energy fireballs into a short time window.,Pattern source: high_energy_fireball_windows.csv. Reason: 2 high-energy fireballs; total energy 0.44 kt. Score: 42.2.,A high-energy window can be dominated by one large bolide and does not automatically prove a debris stream.,"Check whether the dates line up with known meteor showers, Taurid activity, Perseids, Geminids, Leonids, or sporadic fireball seasonality.",high_energy_fireball_windows.csv
203,high_energy_fireball_window,HEF_0030,HEF_0030,2014-07-29 to 2014-08-12,42.15,low-to-medium relative priority,HEF_0030 groups high-energy fireballs into a short time window.,Pattern source: high_energy_fireball_windows.csv. Reason: 2 high-energy fireballs; total energy 0.43 kt. Score: 42.15.,A high-energy window can be dominated by one large bolide and does not automatically prove a debris stream.,"Check whether the dates line up with known meteor showers, Taurid activity, Perseids, Geminids, Leonids, or sporadic fireball seasonality.",high_energy_fireball_windows.csv
204,high_energy_fireball_window,HEF_0074,HEF_0074,2017-05-22 to 2017-06-05,42.15,low-to-medium relative priority,HEF_0074 groups high-energy fireballs into a short time window.,Pattern source: high_energy_fireball_windows.csv. Reason: 2 high-energy fireballs; total energy 0.43 kt. Score: 42.15.,A high-energy window can be dominated by one large bolide and does not automatically prove a debris stream.,"Check whether the dates line up with known meteor showers, Taurid activity, Perseids, Geminids, Leonids, or sporadic fireball seasonality.",high_energy_fireball_windows.csv
205,high_energy_fireball_window,HEF_0071,HEF_0071,2017-02-22 to 2017-03-08,42.05,low-to-medium relative priority,HEF_0071 groups high-energy fireballs into a short time window.,Pattern source: high_energy_fireball_windows.csv. Reason: 2 high-energy fireballs; total energy 0.41 kt. Score: 42.05.,A high-energy window can be dominated by one large bolide and does not automatically prove a debris stream.,"Check whether the dates line up with known meteor showers, Taurid activity, Perseids, Geminids, Leonids, or sporadic fireball seasonality.",high_energy_fireball_windows.csv
206,high_energy_fireball_window,HEF_0146,HEF_0146,2022-06-14 to 2022-06-28,42.05,low-to-medium relative priority,HEF_0146 groups high-energy fireballs into a short time window.,Pattern source: high_energy_fireball_windows.csv. Reason: 2 high-energy fireballs; total energy 0.41 kt. Score: 42.05.,A high-energy window can be dominated by one large bolide and does not automatically prove a debris stream.,"Check whether the dates line up with known meteor showers, Taurid activity, Perseids, Geminids, Leonids, or sporadic fireball seasonality.",high_energy_fireball_windows.csv
207,high_energy_fireball_window,HEF_0076,HEF_0076,2017-07-13 to 2017-07-27,41.85,low-to-medium relative priority,HEF_0076 groups high-energy fireballs into a short time window.,Pattern source: high_energy_fireball_windows.csv. Reason: 2 high-energy fireballs; total energy 0.37 kt. Score: 41.85.,A high-energy window can be dominated by one large bolide and does not automatically prove a debris stream.,"Check whether the dates line up with known meteor showers, Taurid activity, Perseids, Geminids, Leonids, or sporadic fireball seasonality.",high_energy_fireball_windows.csv
208,high_energy_fireball_window,HEF_0133,HEF_0133,2021-07-29 to 2021-08-12,41.8,low-to-medium relative priority,HEF_0133 groups high-energy fireballs into a short time window.,Pattern source: high_energy_fireball_windows.csv. Reason: 2 high-energy fireballs; total energy 0.36 kt. Score: 41.8.,A high-energy window can be dominated by one large bolide and does not automatically prove a debris stream.,"Check whether the dates line up with known meteor showers, Taurid activity, Perseids, Geminids, Leonids, or sporadic fireball seasonality.",high_energy_fireball_windows.csv
209,high_energy_fireball_window,HEF_0101,HEF_0101,2019-04-06 to 2019-04-20,41.7,low-to-medium relative priority,HEF_0101 groups high-energy fireballs into a short time window.,Pattern source: high_energy_fireball_windows.csv. Reason: 2 high-energy fireballs; total energy 0.34 kt. Score: 41.7.,A high-energy window can be dominated by one large bolide and does not automatically prove a debris stream.,"Check whether the dates line up with known meteor showers, Taurid activity, Perseids, Geminids, Leonids, or sporadic fireball seasonality.",high_energy_fireball_windows.csv
210,high_energy_fireball_window,HEF_0150,HEF_0150,2022-10-20 to 2022-11-03,41.65,low-to-medium relative priority,HEF_0150 groups high-energy fireballs into a short time window.,Pattern source: high_energy_fireball_windows.csv. Reason: 2 high-energy fireballs; total energy 0.33 kt. Score: 41.65.,A high-energy window can be dominated by one large bolide and does not automatically prove a debris stream.,"Check whether the dates line up with known meteor showers, Taurid activity, Perseids, Geminids, Leonids, or sporadic fireball seasonality.",high_energy_fireball_windows.csv
211,high_energy_fireball_window,HEF_0082,HEF_0082,2017-12-31 to 2018-01-14,41.6,low-to-medium relative priority,HEF_0082 groups high-energy fireballs into a short time window.,Pattern source: high_energy_fireball_windows.csv. Reason: 2 high-energy fireballs; total energy 0.32 kt. Score: 41.6.,A high-energy window can be dominated by one large bolide and does not automatically prove a debris stream.,"Check whether the dates line up with known meteor showers, Taurid activity, Perseids, Geminids, Leonids, or sporadic fireball seasonality.",high_energy_fireball_windows.csv
212,high_energy_fireball_window,HEF_0100,HEF_0100,2019-03-15 to 2019-03-29,41.6,low-to-medium relative priority,HEF_0100 groups high-energy fireballs into a short time window.,Pattern source: high_energy_fireball_windows.csv. Reason: 2 high-energy fireballs; total energy 0.32 kt. Score: 41.6.,A high-energy window can be dominated by one large bolide and does not automatically prove a debris stream.,"Check whether the dates line up with known meteor showers, Taurid activity, Perseids, Geminids, Leonids, or sporadic fireball seasonality.",high_energy_fireball_windows.csv
213,repeating_close_approach_object,2025 SY1,       (2025 SY1),2001-Apr-30 03:52 to 2004-Sep-17 18:12,41.566,low-to-medium relative priority,       (2025 SY1) appears multiple times in the close-approach dataset.,Pattern source: repeating_close_approach_objects.csv. Reason: 2 close approaches; minimum distance 0.020341750518 au. Score: 41.566.,Repeat appearance does not imply impact risk; it may simply mean a well-tracked object with a known Earth-crossing orbit.,"Look up the object in the JPL Small-Body Database and compare MOID, orbit class, diameter, and Sentry status.",repeating_close_approach_objects.csv
214,high_energy_fireball_window,HEF_0198,HEF_0198,2026-01-30 to 2026-02-13,41.55,low-to-medium relative priority,HEF_0198 groups high-energy fireballs into a short time window.,Pattern source: high_energy_fireball_windows.csv. Reason: 2 high-energy fireballs; total energy 0.31 kt. Score: 41.55.,A high-energy window can be dominated by one large bolide and does not automatically prove a debris stream.,"Check whether the dates line up with known meteor showers, Taurid activity, Perseids, Geminids, Leonids, or sporadic fireball seasonality.",high_energy_fireball_windows.csv
215,high_energy_fireball_window,HEF_0099,HEF_0099,2019-02-18 to 2019-03-04,41.5,low-to-medium relative priority,HEF_0099 groups high-energy fireballs into a short time window.,Pattern source: high_energy_fireball_windows.csv. Reason: 1 high-energy fireballs; total energy 4.3 kt. Score: 41.5.,A high-energy window can be dominated by one large bolide and does not automatically prove a debris stream.,"Check whether the dates line up with known meteor showers, Taurid activity, Perseids, Geminids, Leonids, or sporadic fireball seasonality.",high_energy_fireball_windows.csv
216,high_energy_fireball_window,HEF_0187,HEF_0187,2025-02-22 to 2025-03-08,41.5,low-to-medium relative priority,HEF_0187 groups high-energy fireballs into a short time window.,Pattern source: high_energy_fireball_windows.csv. Reason: 2 high-energy fireballs; total energy 0.3 kt. Score: 41.5.,A high-energy window can be dominated by one large bolide and does not automatically prove a debris stream.,"Check whether the dates line up with known meteor showers, Taurid activity, Perseids, Geminids, Leonids, or sporadic fireball seasonality.",high_energy_fireball_windows.csv
217,high_energy_fireball_window,HEF_0130,HEF_0130,2021-05-02 to 2021-05-16,41.4,low-to-medium relative priority,HEF_0130 groups high-energy fireballs into a short time window.,Pattern source: high_energy_fireball_windows.csv. Reason: 2 high-energy fireballs; total energy 0.28 kt. Score: 41.4.,A high-energy window can be dominated by one large bolide and does not automatically prove a debris stream.,"Check whether the dates line up with known meteor showers, Taurid activity, Perseids, Geminids, Leonids, or sporadic fireball seasonality.",high_energy_fireball_windows.csv
218,high_energy_fireball_window,HEF_0137,HEF_0137,2021-11-28 to 2021-12-12,41.35,low-to-medium relative priority,HEF_0137 groups high-energy fireballs into a short time window.,Pattern source: high_energy_fireball_windows.csv. Reason: 2 high-energy fireballs; total energy 0.27 kt. Score: 41.35.,A high-energy window can be dominated by one large bolide and does not automatically prove a debris stream.,"Check whether the dates line up with known meteor showers, Taurid activity, Perseids, Geminids, Leonids, or sporadic fireball seasonality.",high_energy_fireball_windows.csv
219,high_energy_fireball_window,HEF_0037,HEF_0037,2014-12-12 to 2014-12-26,41.3,low-to-medium relative priority,HEF_0037 groups high-energy fireballs into a short time window.,Pattern source: high_energy_fireball_windows.csv. Reason: 2 high-energy fireballs; total energy 0.26 kt. Score: 41.3.,A high-energy window can be dominated by one large bolide and does not automatically prove a debris stream.,"Check whether the dates line up with known meteor showers, Taurid activity, Perseids, Geminids, Leonids, or sporadic fireball seasonality.",high_energy_fireball_windows.csv
220,high_energy_fireball_window,HEF_0174,HEF_0174,2024-05-05 to 2024-05-19,41.3,low-to-medium relative priority,HEF_0174 groups high-energy fireballs into a short time window.,Pattern source: high_energy_fireball_windows.csv. Reason: 2 high-energy fireballs; total energy 0.26 kt. Score: 41.3.,A high-energy window can be dominated by one large bolide and does not automatically prove a debris stream.,"Check whether the dates line up with known meteor showers, Taurid activity, Perseids, Geminids, Leonids, or sporadic fireball seasonality.",high_energy_fireball_windows.csv
221,high_energy_fireball_window,HEF_0186,HEF_0186,2025-02-02 to 2025-02-16,41.3,low-to-medium relative priority,HEF_0186 groups high-energy fireballs into a short time window.,Pattern source: high_energy_fireball_windows.csv. Reason: 2 high-energy fireballs; total energy 0.26 kt. Score: 41.3.,A high-energy window can be dominated by one large bolide and does not automatically prove a debris stream.,"Check whether the dates line up with known meteor showers, Taurid activity, Perseids, Geminids, Leonids, or sporadic fireball seasonality.",high_energy_fireball_windows.csv
222,high_energy_fireball_window,HEF_0159,HEF_0159,2023-04-26 to 2023-05-10,41.2,low-to-medium relative priority,HEF_0159 groups high-energy fireballs into a short time window.,Pattern source: high_energy_fireball_windows.csv. Reason: 2 high-energy fireballs; total energy 0.24 kt. Score: 41.2.,A high-energy window can be dominated by one large bolide and does not automatically prove a debris stream.,"Check whether the dates line up with known meteor showers, Taurid activity, Perseids, Geminids, Leonids, or sporadic fireball seasonality.",high_energy_fireball_windows.csv
223,high_energy_fireball_window,HEF_0106,HEF_0106,2019-08-16 to 2019-08-30,41.15,low-to-medium relative priority,HEF_0106 groups high-energy fireballs into a short time window.,Pattern source: high_energy_fireball_windows.csv. Reason: 2 high-energy fireballs; total energy 0.23 kt. Score: 41.15.,A high-energy window can be dominated by one large bolide and does not automatically prove a debris stream.,"Check whether the dates line up with known meteor showers, Taurid activity, Perseids, Geminids, Leonids, or sporadic fireball seasonality.",high_energy_fireball_windows.csv
224,high_energy_fireball_window,HEF_0144,HEF_0144,2022-04-12 to 2022-04-26,41.1,low-to-medium relative priority,HEF_0144 groups high-energy fireballs into a short time window.,Pattern source: high_energy_fireball_windows.csv. Reason: 2 high-energy fireballs; total energy 0.22 kt. Score: 41.1.,A high-energy window can be dominated by one large bolide and does not automatically prove a debris stream.,"Check whether the dates line up with known meteor showers, Taurid activity, Perseids, Geminids, Leonids, or sporadic fireball seasonality.",high_energy_fireball_windows.csv
225,repeating_close_approach_object,2020 DK,       (2020 DK),2000-Mar-11 10:50 to 2004-Mar-08 13:42,40.626,low-to-medium relative priority,       (2020 DK) appears multiple times in the close-approach dataset.,Pattern source: repeating_close_approach_objects.csv. Reason: 2 close approaches; minimum distance 0.024188605712 au. Score: 40.626.,Repeat appearance does not imply impact risk; it may simply mean a well-tracked object with a known Earth-crossing orbit.,"Look up the object in the JPL Small-Body Database and compare MOID, orbit class, diameter, and Sentry status.",repeating_close_approach_objects.csv
